{"type":"FeatureCollection","features":[{"type":"Feature","geometry":{"type":"Point","coordinates":[-88.3011,44.2717]},"properties":{"type":"non-renewable","subtype":"gas","name":"Combined Locks Energy Center","operator":"Appleton Coated LLC","capacity":"67 MW","capacity_num":66.5,"status":"Active"}},{"type":"Feature","geometry":{"type":"Point","coordinates":[-96.956014,28.675088]},"properties":{"type":"non-renewable","subtype":"gas","name":"Victoria Texas Plant","operator":"Invista","capacity":"102 MW","capacity_num":102.4,"status":"Active"}},{"type":"Feature","geometry":{"type":"Point","coordinates":[-96.7706,28.5105]},"properties":{"type":"non-renewable","subtype":"gas","name":"Union Carbide Seadrift Cogen","operator":"Union Carbide Corp-Seadrift","capacity":"168 MW","capacity_num":168,"status":"Active"}},{"type":"Feature","geometry":{"type":"Point","coordinates":[-83.0001928,42.3255031]},"properties":{"type":"non-renewable","subtype":"gas","name":"East Windsor Cogeneration Centre","operator":"Capital Power","capacity":"92 MW","capacity_num":92,"status":"Active"}},{"type":"Feature","geometry":{"type":"Point","coordinates":[-120.8501459,35.2118732]},"properties":{"type":"nuclear","subtype":"nuclear","name":"Diablo Canyon Power Plant","operator":"Pacific Gas and Electric Company","capacity":"2323 MW","capacity_num":2323,"status":"Active"}},{"type":"Feature","geometry":{"type":"Point","coordinates":[-79.0632238,43.8111636]},"properties":{"type":"nuclear","subtype":"nuclear","name":"Pickering Nuclear Generating Station","operator":"Ontario Power Generation","capacity":"2086 MW","capacity_num":2086,"status":"Active"}},{"type":"Feature","geometry":{"type":"Point","coordinates":[-93.2316973,35.3130923]},"properties":{"type":"nuclear","subtype":"nuclear","name":"Arkansas Nuclear One","operator":"Entergy Arkansas","capacity":"1824 MW","capacity_num":1824,"status":"Active"}},{"type":"Feature","geometry":{"type":"Point","coordinates":[-88.2291965,41.2437027]},"properties":{"type":"nuclear","subtype":"nuclear","name":"Braidwood Nuclear Generating Station","operator":"Exelon Nuclear","capacity":"2450 MW","capacity_num":2449.8,"status":"Active"}},{"type":"Feature","geometry":{"type":"Point","coordinates":[-84.4844748,42.7178354]},"properties":{"type":"non-renewable","subtype":"gas","name":"T. B. Simon Power Plant","operator":"Michigan State University","capacity":"99 MW","capacity_num":99.3,"status":"Active"}},{"type":"Feature","geometry":{"type":"Point","coordinates":[-118.4237261,33.9084596]},"properties":{"type":"non-renewable","subtype":"gas","name":"El Segundo Energy Center","operator":"El Segundo Energy Center, LLC","capacity":"537 MW","capacity_num":537.4,"status":"Active"}},{"type":"Feature","geometry":{"type":"Point","coordinates":[-118.4256953,33.9183851]},"properties":{"type":"non-renewable","subtype":"gas","name":"Scattergood Generating Station","operator":"Los Angeles Department of Water and Power","capacity":"876 MW","capacity_num":876,"status":"Active"}},{"type":"Feature","geometry":{"type":"Point","coordinates":[-118.1010124,33.7664669]},"properties":{"type":"non-renewable","subtype":"gas","name":"Alamitos Generating Station","operator":"AES","capacity":"1893 MW","capacity_num":1893,"status":"Active"}},{"type":"Feature","geometry":{"type":"Point","coordinates":[-118.0947518,33.7668546]},"properties":{"type":"non-renewable","subtype":"gas","name":"Haynes Generating Station","operator":"Los Angeles Department of Water and Power","capacity":"1739 MW","capacity_num":1739.1,"status":"Active"}},{"type":"Feature","geometry":{"type":"Point","coordinates":[-115.0506168,36.0875706]},"properties":{"type":"non-renewable","subtype":"gas","name":"Edward W. Clark Generating Station","operator":"Nevada Power Co","capacity":"1376 MW","capacity_num":1375.6,"status":"Active"}},{"type":"Feature","geometry":{"type":"Point","coordinates":[-84.8036822,39.1146136]},"properties":{"type":"non-renewable","subtype":"coal","name":"Miami Fort Station","operator":"Duke Energy","capacity":"1181 MW","capacity_num":1180.8,"status":"Active"}},{"type":"Feature","geometry":{"type":"Point","coordinates":[-84.8509878,38.9050678]},"properties":{"type":"non-renewable","subtype":"coal","name":"East Bend Power Plant","operator":"Duke Energy","capacity":"772 MW","capacity_num":772,"status":"Active"}},{"type":"Feature","geometry":{"type":"Point","coordinates":[-112.8647563,33.386522]},"properties":{"type":"nuclear","subtype":"nuclear","name":"Palo Verde Nuclear Generating Station","operator":"Arizona Public Service","capacity":"3937 MW","capacity_num":3937,"status":"Active"}},{"type":"Feature","geometry":{"type":"Point","coordinates":[-96.9364304,32.7251793]},"properties":{"type":"non-renewable","subtype":"gas","name":"Mountain Creek Generating Station","operator":"Exelon","capacity":"808 MW","capacity_num":808,"status":"Active"}},{"type":"Feature","geometry":{"type":"Point","coordinates":[-71.1383127,42.6492669]},"properties":{"type":"non-renewable","subtype":"gas","name":"Phillips Academy Power Plant","operator":"Multiple/Unknown","capacity":"100 MW","capacity_num":100,"status":"Active"}},{"type":"Feature","geometry":{"type":"Point","coordinates":[-121.7461277,37.2202675]},"properties":{"type":"non-renewable","subtype":"gas","name":"Metcalf Energy Center","operator":"Calpine","capacity":"635 MW","capacity_num":635,"status":"Active"}},{"type":"Feature","geometry":{"type":"Point","coordinates":[-111.9134295,33.425591]},"properties":{"type":"non-renewable","subtype":"gas","name":"APS Ocotillo Power Plant","operator":"Arizona Public Service","capacity":"653 MW","capacity_num":653,"status":"Active"}},{"type":"Feature","geometry":{"type":"Point","coordinates":[-81.5441372,31.2158693]},"properties":{"type":"non-renewable","subtype":"oil","name":"Plant McManus","operator":"Georgia Power","capacity":"480 MW","capacity_num":480,"status":"Active"}},{"type":"Feature","geometry":{"type":"Point","coordinates":[-111.7557937,40.331441]},"properties":{"type":"non-renewable","subtype":"gas","name":"Lake Side Power Plant","operator":"PacifiCorp","capacity":"1385 MW","capacity_num":1385,"status":"Active"}},{"type":"Feature","geometry":{"type":"Point","coordinates":[-89.0225577,30.4360473]},"properties":{"type":"non-renewable","subtype":"gas","name":"Plant Jack Watson","operator":"Mississippi Power Company","capacity":"762 MW","capacity_num":762.2,"status":"Active"}},{"type":"Feature","geometry":{"type":"Point","coordinates":[-118.314573,34.1784913]},"properties":{"type":"non-renewable","subtype":"gas","name":"Magnolia Power Project","operator":"City of Burbank Water and Power","capacity":"388 MW","capacity_num":387.6,"status":"Active"}},{"type":"Feature","geometry":{"type":"Point","coordinates":[-118.3145119,34.176699]},"properties":{"type":"non-renewable","subtype":"gas","name":"Olive Power Plant","operator":"City of Burbank Water and Power","capacity":"110 MW","capacity_num":109.7,"status":"Active"}},{"type":"Feature","geometry":{"type":"Point","coordinates":[-118.2793352,34.1565299]},"properties":{"type":"non-renewable","subtype":"gas","name":"Grayson Power Plant","operator":"City of Glendale Water & Power","capacity":"301 MW","capacity_num":300.9,"status":"Active"}},{"type":"Feature","geometry":{"type":"Point","coordinates":[-78.9463989,36.0052789]},"properties":{"type":"non-renewable","subtype":"gas","name":"Chiller Plant 2","operator":"Multiple/Unknown","capacity":"100 MW","capacity_num":100,"status":"Active"}},{"type":"Feature","geometry":{"type":"Point","coordinates":[-121.124257,38.3378139]},"properties":{"type":"non-renewable","subtype":"gas","name":"Cosumnes Power Plant","operator":"Sacramento Municipal Utility District","capacity":"557 MW","capacity_num":556.8,"status":"Active"}},{"type":"Feature","geometry":{"type":"Point","coordinates":[-83.1770996,39.7129021]},"properties":{"type":"non-renewable","subtype":"gas","name":"Darby Generating Station","operator":"Lightstone Generation LLC","capacity":"564 MW","capacity_num":564,"status":"Active"}},{"type":"Feature","geometry":{"type":"Point","coordinates":[-84.4634188,39.4524237]},"properties":{"type":"non-renewable","subtype":"gas","name":"Madison Generating Station","operator":"Duke Energy","capacity":"692 MW","capacity_num":692,"status":"Active"}},{"type":"Feature","geometry":{"type":"Point","coordinates":[-84.4607821,39.44872]},"properties":{"type":"non-renewable","subtype":"gas","name":"Woodsdale Generating Station","operator":"Duke Energy","capacity":"492 MW","capacity_num":492,"status":"Active"}},{"type":"Feature","geometry":{"type":"Point","coordinates":[-117.2409045,34.0808773]},"properties":{"type":"non-renewable","subtype":"gas","name":"Mountain View Power Plant","operator":"Southern California Edison","capacity":"1037 MW","capacity_num":1036.8,"status":"Active"}},{"type":"Feature","geometry":{"type":"Point","coordinates":[-79.845344,43.5603865]},"properties":{"type":"non-renewable","subtype":"gas","name":"Halton Hills Generating Station","operator":"Atura Power","capacity":"642 MW","capacity_num":641.5,"status":"Active"}},{"type":"Feature","geometry":{"type":"Point","coordinates":[-112.0315183,40.6663893]},"properties":{"type":"non-renewable","subtype":"gas","name":"West Valley Power Plant","operator":"Utah Municipal Power Agency","capacity":"217 MW","capacity_num":217,"status":"Active"}},{"type":"Feature","geometry":{"type":"Point","coordinates":[-111.8923791,39.8242774]},"properties":{"type":"non-renewable","subtype":"gas","name":"Currant Creek Power Plant","operator":"PacifiCorp","capacity":"649 MW","capacity_num":649,"status":"Active"}},{"type":"Feature","geometry":{"type":"Point","coordinates":[-74.8772955,40.0762046]},"properties":{"type":"non-renewable","subtype":"gas","name":"Burlington Generating Station","operator":"PSEG Fossil LLC","capacity":"242 MW","capacity_num":242,"status":"Active"}},{"type":"Feature","geometry":{"type":"Point","coordinates":[-121.8456956,38.0174283]},"properties":{"type":"non-renewable","subtype":"gas","name":"Delta Energy Center","operator":"Calpine","capacity":"944 MW","capacity_num":943.5,"status":"Active"}},{"type":"Feature","geometry":{"type":"Point","coordinates":[-93.6759009,41.6719564]},"properties":{"type":"non-renewable","subtype":"gas","name":"Mid American Energy Sycamore Combustion Turbines","operator":"MidAmerican Energy","capacity":"158 MW","capacity_num":157.6,"status":"Active"}},{"type":"Feature","geometry":{"type":"Point","coordinates":[-104.8325088,38.8227562]},"properties":{"type":"non-renewable","subtype":"gas","name":"Martin Drake Power Plant","operator":"City of Colorado Springs - (CO)","capacity":"245 MW","capacity_num":245.1,"status":"Active"}},{"type":"Feature","geometry":{"type":"Point","coordinates":[-94.5599957,39.1223489]},"properties":{"type":"non-renewable","subtype":"oil","name":"Evergy Northeast Power Plant","operator":"Evergy","capacity":"490 MW","capacity_num":490.2,"status":"Active"}},{"type":"Feature","geometry":{"type":"Point","coordinates":[-89.4238484,43.0746282]},"properties":{"type":"non-renewable","subtype":"gas","name":"West Campus Cogeneration Facility","operator":"Madison Gas and Electric","capacity":"169 MW","capacity_num":169.3,"status":"Active"}},{"type":"Feature","geometry":{"type":"Point","coordinates":[-121.9321169,37.4250754]},"properties":{"type":"non-renewable","subtype":"gas","name":"Los Esteros Critical Energy Facility","operator":"Calpine","capacity":"306 MW","capacity_num":306.1,"status":"Active"}},{"type":"Feature","geometry":{"type":"Point","coordinates":[-74.0987815,40.7372896]},"properties":{"type":"non-renewable","subtype":"gas","name":"Kearny Generating Station","operator":"PSEG Fossil LLC","capacity":"450 MW","capacity_num":450,"status":"Active"}},{"type":"Feature","geometry":{"type":"Point","coordinates":[-96.0479122,28.7953553]},"properties":{"type":"nuclear","subtype":"nuclear","name":"South Texas Project Electric Generating Station","operator":"South Texas Project Nuclear Operating Company","capacity":"2709 MW","capacity_num":2708.6,"status":"Active"}},{"type":"Feature","geometry":{"type":"Point","coordinates":[-94.9237804,29.7499919]},"properties":{"type":"non-renewable","subtype":"gas","name":"Cedar Bayou Station","operator":"NRG Energy","capacity":"2066 MW","capacity_num":2065.5,"status":"Active"}},{"type":"Feature","geometry":{"type":"Point","coordinates":[-89.6876305,20.9280646]},"properties":{"type":"non-renewable","subtype":"oil","name":"Central termoeléctrica Mérida II","operator":"Multiple/Unknown","capacity":"168 MW","capacity_num":168,"status":"Active"}},{"type":"Feature","geometry":{"type":"Point","coordinates":[-74.3536785,40.4774421]},"properties":{"type":"non-renewable","subtype":"gas","name":"Sayreville Generating Station","operator":"Sayreville Power, LLC","capacity":"212 MW","capacity_num":212,"status":"Active"}},{"type":"Feature","geometry":{"type":"Point","coordinates":[-75.1602127,40.5674306]},"properties":{"type":"non-renewable","subtype":"gas","name":"Gilbert Generating Station","operator":"Gilbert Power, LLC","capacity":"512 MW","capacity_num":512,"status":"Active"}},{"type":"Feature","geometry":{"type":"Point","coordinates":[-72.1679764,41.3124968]},"properties":{"type":"nuclear","subtype":"nuclear","name":"Millstone Nuclear Power Plant","operator":"Dominion Energy Nuclear Conn Inc","capacity":"2163 MW","capacity_num":2162.9,"status":"Active"}},{"type":"Feature","geometry":{"type":"Point","coordinates":[-88.2683493,41.3897171]},"properties":{"type":"nuclear","subtype":"nuclear","name":"Dresden Generating Station","operator":"Exelon","capacity":"1700 MW","capacity_num":1700,"status":"Active"}},{"type":"Feature","geometry":{"type":"Point","coordinates":[-93.1095356,44.9327777]},"properties":{"type":"non-renewable","subtype":"gas","name":"High Bridge Power Plant","operator":"Northern States Power Co - Minnesota","capacity":"644 MW","capacity_num":644,"status":"Active"}},{"type":"Feature","geometry":{"type":"Point","coordinates":[-93.6195302,41.5904669]},"properties":{"type":"non-renewable","subtype":"gas","name":"MidAmerican Energy River Hills Gas Plant","operator":"MidAmerican Energy","capacity":"128 MW","capacity_num":128,"status":"Active"}},{"type":"Feature","geometry":{"type":"Point","coordinates":[-78.9375839,35.9959956]},"properties":{"type":"non-renewable","subtype":"gas","name":"Chiller Plant 1","operator":"Multiple/Unknown","capacity":"100 MW","capacity_num":100,"status":"Active"}},{"type":"Feature","geometry":{"type":"Point","coordinates":[-80.0526783,26.7645535]},"properties":{"type":"non-renewable","subtype":"gas","name":"Riviera Power Plant","operator":"Flordia Power and Light","capacity":"1295 MW","capacity_num":1295,"status":"Active"}},{"type":"Feature","geometry":{"type":"Point","coordinates":[-72.8783378,40.9569333]},"properties":{"type":"non-renewable","subtype":"oil","name":"Wading River Power Plant","operator":"National Grid Generation LLC","capacity":"239 MW","capacity_num":238.5,"status":"Active"}},{"type":"Feature","geometry":{"type":"Point","coordinates":[-117.0685921,32.368628]},"properties":{"type":"non-renewable","subtype":"gas","name":"Central Termoeléctrica Presidente Juárez","operator":"Comisión Federal de Electricidad","capacity":"1303 MW","capacity_num":1303,"status":"Active"}},{"type":"Feature","geometry":{"type":"Point","coordinates":[-84.5071738,39.1384794]},"properties":{"type":"non-renewable","subtype":"gas","name":"Utility Plant East Campus","operator":"University of Cincinnati","capacity":"100 MW","capacity_num":100,"status":"Active"}},{"type":"Feature","geometry":{"type":"Point","coordinates":[-115.6294032,32.5988424]},"properties":{"type":"non-renewable","subtype":"gas","name":"Central de ciclo combinado La Rosita","operator":"Multiple/Unknown","capacity":"1405 MW","capacity_num":1405,"status":"Active"}},{"type":"Feature","geometry":{"type":"Point","coordinates":[-87.0161067,39.0706179]},"properties":{"type":"non-renewable","subtype":"gas","name":"Worthington Generating Station","operator":"Hoosier Energy","capacity":"242 MW","capacity_num":242,"status":"Active"}},{"type":"Feature","geometry":{"type":"Point","coordinates":[-117.1171643,33.1192757]},"properties":{"type":"non-renewable","subtype":"gas","name":"Palomar Energy Center","operator":"San Diego Gas & Electric Co","capacity":"559 MW","capacity_num":559,"status":"Active"}},{"type":"Feature","geometry":{"type":"Point","coordinates":[-113.0842357,53.7985174]},"properties":{"type":"non-renewable","subtype":"gas","name":"Air Liquide Scotford Complex Power Plant","operator":"Multiple/Unknown","capacity":"80 MW","capacity_num":80,"status":"Active"}},{"type":"Feature","geometry":{"type":"Point","coordinates":[-111.0980388,29.0944704]},"properties":{"type":"non-renewable","subtype":"gas","name":"Central de ciclo combinado Fuerza y energía Hermosillo","operator":"Multiple/Unknown","capacity":"283 MW","capacity_num":283,"status":"Active"}},{"type":"Feature","geometry":{"type":"Point","coordinates":[-98.3272719,40.9230656]},"properties":{"type":"non-renewable","subtype":"gas","name":"C.W. Burdick Power Plant","operator":"City of Grand Island - (NE)","capacity":"143 MW","capacity_num":142.8,"status":"Active"}},{"type":"Feature","geometry":{"type":"Point","coordinates":[-121.9240615,38.3978422]},"properties":{"type":"non-renewable","subtype":"gas","name":"CalPeak Power Vaca Dixon Peaker Plant","operator":"CalPeak Power, LLC","capacity":"61 MW","capacity_num":60.5,"status":"Active"}},{"type":"Feature","geometry":{"type":"Point","coordinates":[-120.5843292,36.6507339]},"properties":{"type":"non-renewable","subtype":"gas","name":"Panoche Energy Center","operator":"Panoche Energy Center, LLC","capacity":"432 MW","capacity_num":432,"status":"Active"}},{"type":"Feature","geometry":{"type":"Point","coordinates":[-76.5371178,39.1811091]},"properties":{"type":"non-renewable","subtype":"coal","name":"Brandon Shores Generating Station","operator":"Raven Power","capacity":"1370 MW","capacity_num":1370.2,"status":"Active"}},{"type":"Feature","geometry":{"type":"Point","coordinates":[-85.9066604,38.0517507]},"properties":{"type":"non-renewable","subtype":"coal","name":"Mill Creek Generating Station","operator":"Louisville Gas & Electric Co","capacity":"1717 MW","capacity_num":1717.2,"status":"Active"}},{"type":"Feature","geometry":{"type":"Point","coordinates":[-77.4548587,39.2079971]},"properties":{"type":"non-renewable","subtype":"gas","name":"Mirant Services LLC","operator":"Mirant Services LLC","capacity":"100 MW","capacity_num":100,"status":"Active"}},{"type":"Feature","geometry":{"type":"Point","coordinates":[-105.2014932,40.0193735]},"properties":{"type":"non-renewable","subtype":"gas","name":"Valmont Power Station","operator":"Public Service Co of Colorado","capacity":"59 MW","capacity_num":59.3,"status":"Active"}},{"type":"Feature","geometry":{"type":"Point","coordinates":[-104.8735799,40.2451746]},"properties":{"type":"non-renewable","subtype":"gas","name":"Fort St. Vrain Generating Station","operator":"Public Service Co of Colorado","capacity":"1149 MW","capacity_num":1148.5,"status":"Active"}},{"type":"Feature","geometry":{"type":"Point","coordinates":[-76.8667303,38.6678056]},"properties":{"type":"non-renewable","subtype":"gas","name":"Brandywine Power","operator":"KMC Thermo LLC","capacity":"289 MW","capacity_num":288.8,"status":"Active"}},{"type":"Feature","geometry":{"type":"Point","coordinates":[-79.340139,40.6591907]},"properties":{"type":"non-renewable","subtype":"coal","name":"Keystone Generating Station","operator":"KeyCon Operating LLC","capacity":"1711 MW","capacity_num":1711,"status":"Active"}},{"type":"Feature","geometry":{"type":"Point","coordinates":[-118.1043507,33.9292787]},"properties":{"type":"non-renewable","subtype":"gas","name":"Center Hybrid","operator":"Southern California Edison","capacity":"60 MW","capacity_num":59.8,"status":"Active"}},{"type":"Feature","geometry":{"type":"Point","coordinates":[-104.9640973,39.8081811]},"properties":{"type":"non-renewable","subtype":"gas","name":"Cherokee Generating Station","operator":"Public Service Company of Colorado","capacity":"1006 MW","capacity_num":1006.4,"status":"Active"}},{"type":"Feature","geometry":{"type":"Point","coordinates":[-76.158957,39.7194548]},"properties":{"type":"non-renewable","subtype":"gas","name":"Rock Springs Generation Facility","operator":"Essential Power Rock Springs LLC","capacity":"752 MW","capacity_num":752,"status":"Active"}},{"type":"Feature","geometry":{"type":"Point","coordinates":[-75.6541833,45.4032822]},"properties":{"type":"non-renewable","subtype":"gas","name":"Ottawa Cogeneration Plant","operator":"TransAlta","capacity":"74 MW","capacity_num":74,"status":"Active"}},{"type":"Feature","geometry":{"type":"Point","coordinates":[-97.5224027,37.7894348]},"properties":{"type":"non-renewable","subtype":"gas","name":"Gordon Evans Energy Center","operator":"Evergy","capacity":"831 MW","capacity_num":831,"status":"Active"}},{"type":"Feature","geometry":{"type":"Point","coordinates":[-81.5345223,28.2772138]},"properties":{"type":"non-renewable","subtype":"gas","name":"Cane Island Power Park","operator":"Kissimmee Utility Authority","capacity":"706 MW","capacity_num":706,"status":"Active"}},{"type":"Feature","geometry":{"type":"Point","coordinates":[-80.7805786,28.4931396]},"properties":{"type":"non-renewable","subtype":"gas","name":"Indian River Plant","operator":"Orlando Utilities Commission","capacity":"952 MW","capacity_num":951.8,"status":"Active"}},{"type":"Feature","geometry":{"type":"Point","coordinates":[-114.8997035,36.4301171]},"properties":{"type":"non-renewable","subtype":"gas","name":"Harry Allen Generating Station","operator":"Nevada Power Co","capacity":"745 MW","capacity_num":745,"status":"Active"}},{"type":"Feature","geometry":{"type":"Point","coordinates":[-94.6440045,38.3484862]},"properties":{"type":"non-renewable","subtype":"coal","name":"La Cygne Power Plant","operator":"Evergy","capacity":"1599 MW","capacity_num":1598.9,"status":"Active"}},{"type":"Feature","geometry":{"type":"Point","coordinates":[-114.9927942,35.7884544]},"properties":{"type":"non-renewable","subtype":"gas","name":"Desert Star Energy Center","operator":"San Diego Gas & Electric","capacity":"537 MW","capacity_num":537.3,"status":"Active"}},{"type":"Feature","geometry":{"type":"Point","coordinates":[-115.3569598,35.6138225]},"properties":{"type":"non-renewable","subtype":"gas","name":"Walter M. Higgins Generating Station","operator":"Nevada Power Co","capacity":"688 MW","capacity_num":688.4,"status":"Active"}},{"type":"Feature","geometry":{"type":"Point","coordinates":[-118.265168,33.7692879]},"properties":{"type":"non-renewable","subtype":"gas","name":"Harbor Generating Station","operator":"Los Angeles Department of Water and Power","capacity":"548 MW","capacity_num":548.1,"status":"Active"}},{"type":"Feature","geometry":{"type":"Point","coordinates":[-85.4173078,38.7389505]},"properties":{"type":"non-renewable","subtype":"coal","name":"Clifty Creek Generating Station","operator":"Ohio Valley Electric Corporation","capacity":"1304 MW","capacity_num":1303.56,"status":"Active"}},{"type":"Feature","geometry":{"type":"Point","coordinates":[-93.2758366,45.0230105]},"properties":{"type":"non-renewable","subtype":"gas","name":"Riverside Generating Plant","operator":"Xcel Energy","capacity":"586 MW","capacity_num":585.9,"status":"Active"}},{"type":"Feature","geometry":{"type":"Point","coordinates":[-78.3795915,37.8666621]},"properties":{"type":"non-renewable","subtype":"gas","name":"Tenaska Virginia Generating Station","operator":"Tenaska Virginia Partners LP","capacity":"1011 MW","capacity_num":1011.4,"status":"Active"}},{"type":"Feature","geometry":{"type":"Point","coordinates":[-73.2926152,40.7866054]},"properties":{"type":"non-renewable","subtype":"gas","name":"Edgewood Energy LLC Power Plant","operator":"Edgewood Energy LLC","capacity":"100 MW","capacity_num":100,"status":"Active"}},{"type":"Feature","geometry":{"type":"Point","coordinates":[-73.0653802,40.8168996]},"properties":{"type":"non-renewable","subtype":"oil","name":"Holtsville Power Plant","operator":"National Grid Generation LLC","capacity":"567 MW","capacity_num":567,"status":"Active"}},{"type":"Feature","geometry":{"type":"Point","coordinates":[-121.3238271,38.8106231]},"properties":{"type":"non-renewable","subtype":"gas","name":"Roseville Power Plant #2","operator":"City of Roseville - (CA)","capacity":"66 MW","capacity_num":66,"status":"Active"}},{"type":"Feature","geometry":{"type":"Point","coordinates":[-72.376258,41.1059137]},"properties":{"type":"non-renewable","subtype":"oil","name":"Hawkeye Energy Greenport","operator":"Hawkeye Energy Greenport LLC","capacity":"54 MW","capacity_num":54,"status":"Active"}},{"type":"Feature","geometry":{"type":"Point","coordinates":[-119.3332294,46.4720244]},"properties":{"type":"nuclear","subtype":"nuclear","name":"Columbia Generating Station","operator":"Energy Northwest","capacity":"1200 MW","capacity_num":1200,"status":"Active"}},{"type":"Feature","geometry":{"type":"Point","coordinates":[-92.7803996,45.032082]},"properties":{"type":"non-renewable","subtype":"coal","name":"Allen S. King Power Plant","operator":"Northern States Power Co - Minnesota","capacity":"598 MW","capacity_num":598.4,"status":"Active"}},{"type":"Feature","geometry":{"type":"Point","coordinates":[-71.42518,42.9044717]},"properties":{"type":"non-renewable","subtype":"gas","name":"Granite Ridge","operator":"Granite Ridge Energy LLC","capacity":"790 MW","capacity_num":790,"status":"Active"}},{"type":"Feature","geometry":{"type":"Point","coordinates":[-75.5300247,39.4660793]},"properties":{"type":"nuclear","subtype":"nuclear","name":"PSEG Salem and Hope Creek Nuclear Generating Stations","operator":"Public Service Enterprise Group","capacity":"3470 MW","capacity_num":3470,"status":"Active"}},{"type":"Feature","geometry":{"type":"Point","coordinates":[-121.696724,39.0525441]},"properties":{"type":"non-renewable","subtype":"gas","name":"Sutter Energy Center","operator":"Calpine Corp-Sutter","capacity":"555 MW","capacity_num":555,"status":"Active"}},{"type":"Feature","geometry":{"type":"Point","coordinates":[-108.476547,36.6874678]},"properties":{"type":"non-renewable","subtype":"coal","name":"Four Corners Generating Station","operator":"APS","capacity":"1636 MW","capacity_num":1636.2,"status":"Active"}},{"type":"Feature","geometry":{"type":"Point","coordinates":[-114.9219033,36.3832392]},"properties":{"type":"non-renewable","subtype":"gas","name":"Chuck Lenzie Generating Station","operator":"Nevada Power Co","capacity":"1466 MW","capacity_num":1465.6,"status":"Active"}},{"type":"Feature","geometry":{"type":"Point","coordinates":[-87.9437961,41.3932163]},"properties":{"type":"non-renewable","subtype":"gas","name":"Lincoln Generating Facility","operator":"Lincoln Generating Facility LLC","capacity":"747 MW","capacity_num":747.1,"status":"Active"}},{"type":"Feature","geometry":{"type":"Point","coordinates":[-86.5654647,41.9758132]},"properties":{"type":"nuclear","subtype":"nuclear","name":"D.C. Cook Nuclear Power Plant","operator":"Indiana Michigan Power","capacity":"2285 MW","capacity_num":2285.3,"status":"Active"}},{"type":"Feature","geometry":{"type":"Point","coordinates":[-87.6189308,41.4291836]},"properties":{"type":"non-renewable","subtype":"gas","name":"Crete Energy Venture LLC Power Plant","operator":"Crete Energy Venture LLC","capacity":"356 MW","capacity_num":356,"status":"Active"}},{"type":"Feature","geometry":{"type":"Point","coordinates":[-87.751842,41.4426198]},"properties":{"type":"non-renewable","subtype":"gas","name":"University Park North Energy Center","operator":"LSP University Park LLC","capacity":"540 MW","capacity_num":540,"status":"Active"}},{"type":"Feature","geometry":{"type":"Point","coordinates":[-87.7521827,41.4403537]},"properties":{"type":"non-renewable","subtype":"gas","name":"University Park South Energy Center","operator":"University Park Energy LLC","capacity":"300 MW","capacity_num":300,"status":"Active"}},{"type":"Feature","geometry":{"type":"Point","coordinates":[-119.5225095,39.5623063]},"properties":{"type":"non-renewable","subtype":"gas","name":"Frank A. Tracy Generating Station","operator":"Sierra Pacific Power Co","capacity":"1033 MW","capacity_num":1032.9,"status":"Active"}},{"type":"Feature","geometry":{"type":"Point","coordinates":[-115.5399943,32.8001457]},"properties":{"type":"non-renewable","subtype":"gas","name":"El Centro Power Plant","operator":"Imperial Irrigation District","capacity":"388 MW","capacity_num":388.3,"status":"Active"}},{"type":"Feature","geometry":{"type":"Point","coordinates":[-90.0390432,34.993779]},"properties":{"type":"non-renewable","subtype":"gas","name":"Southaven Combined-Cycle Plant","operator":"Tennessee Valley Authority","capacity":"904 MW","capacity_num":903.9,"status":"Active"}},{"type":"Feature","geometry":{"type":"Point","coordinates":[-112.8900662,33.3411433]},"properties":{"type":"non-renewable","subtype":"gas","name":"Arlington Valley Energy Facility","operator":"Arlington Valley LLC","capacity":"580 MW","capacity_num":580,"status":"Active"}},{"type":"Feature","geometry":{"type":"Point","coordinates":[-112.8392382,33.3335373]},"properties":{"type":"non-renewable","subtype":"gas","name":"Redhawk Power Station","operator":"Arizona Public Service Company","capacity":"1007 MW","capacity_num":1007,"status":"Active"}},{"type":"Feature","geometry":{"type":"Point","coordinates":[-112.8633474,33.34054]},"properties":{"type":"non-renewable","subtype":"gas","name":"Mesquite Power Generating Station","operator":"Mesquite Power LLC;Salt River Project","capacity":"1250 MW","capacity_num":1250,"status":"Active"}},{"type":"Feature","geometry":{"type":"Point","coordinates":[-113.1137509,33.4763562]},"properties":{"type":"non-renewable","subtype":"gas","name":"Harquahala Generating Station","operator":"Talen Energy","capacity":"1099 MW","capacity_num":1099,"status":"Active"}},{"type":"Feature","geometry":{"type":"Point","coordinates":[-87.2256211,30.5640189]},"properties":{"type":"non-renewable","subtype":"gas","name":"Gulf Clean Energy Center","operator":"Florida Power & Light","capacity":"2108 MW","capacity_num":2107.5,"status":"Active"}},{"type":"Feature","geometry":{"type":"Point","coordinates":[-122.7254448,45.6497213]},"properties":{"type":"non-renewable","subtype":"gas","name":"River Road Generating Plant","operator":"Clark Public Utilities","capacity":"248 MW","capacity_num":248,"status":"Active"}},{"type":"Feature","geometry":{"type":"Point","coordinates":[-96.752254,29.9110389]},"properties":{"type":"non-renewable","subtype":"coal","name":"Fayette Power Project","operator":"Lower Colorado River Authority","capacity":"1690 MW","capacity_num":1690,"status":"Active"}},{"type":"Feature","geometry":{"type":"Point","coordinates":[-74.0236943,40.8374944]},"properties":{"type":"non-renewable","subtype":"gas","name":"Bergen Generating Station","operator":"Public Service Enterprise Group","capacity":"1229 MW","capacity_num":1229,"status":"Active"}},{"type":"Feature","geometry":{"type":"Point","coordinates":[-74.3479793,40.4494616]},"properties":{"type":"non-renewable","subtype":"gas","name":"Red Oak Power","operator":"Red Oak Operating Services LLC","capacity":"821 MW","capacity_num":821.1,"status":"Active"}},{"type":"Feature","geometry":{"type":"Point","coordinates":[-94.1043351,37.1390722]},"properties":{"type":"non-renewable","subtype":"gas","name":"Empire Energy Center","operator":"Empire District Electric Company","capacity":"379 MW","capacity_num":379,"status":"Active"}},{"type":"Feature","geometry":{"type":"Point","coordinates":[-77.3682649,37.4990569]},"properties":{"type":"non-renewable","subtype":"gas","name":"Darbytown Power Plant","operator":"Virginia Electric & Power Company","capacity":"368 MW","capacity_num":368.4,"status":"Active"}},{"type":"Feature","geometry":{"type":"Point","coordinates":[-77.5139086,38.0730373]},"properties":{"type":"non-renewable","subtype":"gas","name":"Ladysmith Power Station","operator":"Virginia Electric and Power Company","capacity":"893 MW","capacity_num":892.5,"status":"Active"}},{"type":"Feature","geometry":{"type":"Point","coordinates":[-79.9265357,39.7131866]},"properties":{"type":"non-renewable","subtype":"coal","name":"Fort Martin Power Station","operator":"Monongahela Power Co","capacity":"1152 MW","capacity_num":1152,"status":"Active"}},{"type":"Feature","geometry":{"type":"Point","coordinates":[-77.7684803,38.5288164]},"properties":{"type":"non-renewable","subtype":"gas","name":"Marsh Run Power Station","operator":"Old Dominion Electric Coop","capacity":"513 MW","capacity_num":513.3,"status":"Active"}},{"type":"Feature","geometry":{"type":"Point","coordinates":[-77.7708764,38.5445419]},"properties":{"type":"non-renewable","subtype":"gas","name":"Remington Power Station","operator":"Virginia Electric and Power Company","capacity":"706 MW","capacity_num":705.5,"status":"Active"}},{"type":"Feature","geometry":{"type":"Point","coordinates":[-78.2157237,38.1175452]},"properties":{"type":"non-renewable","subtype":"gas","name":"Louisa Generation Facility","operator":"Old Dominion Electric Coop","capacity":"466 MW","capacity_num":466,"status":"Active"}},{"type":"Feature","geometry":{"type":"Point","coordinates":[-89.1979779,35.5436244]},"properties":{"type":"non-renewable","subtype":"gas","name":"Brownsville Combustion Turbine Plant","operator":"Tennessee Valley Authority","capacity":"468 MW","capacity_num":468,"status":"Active"}},{"type":"Feature","geometry":{"type":"Point","coordinates":[-98.0633136,25.9820508]},"properties":{"type":"non-renewable","subtype":"gas","name":"Central Termoeléctrica Emilio Portes Gil","operator":"Comision Federal de Electricidad","capacity":"514 MW","capacity_num":514,"status":"Active"}},{"type":"Feature","geometry":{"type":"Point","coordinates":[-96.2535598,31.420253]},"properties":{"type":"non-renewable","subtype":"coal","name":"Limestone Electric Generating Station","operator":"NRG Energy","capacity":"1850 MW","capacity_num":1849.8,"status":"Active"}},{"type":"Feature","geometry":{"type":"Point","coordinates":[-100.6986681,28.4671713]},"properties":{"type":"non-renewable","subtype":"coal","name":"Central termoeléctrica Carbón II","operator":"Comisión Federal de Electricidad","capacity":"1400 MW","capacity_num":1400,"status":"Active"}},{"type":"Feature","geometry":{"type":"Point","coordinates":[-100.6873868,28.4883486]},"properties":{"type":"non-renewable","subtype":"coal","name":"Central Termoeléctrica José López Portillo","operator":"Comisión Federal de Electricidad","capacity":"1285 MW","capacity_num":1285,"status":"Active"}},{"type":"Feature","geometry":{"type":"Point","coordinates":[-81.9472282,30.3202293]},"properties":{"type":"non-renewable","subtype":"gas","name":"Brandy Branch Power Plant","operator":"Jacksonville Electric Authority","capacity":"783 MW","capacity_num":783.1,"status":"Active"}},{"type":"Feature","geometry":{"type":"Point","coordinates":[-104.6876059,38.5567816]},"properties":{"type":"non-renewable","subtype":"gas","name":"Fountain Valley Power Facility","operator":"Fountain Valley Power LLC","capacity":"228 MW","capacity_num":228,"status":"Active"}},{"type":"Feature","geometry":{"type":"Point","coordinates":[-87.0312747,37.9230935]},"properties":{"type":"non-renewable","subtype":"coal","name":"Rockport Generating Station","operator":"Indiana Michigan Power","capacity":"2600 MW","capacity_num":2600,"status":"Active"}},{"type":"Feature","geometry":{"type":"Point","coordinates":[-72.2715314,43.6767234]},"properties":{"type":"non-renewable","subtype":"gas","name":"Building 10","operator":"Multiple/Unknown","capacity":"100 MW","capacity_num":100,"status":"Active"}},{"type":"Feature","geometry":{"type":"Point","coordinates":[-88.3962233,37.0290375]},"properties":{"type":"non-renewable","subtype":"gas","name":"Marshall Energy Facility","operator":"Tennessee Valley Authority","capacity":"621 MW","capacity_num":621,"status":"Active"}},{"type":"Feature","geometry":{"type":"Point","coordinates":[-85.8385713,38.2638782]},"properties":{"type":"non-renewable","subtype":"coal","name":"Gallagher Station","operator":"Duke Energy","capacity":"100 MW","capacity_num":100,"status":"Active"}},{"type":"Feature","geometry":{"type":"Point","coordinates":[-109.0497334,25.6070325]},"properties":{"type":"non-renewable","subtype":"gas","name":"Central Termoeléctrica Juan de Dios Bátiz Paredes","operator":"Multiple/Unknown","capacity":"320 MW","capacity_num":320,"status":"Active"}},{"type":"Feature","geometry":{"type":"Point","coordinates":[-82.1277035,38.9161381]},"properties":{"type":"non-renewable","subtype":"coal","name":"Kyger Creek Power Plant","operator":"Ohio Valley Electric Corp","capacity":"1087 MW","capacity_num":1086.5,"status":"Active"}},{"type":"Feature","geometry":{"type":"Point","coordinates":[-121.3820836,38.7925932]},"properties":{"type":"non-renewable","subtype":"gas","name":"Roseville Energy Park","operator":"Roseville Electric Utility","capacity":"165 MW","capacity_num":165,"status":"Active"}},{"type":"Feature","geometry":{"type":"Point","coordinates":[-75.5868425,40.2265374]},"properties":{"type":"nuclear","subtype":"nuclear","name":"Limerick Nuclear Power Plant","operator":"Exelon Generation Co., LLC","capacity":"2277 MW","capacity_num":2277,"status":"Active"}},{"type":"Feature","geometry":{"type":"Point","coordinates":[-82.9651015,36.3746895]},"properties":{"type":"non-renewable","subtype":"gas","name":"John Sevier Combined Cycle Plant","operator":"Tennessee Valley Authority","capacity":"997 MW","capacity_num":996.9,"status":"Active"}},{"type":"Feature","geometry":{"type":"Point","coordinates":[-97.3344683,21.0197875]},"properties":{"type":"non-renewable","subtype":"oil","name":"Central termoeléctrica Adolfo López Mateos","operator":"Comisión Federal de Electricidad","capacity":"2100 MW","capacity_num":2100,"status":"Active"}},{"type":"Feature","geometry":{"type":"Point","coordinates":[-97.491727,20.5280415]},"properties":{"type":"non-renewable","subtype":"gas","name":"Central termoeléctrica Poza Rica","operator":"CFE","capacity":"157 MW","capacity_num":156.5,"status":"Active"}},{"type":"Feature","geometry":{"type":"Point","coordinates":[-97.244364,20.8453365]},"properties":{"type":"non-renewable","subtype":"gas","name":"Central Termoeléctrica Tuxpan V","operator":"Multiple/Unknown","capacity":"495 MW","capacity_num":495,"status":"Active"}},{"type":"Feature","geometry":{"type":"Point","coordinates":[-97.254582,20.838668]},"properties":{"type":"non-renewable","subtype":"gas","name":"Central Termoeléctrica Tuxpan III y IV","operator":"Multiple/Unknown","capacity":"983 MW","capacity_num":983,"status":"Active"}},{"type":"Feature","geometry":{"type":"Point","coordinates":[-97.241553,20.8426085]},"properties":{"type":"non-renewable","subtype":"gas","name":"Central Termoeléctrica Tuxpan II","operator":"Multiple/Unknown","capacity":"495 MW","capacity_num":495,"status":"Active"}},{"type":"Feature","geometry":{"type":"Point","coordinates":[-80.3751307,26.6970484]},"properties":{"type":"non-renewable","subtype":"gas","name":"West County Energy Center","operator":"Florida Power & Light","capacity":"3750 MW","capacity_num":3750,"status":"Active"}},{"type":"Feature","geometry":{"type":"Point","coordinates":[-106.3550913,23.190413]},"properties":{"type":"non-renewable","subtype":"oil","name":"Central Termoeléctrica José Aceves Pozos","operator":"Comision Federal de Electricidad","capacity":"616 MW","capacity_num":616,"status":"Active"}},{"type":"Feature","geometry":{"type":"Point","coordinates":[-89.2826666,42.075349]},"properties":{"type":"nuclear","subtype":"nuclear","name":"Byron Nuclear Power Plant","operator":"Exelon Nuclear","capacity":"2450 MW","capacity_num":2449.8,"status":"Active"}},{"type":"Feature","geometry":{"type":"Point","coordinates":[-110.8646816,27.9368421]},"properties":{"type":"non-renewable","subtype":"oil","name":"Planta Guaymas II","operator":"Multiple/Unknown","capacity":"100 MW","capacity_num":100,"status":"Active"}},{"type":"Feature","geometry":{"type":"Point","coordinates":[-101.1694435,20.5694125]},"properties":{"type":"non-renewable","subtype":"gas","name":"Central termoeléctrica Salamanca","operator":"Comisión Federal de Electricidad","capacity":"550 MW","capacity_num":550,"status":"Active"}},{"type":"Feature","geometry":{"type":"Point","coordinates":[-100.1210786,20.4581978]},"properties":{"type":"non-renewable","subtype":"gas","name":"Central Termoeléctrica el Sauz","operator":"Multiple/Unknown","capacity":"700 MW","capacity_num":700,"status":"Active"}},{"type":"Feature","geometry":{"type":"Point","coordinates":[-79.3297524,43.6497562]},"properties":{"type":"non-renewable","subtype":"gas","name":"Portlands Energy Centre","operator":"Ontario Power Generation/TransCanada Energy Limited","capacity":"550 MW","capacity_num":550,"status":"Active"}},{"type":"Feature","geometry":{"type":"Point","coordinates":[-121.9505409,37.3762684]},"properties":{"type":"non-renewable","subtype":"gas","name":"Donald von Raesfeld Power Plant","operator":"City of Santa Clara - (CA)","capacity":"154 MW","capacity_num":154,"status":"Active"}},{"type":"Feature","geometry":{"type":"Point","coordinates":[-82.7833578,38.5730591]},"properties":{"type":"non-renewable","subtype":"gas","name":"Hanging Rock Energy Facility","operator":"Multiple/Unknown","capacity":"1430 MW","capacity_num":1430,"status":"Active"}},{"type":"Feature","geometry":{"type":"Point","coordinates":[-95.6874244,38.2391422]},"properties":{"type":"nuclear","subtype":"nuclear","name":"Wolf Creek Generating Station","operator":"Wolf Creek Nuclear Optg Corp","capacity":"1268 MW","capacity_num":1267.7,"status":"Active"}},{"type":"Feature","geometry":{"type":"Point","coordinates":[-81.0716461,35.053466]},"properties":{"type":"nuclear","subtype":"nuclear","name":"Catawba Nuclear Station","operator":"Duke Energy","capacity":"2410 MW","capacity_num":2410.2,"status":"Active"}},{"type":"Feature","geometry":{"type":"Point","coordinates":[-98.5767166,29.3517685]},"properties":{"type":"non-renewable","subtype":"gas","name":"Leon Creek Power Plant","operator":"CPS Energy","capacity":"192 MW","capacity_num":192,"status":"Active"}},{"type":"Feature","geometry":{"type":"Point","coordinates":[-80.6989726,32.2089279]},"properties":{"type":"non-renewable","subtype":"oil","name":"Hilton Head Power Plant","operator":"South Carolina Public Service Authority","capacity":"118 MW","capacity_num":117.9,"status":"Active"}},{"type":"Feature","geometry":{"type":"Point","coordinates":[-70.8550479,42.8978448]},"properties":{"type":"nuclear","subtype":"nuclear","name":"Seabrook Station","operator":"NextEra Energy","capacity":"1242 MW","capacity_num":1242,"status":"Active"}},{"type":"Feature","geometry":{"type":"Point","coordinates":[-105.4429163,28.1664562]},"properties":{"type":"non-renewable","subtype":"oil","name":"Central Termoeléctrica Francisco Villa","operator":"Comisión Federal de Electricidad","capacity":"300 MW","capacity_num":300,"status":"Active"}},{"type":"Feature","geometry":{"type":"Point","coordinates":[-100.1029825,25.7232866]},"properties":{"type":"non-renewable","subtype":"gas","name":"Huinalá","operator":"Multiple/Unknown","capacity":"528 MW","capacity_num":528,"status":"Active"}},{"type":"Feature","geometry":{"type":"Point","coordinates":[-100.0959013,25.7177646]},"properties":{"type":"non-renewable","subtype":"gas","name":"Central de ciclo combinado Dulces Nombres","operator":"Iberdrola","capacity":"1308 MW","capacity_num":1308,"status":"Active"}},{"type":"Feature","geometry":{"type":"Point","coordinates":[-99.0922019,28.9271982]},"properties":{"type":"non-renewable","subtype":"gas","name":"Pearsall Power Plant","operator":"South Texas Electric Cooperative","capacity":"202 MW","capacity_num":201.6,"status":"Active"}},{"type":"Feature","geometry":{"type":"Point","coordinates":[-98.4748862,28.7035258]},"properties":{"type":"non-renewable","subtype":"coal","name":"San Miguel Power Plant","operator":"South Texas Electric Cooperative","capacity":"410 MW","capacity_num":410,"status":"Active"}},{"type":"Feature","geometry":{"type":"Point","coordinates":[-95.5313929,29.9429584]},"properties":{"type":"non-renewable","subtype":"gas","name":"T. H. Wharton Power Plant","operator":"NRG Energy","capacity":"1190 MW","capacity_num":1189.9,"status":"Active"}},{"type":"Feature","geometry":{"type":"Point","coordinates":[-96.4937413,31.179469]},"properties":{"type":"non-renewable","subtype":"coal","name":"Oak Grove Power Plant","operator":"Luminant","capacity":"1795 MW","capacity_num":1795.4,"status":"Active"}},{"type":"Feature","geometry":{"type":"Point","coordinates":[-96.6906886,31.0906274]},"properties":{"type":"non-renewable","subtype":"coal","name":"Twin Oaks Power Station","operator":"Lonestar Generation","capacity":"349 MW","capacity_num":349.2,"status":"Active"}},{"type":"Feature","geometry":{"type":"Point","coordinates":[-94.9033342,29.772112]},"properties":{"type":"non-renewable","subtype":"gas","name":"Baytown Energy Center","operator":"Calpine","capacity":"933 MW","capacity_num":932.9,"status":"Active"}},{"type":"Feature","geometry":{"type":"Point","coordinates":[-96.73621,40.7320205]},"properties":{"type":"non-renewable","subtype":"gas","name":"Rokeby Power Plant","operator":"Lincoln Electric System","capacity":"266 MW","capacity_num":266.1,"status":"Active"}},{"type":"Feature","geometry":{"type":"Point","coordinates":[-120.895846,37.4872983]},"properties":{"type":"non-renewable","subtype":"gas","name":"Walnut Energy Center","operator":"Turlock Irrigation District","capacity":"301 MW","capacity_num":300.6,"status":"Active"}},{"type":"Feature","geometry":{"type":"Point","coordinates":[-70.8782441,42.5251956]},"properties":{"type":"non-renewable","subtype":"gas","name":"Salem Harbor Station","operator":"Footprint Salem Harbor Development LP","capacity":"710 MW","capacity_num":710.4,"status":"Active"}},{"type":"Feature","geometry":{"type":"Point","coordinates":[-70.9285587,42.5427737]},"properties":{"type":"non-renewable","subtype":"gas","name":"Waters River Power Plant","operator":"Peabody Municipal Light Plant","capacity":"65 MW","capacity_num":64.9,"status":"Active"}},{"type":"Feature","geometry":{"type":"Point","coordinates":[-80.2264289,43.5335158]},"properties":{"type":"non-renewable","subtype":"gas","name":"Central Utilities Plant","operator":"University of Guelph","capacity":"100 MW","capacity_num":100,"status":"Active"}},{"type":"Feature","geometry":{"type":"Point","coordinates":[-71.4460889,42.1397539]},"properties":{"type":"non-renewable","subtype":"oil","name":"Exelon Power West Medway Generating Station I","operator":"Exelon","capacity":"135 MW","capacity_num":135,"status":"Active"}},{"type":"Feature","geometry":{"type":"Point","coordinates":[-71.4834285,42.0916738]},"properties":{"type":"non-renewable","subtype":"gas","name":"Bellingham Cogeneration Station","operator":"Northeast Energy Associates LP","capacity":"386 MW","capacity_num":386.1,"status":"Active"}},{"type":"Feature","geometry":{"type":"Point","coordinates":[-71.4527889,42.1101672]},"properties":{"type":"non-renewable","subtype":"gas","name":"ANP Bellingham Energy Project","operator":"ANP Bellingham Energy Company LLC","capacity":"578 MW","capacity_num":578,"status":"Active"}},{"type":"Feature","geometry":{"type":"Point","coordinates":[-71.5154309,42.0599351]},"properties":{"type":"non-renewable","subtype":"gas","name":"ANP Blackstone Energy Project","operator":"ANP Blackstone Energy Company LLC","capacity":"578 MW","capacity_num":578,"status":"Active"}},{"type":"Feature","geometry":{"type":"Point","coordinates":[-98.0982189,45.3733305]},"properties":{"type":"non-renewable","subtype":"gas","name":"Groton Generation Station","operator":"Basin Electric Power Cooperative","capacity":"216 MW","capacity_num":216.4,"status":"Active"}},{"type":"Feature","geometry":{"type":"Point","coordinates":[-88.8361963,40.1739405]},"properties":{"type":"nuclear","subtype":"nuclear","name":"Clinton Clean Energy Center","operator":"Constellation Energy","capacity":"1138 MW","capacity_num":1138.3,"status":"Active"}},{"type":"Feature","geometry":{"type":"Point","coordinates":[-71.6688642,42.0103093]},"properties":{"type":"non-renewable","subtype":"gas","name":"Ocean State Power Plant","operator":"Multiple/Unknown","capacity":"508 MW","capacity_num":508.4,"status":"Active"}},{"type":"Feature","geometry":{"type":"Point","coordinates":[-105.4620503,44.3916517]},"properties":{"type":"non-renewable","subtype":"coal","name":"Dry Fork Station","operator":"Basin Electric Power Cooperative","capacity":"484 MW","capacity_num":483.7,"status":"Active"}},{"type":"Feature","geometry":{"type":"Point","coordinates":[-85.4131022,38.5856201]},"properties":{"type":"non-renewable","subtype":"coal","name":"Trimble County Generating Station","operator":"Louisville Gas & Electric","capacity":"2594 MW","capacity_num":2594.1,"status":"Active"}},{"type":"Feature","geometry":{"type":"Point","coordinates":[-73.9739646,40.7276638]},"properties":{"type":"non-renewable","subtype":"gas","name":"Con Ed East River Station","operator":"Consolidated Edison","capacity":"723 MW","capacity_num":723,"status":"Active"}},{"type":"Feature","geometry":{"type":"Point","coordinates":[-92.9156122,44.5363742]},"properties":{"type":"non-renewable","subtype":"gas","name":"Cannon Falls Energy Center","operator":"Invenergy Services LLC","capacity":"347 MW","capacity_num":346.8,"status":"Active"}},{"type":"Feature","geometry":{"type":"Point","coordinates":[-79.8914908,37.7773069]},"properties":{"type":"non-renewable","subtype":"oil","name":"Low Moor Power Plant","operator":"Virginia Electric and Power Company","capacity":"83 MW","capacity_num":82.8,"status":"Active"}},{"type":"Feature","geometry":{"type":"Point","coordinates":[-78.2866429,37.6955081]},"properties":{"type":"non-renewable","subtype":"gas","name":"Bear Garden Power Station","operator":"Virginia Electric and Power Company","capacity":"559 MW","capacity_num":559,"status":"Active"}},{"type":"Feature","geometry":{"type":"Point","coordinates":[-78.2033083,38.1248273]},"properties":{"type":"non-renewable","subtype":"gas","name":"Gordonsville Energy","operator":"Virginia Electric & Power Company","capacity":"300 MW","capacity_num":300.4,"status":"Active"}},{"type":"Feature","geometry":{"type":"Point","coordinates":[-76.7110714,37.9483881]},"properties":{"type":"non-renewable","subtype":"oil","name":"Northern Neck Power Plant","operator":"Virginia Electric and Power Company","capacity":"83 MW","capacity_num":82.8,"status":"Active"}},{"type":"Feature","geometry":{"type":"Point","coordinates":[-82.103419,36.6639836]},"properties":{"type":"non-renewable","subtype":"gas","name":"Wolf Hills Energy Gas Power Plant","operator":"Middle River Power II, LLC","capacity":"285 MW","capacity_num":285,"status":"Active"}},{"type":"Feature","geometry":{"type":"Point","coordinates":[-86.3144626,42.3222624]},"properties":{"type":"nuclear","subtype":"nuclear","name":"Palisades Nuclear Generating Station","operator":"Holtec International","capacity":"812 MW","capacity_num":811.8,"status":"Active"}},{"type":"Feature","geometry":{"type":"Point","coordinates":[-86.2935949,42.3228998]},"properties":{"type":"non-renewable","subtype":"gas","name":"New Covert Generating Facility","operator":"New Covert Generating Company LLC","capacity":"1176 MW","capacity_num":1176,"status":"Active"}},{"type":"Feature","geometry":{"type":"Point","coordinates":[-112.0924466,24.8148104]},"properties":{"type":"non-renewable","subtype":"oil","name":"Central Combustión Interna Agustín Olachea Avilés","operator":"Multiple/Unknown","capacity":"104 MW","capacity_num":104,"status":"Active"}},{"type":"Feature","geometry":{"type":"Point","coordinates":[-83.7344992,42.2808177]},"properties":{"type":"non-renewable","subtype":"gas","name":"Central Power Plant","operator":"University of Michigan","capacity":"60 MW","capacity_num":60,"status":"Active"}},{"type":"Feature","geometry":{"type":"Point","coordinates":[-112.6931919,32.9759096]},"properties":{"type":"non-renewable","subtype":"gas","name":"Gila River Generating Station","operator":"Salt River Project","capacity":"2476 MW","capacity_num":2476,"status":"Active"}},{"type":"Feature","geometry":{"type":"Point","coordinates":[-97.6544476,35.742929]},"properties":{"type":"non-renewable","subtype":"gas","name":"Spring Creek Energy Center","operator":"Evergy","capacity":"338 MW","capacity_num":338,"status":"Active"}},{"type":"Feature","geometry":{"type":"Point","coordinates":[-85.0345126,38.7497398]},"properties":{"type":"non-renewable","subtype":"coal","name":"Ghent Generating Station","operator":"Kentucky Utilities Company","capacity":"2226 MW","capacity_num":2225.9,"status":"Active"}},{"type":"Feature","geometry":{"type":"Point","coordinates":[-83.8171755,38.6992515]},"properties":{"type":"non-renewable","subtype":"coal","name":"Spurlock Power Station","operator":"East Kentucky Power Coop, Inc","capacity":"1609 MW","capacity_num":1608.5,"status":"Active"}},{"type":"Feature","geometry":{"type":"Point","coordinates":[-87.6550586,41.8502924]},"properties":{"type":"non-renewable","subtype":"oil","name":"Fisk Street Generating Station","operator":"Midwest Generations EME LLC","capacity":"260 MW","capacity_num":260,"status":"Active"}},{"type":"Feature","geometry":{"type":"Point","coordinates":[-82.618859,38.1730704]},"properties":{"type":"non-renewable","subtype":"gas","name":"Big Sandy Plant","operator":"Kentucky Power Company","capacity":"281 MW","capacity_num":280.5,"status":"Active"}},{"type":"Feature","geometry":{"type":"Point","coordinates":[-87.0803033,37.4479849]},"properties":{"type":"non-renewable","subtype":"coal","name":"D.B. Wilson Station","operator":"Big Rivers Electric Corp","capacity":"509 MW","capacity_num":509.4,"status":"Active"}},{"type":"Feature","geometry":{"type":"Point","coordinates":[-82.6044064,38.1917559]},"properties":{"type":"non-renewable","subtype":"gas","name":"Riverside Generating","operator":"Riverside Generating LLC","capacity":"1150 MW","capacity_num":1150,"status":"Active"}},{"type":"Feature","geometry":{"type":"Point","coordinates":[-79.6801671,43.7469959]},"properties":{"type":"non-renewable","subtype":"gas","name":"Goreway Power Station","operator":"Ontario Power Authority","capacity":"839 MW","capacity_num":839.1,"status":"Active"}},{"type":"Feature","geometry":{"type":"Point","coordinates":[-87.9845164,36.034838]},"properties":{"type":"non-renewable","subtype":"gas","name":"Johnsonville Combustion Turbine Plant","operator":"Tennessee Valley Authority","capacity":"1372 MW","capacity_num":1372,"status":"Active"}},{"type":"Feature","geometry":{"type":"Point","coordinates":[-78.8907976,36.5270782]},"properties":{"type":"non-renewable","subtype":"coal","name":"Mayo Generating Plant","operator":"Duke Energy Progress","capacity":"763 MW","capacity_num":763.2,"status":"Active"}},{"type":"Feature","geometry":{"type":"Point","coordinates":[-79.7390245,34.8385727]},"properties":{"type":"non-renewable","subtype":"gas","name":"Sherwood H Smith Jr Energy Complex","operator":"Duke Energy","capacity":"2245 MW","capacity_num":2244.8,"status":"Active"}},{"type":"Feature","geometry":{"type":"Point","coordinates":[-79.7370411,34.8423951]},"properties":{"type":"non-renewable","subtype":"gas","name":"Hamlet Generating Facility","operator":"North Carolina Electric Member Corp","capacity":"344 MW","capacity_num":343.8,"status":"Active"}},{"type":"Feature","geometry":{"type":"Point","coordinates":[-80.1652752,34.4188758]},"properties":{"type":"non-renewable","subtype":"gas","name":"Darlington County Plant","operator":"Duke Energy Progress","capacity":"316 MW","capacity_num":316,"status":"Active"}},{"type":"Feature","geometry":{"type":"Point","coordinates":[-85.0389174,33.4071597]},"properties":{"type":"non-renewable","subtype":"gas","name":"Chattahoochee Energy Facility","operator":"Oglethorpe Power Corporation","capacity":"540 MW","capacity_num":540,"status":"Active"}},{"type":"Feature","geometry":{"type":"Point","coordinates":[-85.0398039,33.4081037]},"properties":{"type":"non-renewable","subtype":"gas","name":"Wansley Unit 9","operator":"MEAG","capacity":"594 MW","capacity_num":594.1,"status":"Active"}},{"type":"Feature","geometry":{"type":"Point","coordinates":[-85.0374322,33.4058756]},"properties":{"type":"non-renewable","subtype":"gas","name":"Wansley Combined Cycle","operator":"Southern Power","capacity":"1239 MW","capacity_num":1239,"status":"Active"}},{"type":"Feature","geometry":{"type":"Point","coordinates":[-120.6687269,56.1444855]},"properties":{"type":"non-renewable","subtype":"gas","name":"McMahon Cogeneration Plant","operator":"NorthRiver Midstream;Heartland Generation","capacity":"120 MW","capacity_num":120,"status":"Active"}},{"type":"Feature","geometry":{"type":"Point","coordinates":[-82.8616038,33.1191144]},"properties":{"type":"non-renewable","subtype":"gas","name":"Sandersville Energy Facility","operator":"SEPG Operating Services","capacity":"692 MW","capacity_num":692,"status":"Active"}},{"type":"Feature","geometry":{"type":"Point","coordinates":[-71.5181984,41.8022456]},"properties":{"type":"non-renewable","subtype":"gas","name":"Rhode Island State Energy Center","operator":"RISEC Operating Services","capacity":"596 MW","capacity_num":596,"status":"Active"}},{"type":"Feature","geometry":{"type":"Point","coordinates":[-84.3065884,32.9111608]},"properties":{"type":"non-renewable","subtype":"gas","name":"Edward L. Addison Generating Plant","operator":"Southern Power","capacity":"701 MW","capacity_num":701,"status":"Active"}},{"type":"Feature","geometry":{"type":"Point","coordinates":[-76.4081855,43.5206241]},"properties":{"type":"nuclear","subtype":"nuclear","name":"Nine Mile Point Nuclear Generating Station","operator":"Exelon Nuclear","capacity":"2019 MW","capacity_num":2019,"status":"Active"}},{"type":"Feature","geometry":{"type":"Point","coordinates":[-79.8296682,36.3298561]},"properties":{"type":"non-renewable","subtype":"gas","name":"Rockingham County CT Station","operator":"Duke Energy","capacity":"978 MW","capacity_num":977.5,"status":"Active"}},{"type":"Feature","geometry":{"type":"Point","coordinates":[-80.6015369,35.7309933]},"properties":{"type":"non-renewable","subtype":"gas","name":"Plant Rowan","operator":"Southern Power","capacity":"1192 MW","capacity_num":1192,"status":"Active"}},{"type":"Feature","geometry":{"type":"Point","coordinates":[-81.1703463,32.3568186]},"properties":{"type":"non-renewable","subtype":"gas","name":"Plant McIntosh","operator":"Georgia Power","capacity":"810 MW","capacity_num":810.4,"status":"Active"}},{"type":"Feature","geometry":{"type":"Point","coordinates":[-81.1821054,32.3475777]},"properties":{"type":"non-renewable","subtype":"gas","name":"McIntosh Combined Cycle Facility","operator":"Georgia Power","capacity":"1374 MW","capacity_num":1374.2,"status":"Active"}},{"type":"Feature","geometry":{"type":"Point","coordinates":[-106.8472015,32.1136874]},"properties":{"type":"non-renewable","subtype":"gas","name":"Afton Generating Station","operator":"Public Service Co of NM","capacity":"287 MW","capacity_num":287,"status":"Active"}},{"type":"Feature","geometry":{"type":"Point","coordinates":[-82.4817048,42.7742311]},"properties":{"type":"non-renewable","subtype":"gas","name":"Dean Power Plant","operator":"DTE Energy","capacity":"358 MW","capacity_num":357.6,"status":"Active"}},{"type":"Feature","geometry":{"type":"Point","coordinates":[-84.9913739,33.3582207]},"properties":{"type":"non-renewable","subtype":"gas","name":"Hawk Road Energy Facility","operator":"Oglethorpe Power Corporation","capacity":"495 MW","capacity_num":495,"status":"Active"}},{"type":"Feature","geometry":{"type":"Point","coordinates":[-89.6993791,20.9337225]},"properties":{"type":"non-renewable","subtype":"gas","name":"Central termoeléctrica Merida III","operator":"Multiple/Unknown","capacity":"484 MW","capacity_num":484,"status":"Active"}},{"type":"Feature","geometry":{"type":"Point","coordinates":[-88.272728,33.6471362]},"properties":{"type":"non-renewable","subtype":"gas","name":"Caledonia Gas Turbine Power Station","operator":"Tennessee Valley Authority","capacity":"801 MW","capacity_num":801,"status":"Active"}},{"type":"Feature","geometry":{"type":"Point","coordinates":[-88.2265735,41.8152714]},"properties":{"type":"non-renewable","subtype":"gas","name":"Aurora Generating Station","operator":"NRG Energy","capacity":"1086 MW","capacity_num":1086.2,"status":"Active"}},{"type":"Feature","geometry":{"type":"Point","coordinates":[-92.5890433,33.2981278]},"properties":{"type":"non-renewable","subtype":"gas","name":"Union Power Station","operator":"Entergy","capacity":"2428 MW","capacity_num":2428,"status":"Active"}},{"type":"Feature","geometry":{"type":"Point","coordinates":[-92.8681458,34.2979923]},"properties":{"type":"non-renewable","subtype":"gas","name":"Hot Spring Generating Station","operator":"Entergy Arkansas","capacity":"715 MW","capacity_num":714.8,"status":"Active"}},{"type":"Feature","geometry":{"type":"Point","coordinates":[-96.0655451,38.4460454]},"properties":{"type":"non-renewable","subtype":"gas","name":"Emporia Energy Center","operator":"Evergy","capacity":"730 MW","capacity_num":730.2,"status":"Active"}},{"type":"Feature","geometry":{"type":"Point","coordinates":[-86.5742286,32.3810799]},"properties":{"type":"non-renewable","subtype":"gas","name":"E B Harris Electric Generating Plant","operator":"Southern Power","capacity":"1304 MW","capacity_num":1304,"status":"Active"}},{"type":"Feature","geometry":{"type":"Point","coordinates":[-94.9857167,38.7878616]},"properties":{"type":"non-renewable","subtype":"gas","name":"West Gardner Power Plant","operator":"Evergy","capacity":"408 MW","capacity_num":408,"status":"Active"}},{"type":"Feature","geometry":{"type":"Point","coordinates":[-89.217846,33.3767635]},"properties":{"type":"non-renewable","subtype":"coal","name":"Red Hills Power Plant","operator":"Choctaw Generation L.P, L.L.L.P.","capacity":"514 MW","capacity_num":513.7,"status":"Active"}},{"type":"Feature","geometry":{"type":"Point","coordinates":[-89.6740042,33.0155152]},"properties":{"type":"non-renewable","subtype":"gas","name":"Attala Power Plant","operator":"Entergy Mississippi","capacity":"551 MW","capacity_num":551.3,"status":"Active"}},{"type":"Feature","geometry":{"type":"Point","coordinates":[-89.4208733,33.2881024]},"properties":{"type":"non-renewable","subtype":"gas","name":"Choctaw County Power Plant","operator":"Entergy Mississippi","capacity":"899 MW","capacity_num":899,"status":"Active"}},{"type":"Feature","geometry":{"type":"Point","coordinates":[-90.4599874,29.9888045]},"properties":{"type":"non-renewable","subtype":"gas","name":"Taft Cogeneration Facility","operator":"Occidental Chemical Corporation","capacity":"865 MW","capacity_num":865,"status":"Active"}},{"type":"Feature","geometry":{"type":"Point","coordinates":[-92.4124818,30.4285674]},"properties":{"type":"non-renewable","subtype":"gas","name":"Acadia Energy Center","operator":"CLECO","capacity":"1389 MW","capacity_num":1389.2,"status":"Active"}},{"type":"Feature","geometry":{"type":"Point","coordinates":[-83.0944578,42.2793306]},"properties":{"type":"non-renewable","subtype":"gas","name":"Brighton Beach LP Power Station","operator":"Atco Power & Ontario Power Generation","capacity":"580 MW","capacity_num":580,"status":"Active"}},{"type":"Feature","geometry":{"type":"Point","coordinates":[-83.0866578,42.2809514]},"properties":{"type":"non-renewable","subtype":"gas","name":"West Windsor Power Plant","operator":"TransAlta","capacity":"72 MW","capacity_num":72,"status":"Active"}},{"type":"Feature","geometry":{"type":"Point","coordinates":[-94.5488462,32.8476746]},"properties":{"type":"non-renewable","subtype":"gas","name":"Wilkes Power Plant","operator":"Southwestern Electric Power Co","capacity":"882 MW","capacity_num":882,"status":"Active"}},{"type":"Feature","geometry":{"type":"Point","coordinates":[-95.945213,41.3296757]},"properties":{"type":"non-renewable","subtype":"coal","name":"North Omaha Power Station","operator":"Omaha Public Power District`","capacity":"100 MW","capacity_num":100,"status":"Active"}},{"type":"Feature","geometry":{"type":"Point","coordinates":[-115.4988919,33.2430085]},"properties":{"type":"non-renewable","subtype":"gas","name":"Niland Gas Turbine Plant","operator":"Imperial Irrigation District","capacity":"121 MW","capacity_num":121,"status":"Active"}},{"type":"Feature","geometry":{"type":"Point","coordinates":[-114.6865973,33.6136678]},"properties":{"type":"non-renewable","subtype":"gas","name":"Blythe Energy Center","operator":"AltaGas","capacity":"591 MW","capacity_num":591,"status":"Active"}},{"type":"Feature","geometry":{"type":"Point","coordinates":[-97.2248928,35.6859971]},"properties":{"type":"non-renewable","subtype":"gas","name":"Redbud Power Plant","operator":"Oklahoma Gas & Electric","capacity":"1434 MW","capacity_num":1433.6,"status":"Active"}},{"type":"Feature","geometry":{"type":"Point","coordinates":[-102.4116788,34.1660047]},"properties":{"type":"non-renewable","subtype":"gas","name":"Plant X","operator":"Southwestern Public Service Co","capacity":"190 MW","capacity_num":190.4,"status":"Active"}},{"type":"Feature","geometry":{"type":"Point","coordinates":[-118.8437252,34.9558223]},"properties":{"type":"non-renewable","subtype":"gas","name":"Pastoria Energy Facility","operator":"Calpine Corp - Pastoria Energy Center","capacity":"779 MW","capacity_num":779,"status":"Active"}},{"type":"Feature","geometry":{"type":"Point","coordinates":[-79.0638292,40.3844619]},"properties":{"type":"non-renewable","subtype":"coal","name":"Conemaugh Generating Station","operator":"KeyCon Operating LLC","capacity":"1700 MW","capacity_num":1700,"status":"Active"}},{"type":"Feature","geometry":{"type":"Point","coordinates":[-77.1670877,39.8722915]},"properties":{"type":"non-renewable","subtype":"gas","name":"Hunterstown Generating Station","operator":"Kestrel Acquisition, LLC","capacity":"898 MW","capacity_num":898,"status":"Active"}},{"type":"Feature","geometry":{"type":"Point","coordinates":[-77.1648615,39.866134]},"properties":{"type":"non-renewable","subtype":"gas","name":"Hunterstown Generating Station","operator":"Hunterstown Power, LLC","capacity":"60 MW","capacity_num":60,"status":"Active"}},{"type":"Feature","geometry":{"type":"Point","coordinates":[-76.2683135,39.7590394]},"properties":{"type":"nuclear","subtype":"nuclear","name":"Peach Bottom Power Plant","operator":"Exelon Nuclear","capacity":"2658 MW","capacity_num":2658,"status":"Active"}},{"type":"Feature","geometry":{"type":"Point","coordinates":[-76.3052337,39.7386947]},"properties":{"type":"non-renewable","subtype":"gas","name":"York Energy Center","operator":"Calpine Mid-Merit LLC","capacity":"1404 MW","capacity_num":1403.9,"status":"Active"}},{"type":"Feature","geometry":{"type":"Point","coordinates":[-118.985326,35.4521792]},"properties":{"type":"non-renewable","subtype":"gas","name":"Kern River Cogeneration","operator":"Kern River Cogeneration Co","capacity":"300 MW","capacity_num":300,"status":"Active"}},{"type":"Feature","geometry":{"type":"Point","coordinates":[-119.002354,35.4546834]},"properties":{"type":"non-renewable","subtype":"gas","name":"Sycamore Cogeneration","operator":"Sycamore Cogeneration Co","capacity":"300 MW","capacity_num":300,"status":"Active"}},{"type":"Feature","geometry":{"type":"Point","coordinates":[-120.5796531,36.6541585]},"properties":{"type":"non-renewable","subtype":"gas","name":"Midway Peaking LLC","operator":"CalPeak Power, LLC","capacity":"140 MW","capacity_num":139.8,"status":"Active"}},{"type":"Feature","geometry":{"type":"Point","coordinates":[-112.8770646,46.105708]},"properties":{"type":"non-renewable","subtype":"gas","name":"Dave Gates Mill Creek Generating Station","operator":"NorthWestern Energy","capacity":"203 MW","capacity_num":203.1,"status":"Active"}},{"type":"Feature","geometry":{"type":"Point","coordinates":[-97.5901234,35.2980402]},"properties":{"type":"non-renewable","subtype":"gas","name":"McClain Energy Facility","operator":"Oklahoma Gas & Electric","capacity":"551 MW","capacity_num":551.3,"status":"Active"}},{"type":"Feature","geometry":{"type":"Point","coordinates":[-82.3325354,39.0848508]},"properties":{"type":"non-renewable","subtype":"gas","name":"Rolling Hills Generating Station","operator":"Tenaska","capacity":"978 MW","capacity_num":977.5,"status":"Active"}},{"type":"Feature","geometry":{"type":"Point","coordinates":[-103.7000738,39.2033039]},"properties":{"type":"non-renewable","subtype":"gas","name":"Limon Generating Facility","operator":"Tri-State G & T Assn, Inc","capacity":"154 MW","capacity_num":154.2,"status":"Active"}},{"type":"Feature","geometry":{"type":"Point","coordinates":[-102.2436634,39.3573061]},"properties":{"type":"non-renewable","subtype":"oil","name":"Burlington Station","operator":"Tri-State G & T Assn, Inc","capacity":"129 MW","capacity_num":129.4,"status":"Active"}},{"type":"Feature","geometry":{"type":"Point","coordinates":[-114.1353306,35.0538173]},"properties":{"type":"non-renewable","subtype":"gas","name":"Griffith Energy Facility","operator":"Griffith Energy LLC","capacity":"655 MW","capacity_num":655,"status":"Active"}},{"type":"Feature","geometry":{"type":"Point","coordinates":[-111.7894062,32.9054758]},"properties":{"type":"non-renewable","subtype":"gas","name":"Desert Basin Generating Station","operator":"Salt River Project","capacity":"577 MW","capacity_num":577,"status":"Active"}},{"type":"Feature","geometry":{"type":"Point","coordinates":[-97.9905309,29.7804521]},"properties":{"type":"non-renewable","subtype":"gas","name":"Hays Energy Project","operator":"Hays Energy, LLC","capacity":"989 MW","capacity_num":989,"status":"Active"}},{"type":"Feature","geometry":{"type":"Point","coordinates":[-116.8201782,43.9047425]},"properties":{"type":"non-renewable","subtype":"gas","name":"Langley Gulch Power Plant","operator":"Idaho Power Co","capacity":"319 MW","capacity_num":318.5,"status":"Active"}},{"type":"Feature","geometry":{"type":"Point","coordinates":[-97.6482212,35.4420673]},"properties":{"type":"non-renewable","subtype":"gas","name":"Frontier Power Plant","operator":"Oklahoma Gas & Electric","capacity":"131 MW","capacity_num":131.4,"status":"Active"}},{"type":"Feature","geometry":{"type":"Point","coordinates":[-84.8434596,43.186307]},"properties":{"type":"non-renewable","subtype":"gas","name":"Renaissance Power Plant","operator":"DTE Energy","capacity":"782 MW","capacity_num":782,"status":"Active"}},{"type":"Feature","geometry":{"type":"Point","coordinates":[-119.5835857,35.2104972]},"properties":{"type":"non-renewable","subtype":"gas","name":"Sunrise Power LLC","operator":"Sunrise Power Co LLC","capacity":"685 MW","capacity_num":685.2,"status":"Active"}},{"type":"Feature","geometry":{"type":"Point","coordinates":[-119.6296522,35.2272911]},"properties":{"type":"non-renewable","subtype":"gas","name":"Midway Sunset Cogen","operator":"Midway-Sunset Cogeneration Co","capacity":"234 MW","capacity_num":234,"status":"Active"}},{"type":"Feature","geometry":{"type":"Point","coordinates":[-79.8061759,41.2911086]},"properties":{"type":"non-renewable","subtype":"gas","name":"Handsome Lake Energy Facility","operator":"Handsome Lake Energy LLC","capacity":"295 MW","capacity_num":294.5,"status":"Active"}},{"type":"Feature","geometry":{"type":"Point","coordinates":[-87.8780874,43.7515557]},"properties":{"type":"non-renewable","subtype":"gas","name":"Sheboygan Falls Plant","operator":"Alliant Energy","capacity":"347 MW","capacity_num":346.8,"status":"Active"}},{"type":"Feature","geometry":{"type":"Point","coordinates":[-93.6510819,47.2596085]},"properties":{"type":"non-renewable","subtype":"coal","name":"Clay Boswell Energy Center","operator":"ALLETE, Inc.","capacity":"923 MW","capacity_num":923.3,"status":"Active"}},{"type":"Feature","geometry":{"type":"Point","coordinates":[-79.3312459,43.6495404]},"properties":{"type":"non-renewable","subtype":"gas","name":"Portlands Energy Centre","operator":"Atura Power","capacity":"550 MW","capacity_num":550,"status":"Active"}},{"type":"Feature","geometry":{"type":"Point","coordinates":[-83.6037072,32.4853008]},"properties":{"type":"non-renewable","subtype":"gas","name":"Mid-Georgia Cogeneration Facility Gas Plant","operator":"SEPG Operating Services, LLC","capacity":"323 MW","capacity_num":323,"status":"Active"}},{"type":"Feature","geometry":{"type":"Point","coordinates":[-85.3054657,40.6206521]},"properties":{"type":"non-renewable","subtype":"gas","name":"Montpelier Electric Generating Station","operator":"Kimura Power LLC","capacity":"236 MW","capacity_num":236,"status":"Active"}},{"type":"Feature","geometry":{"type":"Point","coordinates":[-89.2153011,37.7118444]},"properties":{"type":"non-renewable","subtype":"coal","name":"SIU Physical Plant Power Plant","operator":"Southern Illinois University","capacity":"100 MW","capacity_num":100,"status":"Active"}},{"type":"Feature","geometry":{"type":"Point","coordinates":[-88.2566315,41.4814618]},"properties":{"type":"non-renewable","subtype":"gas","name":"Kendall Energy Facility","operator":"Dynegy","capacity":"1209 MW","capacity_num":1209,"status":"Active"}},{"type":"Feature","geometry":{"type":"Point","coordinates":[-117.3605969,34.0417627]},"properties":{"type":"non-renewable","subtype":"gas","name":"Agua Mansa Power Plant","operator":"E I Colton LLC","capacity":"61 MW","capacity_num":60.5,"status":"Active"}},{"type":"Feature","geometry":{"type":"Point","coordinates":[-55.8084514,73.1426364]},"properties":{"type":"non-renewable","subtype":"oil","name":"OIL Power Plant","operator":"Multiple/Unknown","capacity":"100 MW","capacity_num":100,"status":"Active"}},{"type":"Feature","geometry":{"type":"Point","coordinates":[-55.5240927,72.1542753]},"properties":{"type":"non-renewable","subtype":"oil","name":"OIL Power Plant","operator":"Multiple/Unknown","capacity":"100 MW","capacity_num":100,"status":"Active"}},{"type":"Feature","geometry":{"type":"Point","coordinates":[-55.5296852,72.1564717]},"properties":{"type":"non-renewable","subtype":"oil","name":"OIL Power Plant","operator":"Multiple/Unknown","capacity":"100 MW","capacity_num":100,"status":"Active"}},{"type":"Feature","geometry":{"type":"Point","coordinates":[-71.4226518,41.4905254]},"properties":{"type":"nuclear","subtype":"nuclear","name":"Rhode Island Nuclear Science Center","operator":"State of Rhode Island","capacity":"100 MW","capacity_num":100,"status":"Active"}},{"type":"Feature","geometry":{"type":"Point","coordinates":[-80.1625908,39.5621189]},"properties":{"type":"non-renewable","subtype":"coal","name":"Grant Town Power Plant","operator":"American Bituminous Power LP","capacity":"96 MW","capacity_num":95.7,"status":"Active"}},{"type":"Feature","geometry":{"type":"Point","coordinates":[-80.329961,39.3831708]},"properties":{"type":"non-renewable","subtype":"coal","name":"Harrison Power Station","operator":"Monongahela Power Co","capacity":"2052 MW","capacity_num":2052,"status":"Active"}},{"type":"Feature","geometry":{"type":"Point","coordinates":[-79.9562933,39.7074478]},"properties":{"type":"non-renewable","subtype":"coal","name":"Longview Plant","operator":"Longview Power, LLC","capacity":"808 MW","capacity_num":807.5,"status":"Active"}},{"type":"Feature","geometry":{"type":"Point","coordinates":[-80.817969,39.8317461]},"properties":{"type":"non-renewable","subtype":"coal","name":"Mitchell Power Plant","operator":"Kentucky Power Co","capacity":"1633 MW","capacity_num":1632.6,"status":"Active"}},{"type":"Feature","geometry":{"type":"Point","coordinates":[-79.961909,39.6400288]},"properties":{"type":"non-renewable","subtype":"coal","name":"Morgantown Energy Facility","operator":"Morgantown Energy Associates","capacity":"69 MW","capacity_num":68.9,"status":"Active"}},{"type":"Feature","geometry":{"type":"Point","coordinates":[-81.9359427,38.9784783]},"properties":{"type":"non-renewable","subtype":"coal","name":"Mountaineer Plant","operator":"American Electric Power","capacity":"1300 MW","capacity_num":1300,"status":"Active"}},{"type":"Feature","geometry":{"type":"Point","coordinates":[-80.8528235,39.7459463]},"properties":{"type":"non-renewable","subtype":"gas","name":"Axiall Natrium Plant","operator":"Westlake Chemical Natrium Plant","capacity":"116 MW","capacity_num":115.5,"status":"Active"}},{"type":"Feature","geometry":{"type":"Point","coordinates":[-81.2962298,39.3659189]},"properties":{"type":"non-renewable","subtype":"coal","name":"Pleasants Power Station","operator":"Energy Harbor Generation LLC","capacity":"1368 MW","capacity_num":1368,"status":"Active"}},{"type":"Feature","geometry":{"type":"Point","coordinates":[-81.2168624,34.0558954]},"properties":{"type":"non-renewable","subtype":"gas","name":"McMeekin Station","operator":"Dominion Energy South Carolina, Inc","capacity":"294 MW","capacity_num":293.6,"status":"Active"}},{"type":"Feature","geometry":{"type":"Point","coordinates":[-82.437159,34.6000065]},"properties":{"type":"non-renewable","subtype":"gas","name":"W.S. Lee Power Plant","operator":"Duke Energy","capacity":"955 MW","capacity_num":954.7,"status":"Active"}},{"type":"Feature","geometry":{"type":"Point","coordinates":[-84.4714212,33.825476]},"properties":{"type":"non-renewable","subtype":"gas","name":"Plant McDonough-Atkinson","operator":"Georgia Power","capacity":"2848 MW","capacity_num":2848.4,"status":"Active"}},{"type":"Feature","geometry":{"type":"Point","coordinates":[-83.3447264,41.8856142]},"properties":{"type":"non-renewable","subtype":"coal","name":"Monroe Energy Center","operator":"DTE Energy","capacity":"3293 MW","capacity_num":3293.1,"status":"Active"}},{"type":"Feature","geometry":{"type":"Point","coordinates":[-90.5624724,34.1834283]},"properties":{"type":"non-renewable","subtype":"gas","name":"Crossroads Energy Center","operator":"Clarksdale Public Utilities","capacity":"306 MW","capacity_num":306.4,"status":"Active"}},{"type":"Feature","geometry":{"type":"Point","coordinates":[-93.289349,44.3352826]},"properties":{"type":"non-renewable","subtype":"gas","name":"Faribault Energy Park","operator":"Minnesota Municipal Power Agny","capacity":"335 MW","capacity_num":334.5,"status":"Active"}},{"type":"Feature","geometry":{"type":"Point","coordinates":[-87.115386,30.5690122]},"properties":{"type":"non-renewable","subtype":"gas","name":"Santa Rosa Energy Center","operator":"Santa Rosa Energy Center LLC","capacity":"275 MW","capacity_num":274.5,"status":"Active"}},{"type":"Feature","geometry":{"type":"Point","coordinates":[-88.6673138,41.2447727]},"properties":{"type":"nuclear","subtype":"nuclear","name":"LaSalle Generating Station","operator":"Exelon Corporation","capacity":"2340 MW","capacity_num":2340,"status":"Active"}},{"type":"Feature","geometry":{"type":"Point","coordinates":[-100.9349664,21.8306911]},"properties":{"type":"non-renewable","subtype":"oil","name":"Central Termoeléctrica Villa de Reyes","operator":"Comisión Federal de Electricidad","capacity":"700 MW","capacity_num":700,"status":"Active"}},{"type":"Feature","geometry":{"type":"Point","coordinates":[-73.4987372,40.7465303]},"properties":{"type":"non-renewable","subtype":"gas","name":"Calpine Bethpage Energy Center 3","operator":"Calpine","capacity":"240 MW","capacity_num":240,"status":"Active"}},{"type":"Feature","geometry":{"type":"Point","coordinates":[-112.6918673,29.9087753]},"properties":{"type":"non-renewable","subtype":"oil","name":"Central Termoeléctrica Puerto Libertad","operator":"CFE","capacity":"632 MW","capacity_num":632,"status":"Active"}},{"type":"Feature","geometry":{"type":"Point","coordinates":[-110.5968036,41.7570803]},"properties":{"type":"non-renewable","subtype":"coal","name":"Naughton Coal Plant","operator":"PacifiCorp","capacity":"687 MW","capacity_num":687,"status":"Active"}},{"type":"Feature","geometry":{"type":"Point","coordinates":[-109.6355465,30.4941241]},"properties":{"type":"non-renewable","subtype":"coal","name":"Fundicion Mina La Caridad","operator":"Multiple/Unknown","capacity":"100 MW","capacity_num":100,"status":"Active"}},{"type":"Feature","geometry":{"type":"Point","coordinates":[-81.7824397,26.6966685]},"properties":{"type":"non-renewable","subtype":"gas","name":"Fort Myers Plant","operator":"Florida Power & Light","capacity":"2681 MW","capacity_num":2680.9,"status":"Active"}},{"type":"Feature","geometry":{"type":"Point","coordinates":[-70.9646503,42.2412667]},"properties":{"type":"non-renewable","subtype":"gas","name":"Fore River Energy Center","operator":"Calpine","capacity":"872 MW","capacity_num":872.2,"status":"Active"}},{"type":"Feature","geometry":{"type":"Point","coordinates":[-110.3093379,24.2230232]},"properties":{"type":"non-renewable","subtype":"oil","name":"Punta Prieta Power Plant","operator":"Multiple/Unknown","capacity":"156 MW","capacity_num":155.5,"status":"Active"}},{"type":"Feature","geometry":{"type":"Point","coordinates":[-70.0535077,42.0309644]},"properties":{"type":"non-renewable","subtype":"oil","name":"Central Heating Plant","operator":"Multiple/Unknown","capacity":"100 MW","capacity_num":100,"status":"Active"}},{"type":"Feature","geometry":{"type":"Point","coordinates":[-88.2672133,20.6983887]},"properties":{"type":"non-renewable","subtype":"gas","name":"Central termoeléctrica Felipe Carrillo Puerto","operator":"Multiple/Unknown","capacity":"220 MW","capacity_num":220,"status":"Active"}},{"type":"Feature","geometry":{"type":"Point","coordinates":[-88.2684928,20.6934125]},"properties":{"type":"non-renewable","subtype":"gas","name":"Central de ciclo combinado Valladolid III","operator":"Multiple/Unknown","capacity":"525 MW","capacity_num":525,"status":"Active"}},{"type":"Feature","geometry":{"type":"Point","coordinates":[-93.8425956,45.3309409]},"properties":{"type":"nuclear","subtype":"nuclear","name":"Monticello Nuclear Generating Plant","operator":"Xcel Energy","capacity":"685 MW","capacity_num":685,"status":"Active"}},{"type":"Feature","geometry":{"type":"Point","coordinates":[-81.581625,44.3239502]},"properties":{"type":"nuclear","subtype":"nuclear","name":"Bruce Nuclear Generating Station","operator":"Bruce Power","capacity":"6232 MW","capacity_num":6232,"status":"Active"}},{"type":"Feature","geometry":{"type":"Point","coordinates":[-76.8511434,44.1477931]},"properties":{"type":"non-renewable","subtype":"gas","name":"Lennox Generating Station","operator":"Multiple/Unknown","capacity":"2100 MW","capacity_num":2100,"status":"Active"}},{"type":"Feature","geometry":{"type":"Point","coordinates":[-103.0264746,49.0947977]},"properties":{"type":"non-renewable","subtype":"coal","name":"Boundary Dam Power Station","operator":"SaskPower","capacity":"813 MW","capacity_num":813,"status":"Active"}},{"type":"Feature","geometry":{"type":"Point","coordinates":[-92.6000878,30.2828559]},"properties":{"type":"non-renewable","subtype":"gas","name":"Bayou Cove Peaking Power","operator":"Bayou Cove, LLC","capacity":"416 MW","capacity_num":416,"status":"Active"}},{"type":"Feature","geometry":{"type":"Point","coordinates":[-92.0430496,30.2553414]},"properties":{"type":"non-renewable","subtype":"gas","name":"T. J. Labbe Electric Generating","operator":"Lafayette Utilities System","capacity":"101 MW","capacity_num":100.8,"status":"Active"}},{"type":"Feature","geometry":{"type":"Point","coordinates":[-155.4700869,20.0939094]},"properties":{"type":"non-renewable","subtype":"oil","name":"Hamakua Energy Plant","operator":"Hamakua Energy, LLC","capacity":"61 MW","capacity_num":60.8,"status":"Active"}},{"type":"Feature","geometry":{"type":"Point","coordinates":[-111.9091061,57.0404955]},"properties":{"type":"non-renewable","subtype":"gas","name":"MacKay River TC Power Plant","operator":"Multiple/Unknown","capacity":"165 MW","capacity_num":165,"status":"Active"}},{"type":"Feature","geometry":{"type":"Point","coordinates":[-102.5714996,34.1864973]},"properties":{"type":"non-renewable","subtype":"coal","name":"Tolk Generating Station","operator":"Southwestern Public Service Co","capacity":"1136 MW","capacity_num":1135.8,"status":"Active"}},{"type":"Feature","geometry":{"type":"Point","coordinates":[-88.6872182,43.1675644]},"properties":{"type":"non-renewable","subtype":"gas","name":"Concord Generating Station","operator":"Wisconsin Electric Power Co","capacity":"382 MW","capacity_num":381.6,"status":"Active"}},{"type":"Feature","geometry":{"type":"Point","coordinates":[-93.4314548,44.7856178]},"properties":{"type":"non-renewable","subtype":"gas","name":"Blue Lake Plant","operator":"Northern States Power Co - Minnesota","capacity":"333 MW","capacity_num":332.6,"status":"Active"}},{"type":"Feature","geometry":{"type":"Point","coordinates":[-86.0849131,42.7567511]},"properties":{"type":"non-renewable","subtype":"gas","name":"48th Street Generation Station","operator":"City of Holland","capacity":"162 MW","capacity_num":161.7,"status":"Active"}},{"type":"Feature","geometry":{"type":"Point","coordinates":[-92.9110352,44.7960032]},"properties":{"type":"non-renewable","subtype":"gas","name":"LSP-Cottage Grove LP Power Plant","operator":"Cottage Grove Operating Services LLC","capacity":"284 MW","capacity_num":283.5,"status":"Active"}},{"type":"Feature","geometry":{"type":"Point","coordinates":[-109.0331733,51.8578918]},"properties":{"type":"non-renewable","subtype":"gas","name":"Ermine Power Station","operator":"SaskPower","capacity":"90 MW","capacity_num":90,"status":"Active"}},{"type":"Feature","geometry":{"type":"Point","coordinates":[-95.9181805,30.5931489]},"properties":{"type":"non-renewable","subtype":"gas","name":"Tenaska Frontier Generating Station","operator":"Tenaska","capacity":"940 MW","capacity_num":939.7,"status":"Active"}},{"type":"Feature","geometry":{"type":"Point","coordinates":[-95.9337732,34.6832384]},"properties":{"type":"non-renewable","subtype":"gas","name":"Kiamichi Energy Facility","operator":"Kiowa Power Partners LLC","capacity":"1370 MW","capacity_num":1370,"status":"Active"}},{"type":"Feature","geometry":{"type":"Point","coordinates":[-83.531982,42.1671031]},"properties":{"type":"non-renewable","subtype":"gas","name":"Sumpter Generating Facility","operator":"Wolverine Power Supply Cooperative, Inc.","capacity":"340 MW","capacity_num":340,"status":"Active"}},{"type":"Feature","geometry":{"type":"Point","coordinates":[-53.0978272,47.4510125]},"properties":{"type":"non-renewable","subtype":"oil","name":"Holyrood Thermal Generating Station","operator":"Nalcor","capacity":"450 MW","capacity_num":450,"status":"Active"}},{"type":"Feature","geometry":{"type":"Point","coordinates":[-83.8355725,43.6471427]},"properties":{"type":"non-renewable","subtype":"gas","name":"D. E. Karn Generating Plant","operator":"Consumers Energy Co","capacity":"1149 MW","capacity_num":1149,"status":"Active"}},{"type":"Feature","geometry":{"type":"Point","coordinates":[-85.9956689,42.8203481]},"properties":{"type":"non-renewable","subtype":"gas","name":"Zeeland Generating Station","operator":"Consumers Energy","capacity":"968 MW","capacity_num":968.2,"status":"Active"}},{"type":"Feature","geometry":{"type":"Point","coordinates":[-95.9346101,35.9831767]},"properties":{"type":"non-renewable","subtype":"gas","name":"Green Country Energy","operator":"Public Service Company of Oklahoma","capacity":"904 MW","capacity_num":903.9,"status":"Active"}},{"type":"Feature","geometry":{"type":"Point","coordinates":[-95.7838311,40.6221252]},"properties":{"type":"non-renewable","subtype":"coal","name":"OPPD Nebraska City Power Station","operator":"Omaha Public Power District","capacity":"1390 MW","capacity_num":1389.6,"status":"Active"}},{"type":"Feature","geometry":{"type":"Point","coordinates":[-99.8900333,49.8456195]},"properties":{"type":"non-renewable","subtype":"gas","name":"Brandon Generating Station","operator":"Multiple/Unknown","capacity":"333 MW","capacity_num":333,"status":"Active"}},{"type":"Feature","geometry":{"type":"Point","coordinates":[-125.2817812,50.0688802]},"properties":{"type":"non-renewable","subtype":"gas","name":"Island Cogeneration Plant","operator":"Capital Power Corporation","capacity":"254 MW","capacity_num":254,"status":"Active"}},{"type":"Feature","geometry":{"type":"Point","coordinates":[-87.6524166,41.8673917]},"properties":{"type":"non-renewable","subtype":"gas","name":"UIC Co-Generation Facility","operator":"Multiple/Unknown","capacity":"100 MW","capacity_num":100,"status":"Active"}},{"type":"Feature","geometry":{"type":"Point","coordinates":[-60.038309,46.2369554]},"properties":{"type":"non-renewable","subtype":"coal","name":"Lingan Generating Station","operator":"Multiple/Unknown","capacity":"620 MW","capacity_num":620,"status":"Active"}},{"type":"Feature","geometry":{"type":"Point","coordinates":[-62.6455198,45.6216513]},"properties":{"type":"non-renewable","subtype":"coal","name":"Trenton Generating Station","operator":"Nova Scotia Power","capacity":"310 MW","capacity_num":310,"status":"Active"}},{"type":"Feature","geometry":{"type":"Point","coordinates":[-57.218852,74.578682]},"properties":{"type":"non-renewable","subtype":"oil","name":"OIL Power Plant","operator":"Multiple/Unknown","capacity":"100 MW","capacity_num":100,"status":"Active"}},{"type":"Feature","geometry":{"type":"Point","coordinates":[-94.2840854,36.1854669]},"properties":{"type":"non-renewable","subtype":"gas","name":"Harry D. Mattison Power Plant","operator":"Southwestern Electric Power Company","capacity":"349 MW","capacity_num":349,"status":"Active"}},{"type":"Feature","geometry":{"type":"Point","coordinates":[-105.4739711,49.0488373]},"properties":{"type":"non-renewable","subtype":"coal","name":"Poplar River Power Station","operator":"SaskPower","capacity":"582 MW","capacity_num":582,"status":"Active"}},{"type":"Feature","geometry":{"type":"Point","coordinates":[-83.0903538,42.3040169]},"properties":{"type":"non-renewable","subtype":"gas","name":"Mistersky Gas Power Plant","operator":"Detroit Public Lighting Authority","capacity":"142 MW","capacity_num":142,"status":"Active"}},{"type":"Feature","geometry":{"type":"Point","coordinates":[-117.5542927,33.3685693]},"properties":{"type":"nuclear","subtype":"nuclear","name":"Unit 3","operator":"Multiple/Unknown","capacity":"100 MW","capacity_num":100,"status":"Active"}},{"type":"Feature","geometry":{"type":"Point","coordinates":[-117.555484,33.369207]},"properties":{"type":"nuclear","subtype":"nuclear","name":"Unit 2","operator":"Multiple/Unknown","capacity":"100 MW","capacity_num":100,"status":"Active"}},{"type":"Feature","geometry":{"type":"Point","coordinates":[-94.6449205,35.1934119]},"properties":{"type":"non-renewable","subtype":"coal","name":"River Valley Power Plant","operator":"Oklahoma Gas & Electric","capacity":"350 MW","capacity_num":350,"status":"Active"}},{"type":"Feature","geometry":{"type":"Point","coordinates":[-114.0148362,51.3973971]},"properties":{"type":"non-renewable","subtype":"gas","name":"ENMAX Crossfield Energy Centre","operator":"Enmax","capacity":"144 MW","capacity_num":144,"status":"Active"}},{"type":"Feature","geometry":{"type":"Point","coordinates":[-82.0164336,28.0277689]},"properties":{"type":"non-renewable","subtype":"oil","name":"Winston Power Plant","operator":"City of Lakeland - (FL)","capacity":"50 MW","capacity_num":50,"status":"Active"}},{"type":"Feature","geometry":{"type":"Point","coordinates":[-81.9898333,27.7266909]},"properties":{"type":"non-renewable","subtype":"gas","name":"Polk Power Station","operator":"TECO","capacity":"1493 MW","capacity_num":1492.5,"status":"Active"}},{"type":"Feature","geometry":{"type":"Point","coordinates":[-158.1276126,21.3556249]},"properties":{"type":"non-renewable","subtype":"oil","name":"Kahe Power Plant","operator":"Hawaiian Electric Company","capacity":"582 MW","capacity_num":582.1,"status":"Active"}},{"type":"Feature","geometry":{"type":"Point","coordinates":[-80.2446247,27.3473682]},"properties":{"type":"nuclear","subtype":"nuclear","name":"Saint Lucie Nuclear Power Plant","operator":"Florida Power & Light","capacity":"2160 MW","capacity_num":2160,"status":"Active"}},{"type":"Feature","geometry":{"type":"Point","coordinates":[-80.7944664,28.3653424]},"properties":{"type":"non-renewable","subtype":"gas","name":"Oleander Plant","operator":"Oleander Holdings LLC","capacity":"994 MW","capacity_num":994.4,"status":"Active"}},{"type":"Feature","geometry":{"type":"Point","coordinates":[-94.0021452,44.1991063]},"properties":{"type":"non-renewable","subtype":"gas","name":"Mankato Energy Center","operator":"Southern Power Co","capacity":"720 MW","capacity_num":720,"status":"Active"}},{"type":"Feature","geometry":{"type":"Point","coordinates":[-114.3239323,52.3582711]},"properties":{"type":"non-renewable","subtype":"gas","name":"ConocoPhillips Gas Plant","operator":"Multiple/Unknown","capacity":"100 MW","capacity_num":100,"status":"Active"}},{"type":"Feature","geometry":{"type":"Point","coordinates":[-108.1715686,52.6831293]},"properties":{"type":"non-renewable","subtype":"gas","name":"North Battleford Energy Centre","operator":"Multiple/Unknown","capacity":"260 MW","capacity_num":260,"status":"Active"}},{"type":"Feature","geometry":{"type":"Point","coordinates":[-96.6369911,43.6029974]},"properties":{"type":"non-renewable","subtype":"gas","name":"Angus C. Anson Generating Plant","operator":"Xcel Energy","capacity":"386 MW","capacity_num":386,"status":"Active"}},{"type":"Feature","geometry":{"type":"Point","coordinates":[-73.950791,40.7537982]},"properties":{"type":"non-renewable","subtype":"gas","name":"Vernon Boulevard Power Project","operator":"New York Power Authority","capacity":"80 MW","capacity_num":80,"status":"Active"}},{"type":"Feature","geometry":{"type":"Point","coordinates":[-73.9455704,40.7600053]},"properties":{"type":"non-renewable","subtype":"gas","name":"Ravenswood Generating Station","operator":"LS Power/Helix Ravenswood, LLC","capacity":"2030 MW","capacity_num":2030,"status":"Active"}},{"type":"Feature","geometry":{"type":"Point","coordinates":[-73.8979183,40.7821809]},"properties":{"type":"non-renewable","subtype":"gas","name":"Astoria Energy Combined Cycle Plant","operator":"Astoria Energy","capacity":"1245 MW","capacity_num":1245,"status":"Active"}},{"type":"Feature","geometry":{"type":"Point","coordinates":[-123.479188,46.9689039]},"properties":{"type":"non-renewable","subtype":"gas","name":"Grays Harbor Energy","operator":"Invenergy Services LLC","capacity":"715 MW","capacity_num":714.9,"status":"Active"}},{"type":"Feature","geometry":{"type":"Point","coordinates":[-101.1426609,47.3794686]},"properties":{"type":"non-renewable","subtype":"coal","name":"Coal Creek Power Station","operator":"Great River Energy","capacity":"1216 MW","capacity_num":1215.6,"status":"Active"}},{"type":"Feature","geometry":{"type":"Point","coordinates":[-73.6144487,45.5016162]},"properties":{"type":"non-renewable","subtype":"gas","name":"Centrale thermique","operator":"Multiple/Unknown","capacity":"100 MW","capacity_num":100,"status":"Active"}},{"type":"Feature","geometry":{"type":"Point","coordinates":[-82.0261157,40.093846]},"properties":{"type":"non-renewable","subtype":"gas","name":"Dresden Energy Facility","operator":"Appalachian Power","capacity":"625 MW","capacity_num":625,"status":"Active"}},{"type":"Feature","geometry":{"type":"Point","coordinates":[-122.365627,47.0796252]},"properties":{"type":"non-renewable","subtype":"gas","name":"Frederickson Generating Station","operator":"Puget Sound Energy","capacity":"178 MW","capacity_num":177.8,"status":"Active"}},{"type":"Feature","geometry":{"type":"Point","coordinates":[-79.5312293,44.0754891]},"properties":{"type":"non-renewable","subtype":"gas","name":"York Energy Centre","operator":"Multiple/Unknown","capacity":"100 MW","capacity_num":100,"status":"Active"}},{"type":"Feature","geometry":{"type":"Point","coordinates":[-91.0601585,41.3884583]},"properties":{"type":"non-renewable","subtype":"coal","name":"Muscatine Power Plant","operator":"Muscatine Power and Water","capacity":"294 MW","capacity_num":293.5,"status":"Active"}},{"type":"Feature","geometry":{"type":"Point","coordinates":[-94.9026527,38.5320868]},"properties":{"type":"non-renewable","subtype":"gas","name":"Osawatomie Power Station","operator":"Evergy","capacity":"102 MW","capacity_num":102,"status":"Active"}},{"type":"Feature","geometry":{"type":"Point","coordinates":[-87.6903491,45.0867489]},"properties":{"type":"non-renewable","subtype":"gas","name":"West Marinette 34 Power Plant","operator":"Madison Gas & Electric Co","capacity":"83 MW","capacity_num":83,"status":"Active"}},{"type":"Feature","geometry":{"type":"Point","coordinates":[-79.9180803,39.8597726]},"properties":{"type":"non-renewable","subtype":"gas","name":"Fayette Energy Facility","operator":"Fayette Power Company, LLC","capacity":"715 MW","capacity_num":714.9,"status":"Active"}},{"type":"Feature","geometry":{"type":"Point","coordinates":[-76.9486201,42.679834]},"properties":{"type":"non-renewable","subtype":"gas","name":"Greenridge Generation LLC Power Plant","operator":"Greenidge Generation Holdings LLC","capacity":"112 MW","capacity_num":112,"status":"Active"}},{"type":"Feature","geometry":{"type":"Point","coordinates":[-96.8512278,50.134268]},"properties":{"type":"non-renewable","subtype":"gas","name":"Selkirk Generating Station","operator":"Manitoba Hydro","capacity":"125 MW","capacity_num":125,"status":"Active"}},{"type":"Feature","geometry":{"type":"Point","coordinates":[-83.4605277,41.477338]},"properties":{"type":"non-renewable","subtype":"gas","name":"TroyEnergy","operator":"Multiple/Unknown","capacity":"796 MW","capacity_num":795.6,"status":"Active"}},{"type":"Feature","geometry":{"type":"Point","coordinates":[-83.0793559,41.5935231]},"properties":{"type":"nuclear","subtype":"nuclear","name":"Davis-Besse Nuclear Power Station","operator":"Energy Harbor Nuclear Generation LLC","capacity":"925 MW","capacity_num":925.2,"status":"Active"}},{"type":"Feature","geometry":{"type":"Point","coordinates":[-104.6800681,39.7437535]},"properties":{"type":"non-renewable","subtype":"gas","name":"Blue Spruce Energy Center","operator":"Public Service Co of Colorado","capacity":"398 MW","capacity_num":397.8,"status":"Active"}},{"type":"Feature","geometry":{"type":"Point","coordinates":[-112.1562242,33.4418129]},"properties":{"type":"non-renewable","subtype":"gas","name":"West Phoenix Power Plant","operator":"Arizona Public Service","capacity":"1006 MW","capacity_num":1006,"status":"Active"}},{"type":"Feature","geometry":{"type":"Point","coordinates":[-82.7755577,34.3473977]},"properties":{"type":"non-renewable","subtype":"gas","name":"John S Rainey Power Plant","operator":"South Carolina Public Service Authority","capacity":"1102 MW","capacity_num":1102,"status":"Active"}},{"type":"Feature","geometry":{"type":"Point","coordinates":[-82.8201715,34.3393278]},"properties":{"type":"non-renewable","subtype":"gas","name":"Hartwell Energy Facility","operator":"Oglethorpe Power Corporation","capacity":"360 MW","capacity_num":360,"status":"Active"}},{"type":"Feature","geometry":{"type":"Point","coordinates":[-83.397738,34.0407192]},"properties":{"type":"non-renewable","subtype":"gas","name":"Plant Dahlberg","operator":"Southern Power","capacity":"919 MW","capacity_num":919,"status":"Active"}},{"type":"Feature","geometry":{"type":"Point","coordinates":[-85.9043724,33.0008871]},"properties":{"type":"non-renewable","subtype":"gas","name":"Hillabee Energy Center","operator":"CER Generation LLC","capacity":"823 MW","capacity_num":822.8,"status":"Active"}},{"type":"Feature","geometry":{"type":"Point","coordinates":[-89.4125733,31.9827261]},"properties":{"type":"non-renewable","subtype":"gas","name":"Sylvarena Power Plant","operator":"Cooperative Energy","capacity":"141 MW","capacity_num":141,"status":"Active"}},{"type":"Feature","geometry":{"type":"Point","coordinates":[-75.3126901,40.6184129]},"properties":{"type":"non-renewable","subtype":"gas","name":"Calpine Bethlehem Energy Center","operator":"Calpine","capacity":"1153 MW","capacity_num":1153,"status":"Active"}},{"type":"Feature","geometry":{"type":"Point","coordinates":[-75.1099484,40.796607]},"properties":{"type":"non-renewable","subtype":"gas","name":"Martin's Creek Power Plant","operator":"Talen Energy","capacity":"1794 MW","capacity_num":1794.1,"status":"Active"}},{"type":"Feature","geometry":{"type":"Point","coordinates":[-75.1072567,40.8014678]},"properties":{"type":"non-renewable","subtype":"gas","name":"Lower Mount Bethel PPL Plant","operator":"Lower Mount Bethel Energy LLC","capacity":"652 MW","capacity_num":651.6,"status":"Active"}},{"type":"Feature","geometry":{"type":"Point","coordinates":[-75.4794447,40.6919843]},"properties":{"type":"non-renewable","subtype":"coal","name":"Northampton Generating Plant","operator":"EIF Northampton GP, LLC","capacity":"134 MW","capacity_num":134.1,"status":"Active"}},{"type":"Feature","geometry":{"type":"Point","coordinates":[-96.80811,40.3297918]},"properties":{"type":"non-renewable","subtype":"gas","name":"Beatrice Power Station","operator":"Nebraska Public Power District","capacity":"247 MW","capacity_num":247.1,"status":"Active"}},{"type":"Feature","geometry":{"type":"Point","coordinates":[-81.7159663,39.5336762]},"properties":{"type":"non-renewable","subtype":"gas","name":"Waterford Power, LLC","operator":"Waterford Power, LLC","capacity":"922 MW","capacity_num":921.6,"status":"Active"}},{"type":"Feature","geometry":{"type":"Point","coordinates":[-81.6558896,39.5808265]},"properties":{"type":"non-renewable","subtype":"gas","name":"Washington Energy Facility","operator":"Dynergy","capacity":"715 MW","capacity_num":714.9,"status":"Active"}},{"type":"Feature","geometry":{"type":"Point","coordinates":[-88.7301021,42.8554496]},"properties":{"type":"non-renewable","subtype":"gas","name":"LSP-Whitewater LP Power Plant","operator":"Whitewater Operating Services LLC","capacity":"284 MW","capacity_num":283.5,"status":"Active"}},{"type":"Feature","geometry":{"type":"Point","coordinates":[-95.0113026,30.4196987]},"properties":{"type":"non-renewable","subtype":"gas","name":"San Jacinto Peaking Power Facility","operator":"East Texas Electric Cooperative","capacity":"170 MW","capacity_num":170,"status":"Active"}},{"type":"Feature","geometry":{"type":"Point","coordinates":[-114.5331705,34.8689654]},"properties":{"type":"non-renewable","subtype":"gas","name":"South Point Energy Center","operator":"Calpine","capacity":"708 MW","capacity_num":708,"status":"Active"}},{"type":"Feature","geometry":{"type":"Point","coordinates":[-89.2022623,34.8344872]},"properties":{"type":"non-renewable","subtype":"gas","name":"Magnolia Power Plant","operator":"Tennessee Valley Authority","capacity":"1004 MW","capacity_num":1003.5,"status":"Active"}},{"type":"Feature","geometry":{"type":"Point","coordinates":[-111.7886793,51.4358408]},"properties":{"type":"non-renewable","subtype":"gas","name":"Sheerness Generating Station","operator":"ATCO Electric - TransAlta Utilities","capacity":"800 MW","capacity_num":800,"status":"Active"}},{"type":"Feature","geometry":{"type":"Point","coordinates":[-82.4522724,42.7695557]},"properties":{"type":"non-renewable","subtype":"gas","name":"Greenfield Energy Centre","operator":"Calpine","capacity":"1038 MW","capacity_num":1038,"status":"Active"}},{"type":"Feature","geometry":{"type":"Point","coordinates":[-106.6115007,45.8828436]},"properties":{"type":"non-renewable","subtype":"coal","name":"Colstrip Power Plant","operator":"Talen Montana LLC","capacity":"1647 MW","capacity_num":1647.4,"status":"Active"}},{"type":"Feature","geometry":{"type":"Point","coordinates":[-78.719938,43.8705928]},"properties":{"type":"nuclear","subtype":"nuclear","name":"Darlington Nuclear Generating Station","operator":"Ontario Power Generation","capacity":"3512 MW","capacity_num":3512,"status":"Active"}},{"type":"Feature","geometry":{"type":"Point","coordinates":[-73.9763491,40.6993039]},"properties":{"type":"non-renewable","subtype":"gas","name":"Brooklyn Navy Yard Cogeneration","operator":"Brooklyn Navy Yard Cogen PLP","capacity":"296 MW","capacity_num":296,"status":"Active"}},{"type":"Feature","geometry":{"type":"Point","coordinates":[-90.2799317,41.7121338]},"properties":{"type":"non-renewable","subtype":"gas","name":"Cordova Energy Power Plant","operator":"Cordova Energy Co LLC","capacity":"611 MW","capacity_num":611.2,"status":"Active"}},{"type":"Feature","geometry":{"type":"Point","coordinates":[-86.9254282,40.429232]},"properties":{"type":"non-renewable","subtype":"gas","name":"Northwest Chiller Plant (NWCP)","operator":"Purdue University","capacity":"100 MW","capacity_num":100,"status":"Active"}},{"type":"Feature","geometry":{"type":"Point","coordinates":[-86.4511509,38.8006126]},"properties":{"type":"non-renewable","subtype":"gas","name":"Lawrence County Power Plant","operator":"Hoosier Energy","capacity":"402 MW","capacity_num":402,"status":"Active"}},{"type":"Feature","geometry":{"type":"Point","coordinates":[-106.7047909,52.0945887]},"properties":{"type":"non-renewable","subtype":"gas","name":"Queen Elizabeth Power Station","operator":"Multiple/Unknown","capacity":"634 MW","capacity_num":634,"status":"Active"}},{"type":"Feature","geometry":{"type":"Point","coordinates":[-110.900238,32.1563088]},"properties":{"type":"non-renewable","subtype":"gas","name":"H Wilson Sundt Generating Station","operator":"Tucson Electric Power","capacity":"529 MW","capacity_num":528.9,"status":"Active"}},{"type":"Feature","geometry":{"type":"Point","coordinates":[-95.5576468,33.6970032]},"properties":{"type":"non-renewable","subtype":"gas","name":"Paris Energy Center","operator":"Paris Generation LP","capacity":"266 MW","capacity_num":265.6,"status":"Active"}},{"type":"Feature","geometry":{"type":"Point","coordinates":[-115.0359683,36.1391507]},"properties":{"type":"non-renewable","subtype":"gas","name":"Sun Peak Generating Station","operator":"Nevada Power Co","capacity":"222 MW","capacity_num":222,"status":"Active"}},{"type":"Feature","geometry":{"type":"Point","coordinates":[-80.8931089,48.8712378]},"properties":{"type":"non-renewable","subtype":"gas","name":"Tunis Power Plant","operator":"Atlantic Power","capacity":"100 MW","capacity_num":100,"status":"Active"}},{"type":"Feature","geometry":{"type":"Point","coordinates":[-81.325696,28.8420412]},"properties":{"type":"non-renewable","subtype":"gas","name":"Sanford Power Plant","operator":"Florida Power & Light Co","capacity":"2378 MW","capacity_num":2377.8,"status":"Active"}},{"type":"Feature","geometry":{"type":"Point","coordinates":[-151.0353604,61.185353]},"properties":{"type":"non-renewable","subtype":"gas","name":"Beluga Power Plant","operator":"Chugach Electric","capacity":"312 MW","capacity_num":312.4,"status":"Active"}},{"type":"Feature","geometry":{"type":"Point","coordinates":[-88.0133809,42.6648984]},"properties":{"type":"non-renewable","subtype":"gas","name":"Paris Generating Station","operator":"Wisconsin Electric Power Co","capacity":"382 MW","capacity_num":381.6,"status":"Active"}},{"type":"Feature","geometry":{"type":"Point","coordinates":[-93.2931281,43.0945192]},"properties":{"type":"non-renewable","subtype":"gas","name":"Emery Generating Station","operator":"Alliant Energy","capacity":"603 MW","capacity_num":602.8,"status":"Active"}},{"type":"Feature","geometry":{"type":"Point","coordinates":[-76.3976138,43.5222847]},"properties":{"type":"nuclear","subtype":"nuclear","name":"James A. FitzPatrick Nuclear Power Plant","operator":"Exelon Nuclear","capacity":"838 MW","capacity_num":838,"status":"Active"}},{"type":"Feature","geometry":{"type":"Point","coordinates":[-84.2246284,43.5862767]},"properties":{"type":"non-renewable","subtype":"gas","name":"Midland Cogeneration Venture","operator":"Borealis Infrastructure","capacity":"1854 MW","capacity_num":1853.8,"status":"Active"}},{"type":"Feature","geometry":{"type":"Point","coordinates":[-80.4323647,40.6217756]},"properties":{"type":"nuclear","subtype":"nuclear","name":"Beaver Valley Nuclear Generating Station","operator":"Energy Harbor Nuclear Generation LLC","capacity":"1847 MW","capacity_num":1846.8,"status":"Active"}},{"type":"Feature","geometry":{"type":"Point","coordinates":[-77.6600501,36.4523397]},"properties":{"type":"non-renewable","subtype":"oil","name":"Rosemary Power Station","operator":"Virginia Electric & Power Company","capacity":"180 MW","capacity_num":180,"status":"Active"}},{"type":"Feature","geometry":{"type":"Point","coordinates":[-82.594232,38.3441185]},"properties":{"type":"non-renewable","subtype":"gas","name":"Big Sandy Peaker Plant","operator":"Middle River Power II LLC","capacity":"353 MW","capacity_num":353.4,"status":"Active"}},{"type":"Feature","geometry":{"type":"Point","coordinates":[-94.7913782,40.2878806]},"properties":{"type":"non-renewable","subtype":"gas","name":"Nodaway Power Plant","operator":"Associated Electric Coop, Inc","capacity":"316 MW","capacity_num":315.6,"status":"Active"}},{"type":"Feature","geometry":{"type":"Point","coordinates":[-111.2996131,32.5538089]},"properties":{"type":"non-renewable","subtype":"gas","name":"Saguaro Power Plant","operator":"Arizona Public Service","capacity":"185 MW","capacity_num":184.5,"status":"Active"}},{"type":"Feature","geometry":{"type":"Point","coordinates":[-108.6975787,32.3497718]},"properties":{"type":"non-renewable","subtype":"gas","name":"Lordsburg Generating Station","operator":"Public Service Co of NM","capacity":"88 MW","capacity_num":88,"status":"Active"}},{"type":"Feature","geometry":{"type":"Point","coordinates":[-119.3701461,45.8037899]},"properties":{"type":"non-renewable","subtype":"gas","name":"Hermiston Generating Plant","operator":"Hermiston Generating Co LP","capacity":"621 MW","capacity_num":621.2,"status":"Active"}},{"type":"Feature","geometry":{"type":"Point","coordinates":[-104.4791776,24.2299335]},"properties":{"type":"non-renewable","subtype":"gas","name":"Norte Durango Power Plant","operator":"Multiple/Unknown","capacity":"450 MW","capacity_num":450,"status":"Active"}},{"type":"Feature","geometry":{"type":"Point","coordinates":[-98.7565456,21.3113105]},"properties":{"type":"non-renewable","subtype":"gas","name":"Central Termoeléctrica Tamazunchale","operator":"Iberdrola","capacity":"1200 MW","capacity_num":1200,"status":"Active"}},{"type":"Feature","geometry":{"type":"Point","coordinates":[-100.6105674,21.2448164]},"properties":{"type":"non-renewable","subtype":"gas","name":"Central termoeléctrica Bajio","operator":"Intergen","capacity":"643 MW","capacity_num":643,"status":"Active"}},{"type":"Feature","geometry":{"type":"Point","coordinates":[-97.9011512,22.4947331]},"properties":{"type":"non-renewable","subtype":"gas","name":"Central termoeléctrica Altamira III & IV","operator":"Iberdrola","capacity":"1077 MW","capacity_num":1077,"status":"Active"}},{"type":"Feature","geometry":{"type":"Point","coordinates":[-97.9022433,22.4982648]},"properties":{"type":"non-renewable","subtype":"gas","name":"Central Termo-eléctrica Altamira II","operator":"Multiple/Unknown","capacity":"495 MW","capacity_num":495,"status":"Active"}},{"type":"Feature","geometry":{"type":"Point","coordinates":[-97.9053756,22.5019495]},"properties":{"type":"non-renewable","subtype":"gas","name":"Central termoeléctrica Altamira V","operator":"Iberdrola","capacity":"1143 MW","capacity_num":1143,"status":"Active"}},{"type":"Feature","geometry":{"type":"Point","coordinates":[-98.0073196,22.4358069]},"properties":{"type":"non-renewable","subtype":"oil","name":"Central termoeléctrica Altamira","operator":"Multiple/Unknown","capacity":"830 MW","capacity_num":830,"status":"Active"}},{"type":"Feature","geometry":{"type":"Point","coordinates":[-98.8469866,22.0766476]},"properties":{"type":"non-renewable","subtype":"oil","name":"Termoeléctrica del Golfo y Peñoles","operator":"AES","capacity":"520 MW","capacity_num":520,"status":"Active"}},{"type":"Feature","geometry":{"type":"Point","coordinates":[-111.7505488,33.3314422]},"properties":{"type":"non-renewable","subtype":"gas","name":"Santan Generating Station","operator":"Salt River Project","capacity":"1193 MW","capacity_num":1193,"status":"Active"}},{"type":"Feature","geometry":{"type":"Point","coordinates":[-100.0998412,25.7196829]},"properties":{"type":"non-renewable","subtype":"gas","name":"Monterrey II","operator":"CFE","capacity":"450 MW","capacity_num":450,"status":"Active"}},{"type":"Feature","geometry":{"type":"Point","coordinates":[-100.3598375,25.6786635]},"properties":{"type":"non-renewable","subtype":"gas","name":"San Jeronimo Power","operator":"Multiple/Unknown","capacity":"100 MW","capacity_num":100,"status":"Active"}},{"type":"Feature","geometry":{"type":"Point","coordinates":[-89.6167886,36.8775384]},"properties":{"type":"non-renewable","subtype":"coal","name":"Sikeston BMU","operator":"City of Sikeston - (MO)","capacity":"240 MW","capacity_num":240,"status":"Active"}},{"type":"Feature","geometry":{"type":"Point","coordinates":[-96.9904098,42.8967589]},"properties":{"type":"non-renewable","subtype":"oil","name":"Spirit Mound Power Plant","operator":"Basin Electric Power Cooperative","capacity":"135 MW","capacity_num":135,"status":"Active"}},{"type":"Feature","geometry":{"type":"Point","coordinates":[-51.3053017,69.9960749]},"properties":{"type":"non-renewable","subtype":"oil","name":"OIL Power Plant","operator":"Multiple/Unknown","capacity":"100 MW","capacity_num":100,"status":"Active"}},{"type":"Feature","geometry":{"type":"Point","coordinates":[-109.6100931,31.2234827]},"properties":{"type":"non-renewable","subtype":"gas","name":"Central Termoeléctrica El Fresnal","operator":"Multiple/Unknown","capacity":"335 MW","capacity_num":335,"status":"Active"}},{"type":"Feature","geometry":{"type":"Point","coordinates":[-109.6196923,30.522158]},"properties":{"type":"non-renewable","subtype":"gas","name":"Planta Generadora La Caridad","operator":"Multiple/Unknown","capacity":"513 MW","capacity_num":513,"status":"Active"}},{"type":"Feature","geometry":{"type":"Point","coordinates":[-93.7614907,32.5199583]},"properties":{"type":"non-renewable","subtype":"gas","name":"J Lamar Stall Unit","operator":"Southwestern Electric Power Co","capacity":"624 MW","capacity_num":624,"status":"Active"}},{"type":"Feature","geometry":{"type":"Point","coordinates":[-98.1413467,29.6245719]},"properties":{"type":"non-renewable","subtype":"gas","name":"Guadalupe Power Partners Generating Station","operator":"Guadalupe Power Partners LP","capacity":"1088 MW","capacity_num":1088.2,"status":"Active"}},{"type":"Feature","geometry":{"type":"Point","coordinates":[-111.5037906,32.9172245]},"properties":{"type":"non-renewable","subtype":"gas","name":"Coolidge Generation Station","operator":"Salt River Project","capacity":"726 MW","capacity_num":726,"status":"Active"}},{"type":"Feature","geometry":{"type":"Point","coordinates":[-91.065875,30.229791]},"properties":{"type":"non-renewable","subtype":"gas","name":"Carville Energy","operator":"Carville Energy LLC","capacity":"555 MW","capacity_num":555,"status":"Active"}},{"type":"Feature","geometry":{"type":"Point","coordinates":[-115.659923,32.6005344]},"properties":{"type":"non-renewable","subtype":"gas","name":"Termoeléctrica de Mexicali","operator":"Termoeléctrica de Mexicali","capacity":"625 MW","capacity_num":625,"status":"Active"}},{"type":"Feature","geometry":{"type":"Point","coordinates":[-106.4306452,31.9841207]},"properties":{"type":"non-renewable","subtype":"gas","name":"Newman Power Station","operator":"El Paso Electric","capacity":"882 MW","capacity_num":882,"status":"Active"}},{"type":"Feature","geometry":{"type":"Point","coordinates":[-97.4085149,32.3991272]},"properties":{"type":"non-renewable","subtype":"gas","name":"Johnson County Power Plant","operator":"Brazos Electric Power Coop Inc","capacity":"278 MW","capacity_num":278,"status":"Active"}},{"type":"Feature","geometry":{"type":"Point","coordinates":[-116.5530281,33.9110132]},"properties":{"type":"non-renewable","subtype":"gas","name":"Indigo Energy Facility","operator":"Diamond Generating Corporation","capacity":"150 MW","capacity_num":149.7,"status":"Active"}},{"type":"Feature","geometry":{"type":"Point","coordinates":[-120.8334606,45.8107847]},"properties":{"type":"non-renewable","subtype":"gas","name":"Goldendale Generating Station","operator":"Puget Sound Energy","capacity":"303 MW","capacity_num":302.8,"status":"Active"}},{"type":"Feature","geometry":{"type":"Point","coordinates":[-104.5288503,38.3207274]},"properties":{"type":"non-renewable","subtype":"gas","name":"Baculite Mesa Generating Station","operator":"Black Hills Service Company LLC","capacity":"440 MW","capacity_num":440,"status":"Active"}},{"type":"Feature","geometry":{"type":"Point","coordinates":[-114.1604658,35.035427]},"properties":{"type":"non-renewable","subtype":"gas","name":"Black Mountain Generating Station","operator":"UNS Electric, Inc","capacity":"121 MW","capacity_num":121,"status":"Active"}},{"type":"Feature","geometry":{"type":"Point","coordinates":[-93.891789,45.3796579]},"properties":{"type":"non-renewable","subtype":"coal","name":"Sherco Power","operator":"Xcel Energy","capacity":"1704 MW","capacity_num":1704,"status":"Active"}},{"type":"Feature","geometry":{"type":"Point","coordinates":[-81.3145493,34.2959838]},"properties":{"type":"nuclear","subtype":"nuclear","name":"Virgil C. Summer Nuclear Generating Station","operator":"SCE&G","capacity":"1030 MW","capacity_num":1029.6,"status":"Active"}},{"type":"Feature","geometry":{"type":"Point","coordinates":[-87.8397065,42.8458835]},"properties":{"type":"non-renewable","subtype":"coal","name":"Oak Creek Power Plant","operator":"Wisconsin Electric Power Co","capacity":"2643 MW","capacity_num":2642.6,"status":"Active"}},{"type":"Feature","geometry":{"type":"Point","coordinates":[-117.2628188,34.0513311]},"properties":{"type":"non-renewable","subtype":"gas","name":"GAS Power Plant","operator":"Multiple/Unknown","capacity":"100 MW","capacity_num":100,"status":"Active"}},{"type":"Feature","geometry":{"type":"Point","coordinates":[-73.9998522,40.6630067]},"properties":{"type":"non-renewable","subtype":"gas","name":"Joseph J. Seymour Power Project","operator":"New York Power Authority","capacity":"80 MW","capacity_num":80,"status":"Active"}},{"type":"Feature","geometry":{"type":"Point","coordinates":[-75.1188172,39.9176528]},"properties":{"type":"non-renewable","subtype":"gas","name":"Camden Cogeneration Plant","operator":"Camden Plant Holdings LLC","capacity":"173 MW","capacity_num":172.9,"status":"Active"}},{"type":"Feature","geometry":{"type":"Point","coordinates":[-70.9479182,42.9744826]},"properties":{"type":"non-renewable","subtype":"gas","name":"Phillips Exeter Academy","operator":"Phillips Exeter Academy","capacity":"822 MW","capacity_num":822,"status":"Active"}},{"type":"Feature","geometry":{"type":"Point","coordinates":[-57.0657431,74.1111869]},"properties":{"type":"non-renewable","subtype":"oil","name":"OIL Power Plant","operator":"Multiple/Unknown","capacity":"100 MW","capacity_num":100,"status":"Active"}},{"type":"Feature","geometry":{"type":"Point","coordinates":[-97.054367,32.4299804]},"properties":{"type":"non-renewable","subtype":"gas","name":"Midlothian Energy Facility","operator":"Multiple/Unknown","capacity":"1650 MW","capacity_num":1650,"status":"Active"}},{"type":"Feature","geometry":{"type":"Point","coordinates":[-84.7306976,45.030077]},"properties":{"type":"non-renewable","subtype":"gas","name":"Livingston Generating Station","operator":"CMS Energy","capacity":"170 MW","capacity_num":170.1,"status":"Active"}},{"type":"Feature","geometry":{"type":"Point","coordinates":[-56.1780444,73.0481185]},"properties":{"type":"non-renewable","subtype":"oil","name":"OIL Power Plant","operator":"Multiple/Unknown","capacity":"100 MW","capacity_num":100,"status":"Active"}},{"type":"Feature","geometry":{"type":"Point","coordinates":[-105.9197185,28.4465075]},"properties":{"type":"non-renewable","subtype":"gas","name":"Central de ciclo combinado Chihuahua II","operator":"Comision Federal de Electricidad","capacity":"619 MW","capacity_num":619,"status":"Active"}},{"type":"Feature","geometry":{"type":"Point","coordinates":[-103.4744446,25.5950689]},"properties":{"type":"non-renewable","subtype":"gas","name":"Central de ciclo combinado Gómez Palacio","operator":"Comision Federal de Electricidad","capacity":"220 MW","capacity_num":220,"status":"Active"}},{"type":"Feature","geometry":{"type":"Point","coordinates":[-103.5707942,25.4936607]},"properties":{"type":"non-renewable","subtype":"oil","name":"Central Termoeléctrica Guadalupe Victoria","operator":"Comisión Federal de Electricidad","capacity":"320 MW","capacity_num":320,"status":"Active"}},{"type":"Feature","geometry":{"type":"Point","coordinates":[-80.6665475,48.769439]},"properties":{"type":"non-renewable","subtype":"gas","name":"Iroquois Falls NPI Power Plant","operator":"Multiple/Unknown","capacity":"100 MW","capacity_num":100,"status":"Active"}},{"type":"Feature","geometry":{"type":"Point","coordinates":[-94.482837,38.67963]},"properties":{"type":"non-renewable","subtype":"gas","name":"South Harper","operator":"Evergy","capacity":"351 MW","capacity_num":351,"status":"Active"}},{"type":"Feature","geometry":{"type":"Point","coordinates":[-94.6143518,37.0657012]},"properties":{"type":"non-renewable","subtype":"gas","name":"State Line Combined Cycle Gas Power Plant","operator":"Empire District Electric Co","capacity":"691 MW","capacity_num":690.5,"status":"Active"}},{"type":"Feature","geometry":{"type":"Point","coordinates":[-112.2159298,33.5548747]},"properties":{"type":"non-renewable","subtype":"gas","name":"Agua Fria Generating Station","operator":"Salt River Project","capacity":"626 MW","capacity_num":626,"status":"Active"}},{"type":"Feature","geometry":{"type":"Point","coordinates":[-74.2096248,40.6235315]},"properties":{"type":"non-renewable","subtype":"gas","name":"Linden Generating Station","operator":"Public Service Enterprise Group","capacity":"1740 MW","capacity_num":1740,"status":"Active"}},{"type":"Feature","geometry":{"type":"Point","coordinates":[-82.3210443,29.6461854]},"properties":{"type":"non-renewable","subtype":"gas","name":"John R. Kelly Generating Station","operator":"Gainesville Regional Utilities","capacity":"142 MW","capacity_num":141.6,"status":"Active"}},{"type":"Feature","geometry":{"type":"Point","coordinates":[-91.7803405,38.7634859]},"properties":{"type":"nuclear","subtype":"nuclear","name":"Callaway Energy Center","operator":"Ameren","capacity":"1236 MW","capacity_num":1235.8,"status":"Active"}},{"type":"Feature","geometry":{"type":"Point","coordinates":[-117.9452343,34.0084504]},"properties":{"type":"non-renewable","subtype":"gas","name":"Walnut Creek Energy Park","operator":"Walnut Creek Energy, LLC","capacity":"500 MW","capacity_num":500,"status":"Active"}},{"type":"Feature","geometry":{"type":"Point","coordinates":[-120.6507932,35.2402083]},"properties":{"type":"non-renewable","subtype":"gas","name":"Hitachi Zosen Inova","operator":"Hitachi Zosen Inova","capacity":"100 MW","capacity_num":100,"status":"Active"}},{"type":"Feature","geometry":{"type":"Point","coordinates":[-109.1642337,34.3184951]},"properties":{"type":"non-renewable","subtype":"coal","name":"Springerville Generating Station","operator":"Tucson Electric Power Co","capacity":"1766 MW","capacity_num":1765.8,"status":"Active"}},{"type":"Feature","geometry":{"type":"Point","coordinates":[-109.2893739,34.5781171]},"properties":{"type":"non-renewable","subtype":"coal","name":"Coronado Generation Station","operator":"Salt River Project","capacity":"822 MW","capacity_num":821.8,"status":"Active"}},{"type":"Feature","geometry":{"type":"Point","coordinates":[-79.7686658,40.5463769]},"properties":{"type":"non-renewable","subtype":"gas","name":"Springdale 1 & 2","operator":"Springdale Energy LLC","capacity":"88 MW","capacity_num":87.6,"status":"Active"}},{"type":"Feature","geometry":{"type":"Point","coordinates":[-82.1198338,38.9353506]},"properties":{"type":"non-renewable","subtype":"coal","name":"James M. Gavin Power Plant","operator":"Gavin Power, LLC","capacity":"2600 MW","capacity_num":2600,"status":"Active"}},{"type":"Feature","geometry":{"type":"Point","coordinates":[-91.0906264,41.3253887]},"properties":{"type":"non-renewable","subtype":"coal","name":"Louisa Generating Station","operator":"MidAmerican Energy","capacity":"812 MW","capacity_num":811.9,"status":"Active"}},{"type":"Feature","geometry":{"type":"Point","coordinates":[-89.6722899,38.2782675]},"properties":{"type":"non-renewable","subtype":"coal","name":"Prairie State Energy Campus","operator":"Prairie State Generating Co LLC","capacity":"1766 MW","capacity_num":1766,"status":"Active"}},{"type":"Feature","geometry":{"type":"Point","coordinates":[-92.134364,34.4227171]},"properties":{"type":"non-renewable","subtype":"coal","name":"White Bluff Power Plant","operator":"Entergy Arkansas","capacity":"1800 MW","capacity_num":1800,"status":"Active"}},{"type":"Feature","geometry":{"type":"Point","coordinates":[-86.2443981,39.9022273]},"properties":{"type":"non-renewable","subtype":"gas","name":"Georgetown combustion turbines","operator":"Indianapolis Power & Light","capacity":"340 MW","capacity_num":340,"status":"Active"}},{"type":"Feature","geometry":{"type":"Point","coordinates":[-89.8584823,38.2036665]},"properties":{"type":"non-renewable","subtype":"coal","name":"Baldwin Energy Complex","operator":"Dynegy","capacity":"1260 MW","capacity_num":1259.6,"status":"Active"}},{"type":"Feature","geometry":{"type":"Point","coordinates":[-118.2209962,33.9989021]},"properties":{"type":"non-renewable","subtype":"gas","name":"Malburg Generating Station","operator":"Vernon Gas and Electric","capacity":"130 MW","capacity_num":130,"status":"Active"}},{"type":"Feature","geometry":{"type":"Point","coordinates":[-95.1296701,47.5446894]},"properties":{"type":"non-renewable","subtype":"gas","name":"Solway CT","operator":"Otter Tail Power Company","capacity":"51 MW","capacity_num":51.3,"status":"Active"}},{"type":"Feature","geometry":{"type":"Point","coordinates":[-111.5895408,32.9288128]},"properties":{"type":"non-renewable","subtype":"gas","name":"Sundance Generating Station","operator":"Arizona Public Service","capacity":"440 MW","capacity_num":440,"status":"Active"}},{"type":"Feature","geometry":{"type":"Point","coordinates":[-114.5574036,53.506613]},"properties":{"type":"non-renewable","subtype":"gas","name":"Sundance Power Station","operator":"Multiple/Unknown","capacity":"514 MW","capacity_num":514,"status":"Active"}},{"type":"Feature","geometry":{"type":"Point","coordinates":[-122.1342881,37.6351564]},"properties":{"type":"non-renewable","subtype":"gas","name":"Russell City Energy Center","operator":"Calpine","capacity":"655 MW","capacity_num":655,"status":"Active"}},{"type":"Feature","geometry":{"type":"Point","coordinates":[-111.137835,57.4291427]},"properties":{"type":"non-renewable","subtype":"gas","name":"Kearl","operator":"Imperial Oil","capacity":"255 MW","capacity_num":255,"status":"Active"}},{"type":"Feature","geometry":{"type":"Point","coordinates":[-114.9601276,36.4156213]},"properties":{"type":"non-renewable","subtype":"gas","name":"Apex Generating Station","operator":"Los Angeles Department of Water & Power","capacity":"601 MW","capacity_num":600.6,"status":"Active"}},{"type":"Feature","geometry":{"type":"Point","coordinates":[-114.9612476,36.410193]},"properties":{"type":"non-renewable","subtype":"gas","name":"Silverhawk Generating Station","operator":"Nevada Power Co","capacity":"1100 MW","capacity_num":1100,"status":"Active"}},{"type":"Feature","geometry":{"type":"Point","coordinates":[-119.2116221,55.3312495]},"properties":{"type":"non-renewable","subtype":"gas","name":"Grande Prairie Generating Station","operator":"Constellation Energy Corporation","capacity":"105 MW","capacity_num":105,"status":"Active"}},{"type":"Feature","geometry":{"type":"Point","coordinates":[-119.1029689,54.0075266]},"properties":{"type":"non-renewable","subtype":"gas","name":"H.R. Milner Plant","operator":"Maxim Power Corp","capacity":"300 MW","capacity_num":300,"status":"Active"}},{"type":"Feature","geometry":{"type":"Point","coordinates":[-92.1026184,38.5558053]},"properties":{"type":"non-renewable","subtype":"oil","name":"Moreau Power Plant","operator":"Ameren","capacity":"61 MW","capacity_num":60.8,"status":"Active"}},{"type":"Feature","geometry":{"type":"Point","coordinates":[-92.2629008,39.0191699]},"properties":{"type":"non-renewable","subtype":"gas","name":"Columbia Energy Center","operator":"City of Columbia - (MO)","capacity":"163 MW","capacity_num":162.8,"status":"Active"}},{"type":"Feature","geometry":{"type":"Point","coordinates":[-95.27621,36.2217982]},"properties":{"type":"non-renewable","subtype":"gas","name":"Siemens Energy AECI Chouteau - KAMO Power Plant","operator":"Associated Electric Coop, Inc","capacity":"1070 MW","capacity_num":1069.6,"status":"Active"}},{"type":"Feature","geometry":{"type":"Point","coordinates":[-102.3158567,31.842486]},"properties":{"type":"non-renewable","subtype":"gas","name":"Quail Run Energy Center","operator":"CER Quail Run Energy Partners LP","capacity":"550 MW","capacity_num":550.4,"status":"Active"}},{"type":"Feature","geometry":{"type":"Point","coordinates":[-114.3053912,53.3413133]},"properties":{"type":"non-renewable","subtype":"gas","name":"Genesee Generating Station","operator":"Capital Power","capacity":"1857 MW","capacity_num":1857,"status":"Active"}},{"type":"Feature","geometry":{"type":"Point","coordinates":[-114.446969,53.4470925]},"properties":{"type":"non-renewable","subtype":"gas","name":"Keephills Generating Station","operator":"TransAlta","capacity":"858 MW","capacity_num":858,"status":"Active"}},{"type":"Feature","geometry":{"type":"Point","coordinates":[-82.7883617,28.1843549]},"properties":{"type":"non-renewable","subtype":"gas","name":"Anclote Power Plant","operator":"Duke Energy","capacity":"1012 MW","capacity_num":1012,"status":"Active"}},{"type":"Feature","geometry":{"type":"Point","coordinates":[-77.3090798,43.2774193]},"properties":{"type":"nuclear","subtype":"nuclear","name":"R.E. Ginna Nuclear Station","operator":"Exelon Nuclear","capacity":"614 MW","capacity_num":614,"status":"Active"}},{"type":"Feature","geometry":{"type":"Point","coordinates":[-96.7866554,40.5615613]},"properties":{"type":"non-renewable","subtype":"coal","name":"Sheldon Power Station","operator":"Nebraska Public Power District","capacity":"229 MW","capacity_num":228.7,"status":"Active"}},{"type":"Feature","geometry":{"type":"Point","coordinates":[-100.6510491,40.2205166]},"properties":{"type":"non-renewable","subtype":"oil","name":"McCook Power Plant","operator":"Nebraska Public Power District","capacity":"57 MW","capacity_num":56.7,"status":"Active"}},{"type":"Feature","geometry":{"type":"Point","coordinates":[-109.2834694,40.0910599]},"properties":{"type":"non-renewable","subtype":"coal","name":"Bonanza Power Plant","operator":"Deseret Generation & Tran Coop","capacity":"458 MW","capacity_num":458,"status":"Active"}},{"type":"Feature","geometry":{"type":"Point","coordinates":[-102.585975,32.0706023]},"properties":{"type":"non-renewable","subtype":"gas","name":"Ector County Energy Center","operator":"Invenergy","capacity":"359 MW","capacity_num":358.8,"status":"Active"}},{"type":"Feature","geometry":{"type":"Point","coordinates":[-83.091668,42.3762444]},"properties":{"type":"non-renewable","subtype":"gas","name":"Herman Kiefer Steam Generation Plant","operator":"Detroit Public Lighting Authoirty","capacity":"591 MW","capacity_num":591,"status":"Active"}},{"type":"Feature","geometry":{"type":"Point","coordinates":[-116.9442471,32.5670028]},"properties":{"type":"non-renewable","subtype":"gas","name":"Larkspur Energy Facility","operator":"Diamond Generating Corporation","capacity":"100 MW","capacity_num":99.8,"status":"Active"}},{"type":"Feature","geometry":{"type":"Point","coordinates":[-94.5733125,32.2585119]},"properties":{"type":"non-renewable","subtype":"coal","name":"Martin Lake Power Plant","operator":"Luminant Generation Company LLC","capacity":"2380 MW","capacity_num":2379.6,"status":"Active"}},{"type":"Feature","geometry":{"type":"Point","coordinates":[-70.1536847,43.7517653]},"properties":{"type":"non-renewable","subtype":"oil","name":"Wyman Energy Center","operator":"NextEra Energy","capacity":"863 MW","capacity_num":862.7,"status":"Active"}},{"type":"Feature","geometry":{"type":"Point","coordinates":[-75.0804511,40.9071474]},"properties":{"type":"non-renewable","subtype":"oil","name":"Portland Generating Station","operator":"Portland Power, LLC","capacity":"194 MW","capacity_num":194,"status":"Active"}},{"type":"Feature","geometry":{"type":"Point","coordinates":[-104.7069758,38.6279297]},"properties":{"type":"non-renewable","subtype":"gas","name":"Front Range Power Station","operator":"City of Colorado Springs - (CO)","capacity":"554 MW","capacity_num":554.3,"status":"Active"}},{"type":"Feature","geometry":{"type":"Point","coordinates":[-119.1682364,34.1300819]},"properties":{"type":"non-renewable","subtype":"gas","name":"Ormond Beach Generating Station","operator":"GenOn","capacity":"1612 MW","capacity_num":1612,"status":"Active"}},{"type":"Feature","geometry":{"type":"Point","coordinates":[-80.0597073,36.2819193]},"properties":{"type":"non-renewable","subtype":"coal","name":"Belews Creek Steam Station","operator":"Duke Energy","capacity":"2491 MW","capacity_num":2491.2,"status":"Active"}},{"type":"Feature","geometry":{"type":"Point","coordinates":[-87.6521863,36.3891382]},"properties":{"type":"non-renewable","subtype":"coal","name":"Cumberland Fossil Plant","operator":"Tennessee Valley Authority","capacity":"2600 MW","capacity_num":2600,"status":"Active"}},{"type":"Feature","geometry":{"type":"Point","coordinates":[-81.8262648,38.471738]},"properties":{"type":"non-renewable","subtype":"coal","name":"John Amos Power Plant","operator":"Appalachian Power","capacity":"2933 MW","capacity_num":2932.6,"status":"Active"}},{"type":"Feature","geometry":{"type":"Point","coordinates":[-96.9487046,31.4747597]},"properties":{"type":"non-renewable","subtype":"coal","name":"Sandy Creek Energy Station","operator":"Sandy Creek Energy Associates LP","capacity":"1008 MW","capacity_num":1008,"status":"Active"}},{"type":"Feature","geometry":{"type":"Point","coordinates":[-76.1479475,41.0923897]},"properties":{"type":"nuclear","subtype":"nuclear","name":"Susquehanna Steam Electric Station","operator":"Talen Energy","capacity":"2600 MW","capacity_num":2600,"status":"Active"}},{"type":"Feature","geometry":{"type":"Point","coordinates":[-104.5781437,38.2056931]},"properties":{"type":"non-renewable","subtype":"coal","name":"Comanche Generating Station","operator":"Public Service Co of Colorado","capacity":"1635 MW","capacity_num":1635.3,"status":"Active"}},{"type":"Feature","geometry":{"type":"Point","coordinates":[-76.6652905,41.0691022]},"properties":{"type":"non-renewable","subtype":"gas","name":"TalenEnergy Montour Power Plant","operator":"Talen Energy","capacity":"1528 MW","capacity_num":1528,"status":"Active"}},{"type":"Feature","geometry":{"type":"Point","coordinates":[-89.6799143,40.5428524]},"properties":{"type":"non-renewable","subtype":"coal","name":"Powerton Generating Station","operator":"Midwest Generations EME LLC","capacity":"1786 MW","capacity_num":1785.6,"status":"Active"}},{"type":"Feature","geometry":{"type":"Point","coordinates":[-81.7604032,35.2168357]},"properties":{"type":"non-renewable","subtype":"coal","name":"James E. Rogers Energy Complex","operator":"Duke Energy","capacity":"1531 MW","capacity_num":1530.5,"status":"Active"}},{"type":"Feature","geometry":{"type":"Point","coordinates":[-90.1483939,29.9461767]},"properties":{"type":"non-renewable","subtype":"gas","name":"Nine Mile Point Power Plant","operator":"Entergy Louisiana","capacity":"2440 MW","capacity_num":2439.7,"status":"Active"}},{"type":"Feature","geometry":{"type":"Point","coordinates":[-80.7634214,28.4695154]},"properties":{"type":"non-renewable","subtype":"gas","name":"Cape Canaveral Power Plant","operator":"Florida Power & Light","capacity":"1295 MW","capacity_num":1295,"status":"Active"}},{"type":"Feature","geometry":{"type":"Point","coordinates":[-82.3467148,27.608756]},"properties":{"type":"non-renewable","subtype":"gas","name":"Manatee Power Plant","operator":"Florida Power & Light","capacity":"1150 MW","capacity_num":1150,"status":"Active"}},{"type":"Feature","geometry":{"type":"Point","coordinates":[-80.5625964,27.0577065]},"properties":{"type":"non-renewable","subtype":"gas","name":"Martin Power Plant","operator":"Florida Power & Light","capacity":"2449 MW","capacity_num":2448.5,"status":"Active"}},{"type":"Feature","geometry":{"type":"Point","coordinates":[-81.1449885,41.7979077]},"properties":{"type":"nuclear","subtype":"nuclear","name":"Perry Nuclear Power Plant","operator":"FirstEnergy","capacity":"1230 MW","capacity_num":1230,"status":"Active"}},{"type":"Feature","geometry":{"type":"Point","coordinates":[-93.2619063,37.107373]},"properties":{"type":"non-renewable","subtype":"gas","name":"James River Power Station","operator":"City Utilities of Springfield - (MO)","capacity":"198 MW","capacity_num":197.5,"status":"Active"}},{"type":"Feature","geometry":{"type":"Point","coordinates":[-158.0963127,21.301355]},"properties":{"type":"non-renewable","subtype":"oil","name":"Kalaeloa Cogen Plant","operator":"Kalaeloa Partners LP","capacity":"220 MW","capacity_num":220,"status":"Active"}},{"type":"Feature","geometry":{"type":"Point","coordinates":[-76.5294887,43.4572409]},"properties":{"type":"non-renewable","subtype":"oil","name":"Oswego Harbor Power","operator":"Oswego Harbor Power","capacity":"1804 MW","capacity_num":1803.6,"status":"Active"}},{"type":"Feature","geometry":{"type":"Point","coordinates":[-102.3256188,31.8389553]},"properties":{"type":"non-renewable","subtype":"gas","name":"Odessa Ector Power Partners","operator":"LaFrontera Holdings LLC","capacity":"1153 MW","capacity_num":1152.8,"status":"Active"}},{"type":"Feature","geometry":{"type":"Point","coordinates":[-95.6234236,29.4724297]},"properties":{"type":"non-renewable","subtype":"gas","name":"Brazos Valley Generating Facility","operator":"Calpine","capacity":"676 MW","capacity_num":675.6,"status":"Active"}},{"type":"Feature","geometry":{"type":"Point","coordinates":[-122.8546759,46.7543105]},"properties":{"type":"non-renewable","subtype":"coal","name":"Centralia Power Plant","operator":"TransAlta Centralia Gen LLC","capacity":"730 MW","capacity_num":729.9,"status":"Active"}},{"type":"Feature","geometry":{"type":"Point","coordinates":[-87.0623111,33.6313547]},"properties":{"type":"non-renewable","subtype":"coal","name":"James H. Miller Electric Generating Plant","operator":"Alabama Power","capacity":"2822 MW","capacity_num":2822,"status":"Active"}},{"type":"Feature","geometry":{"type":"Point","coordinates":[-96.1209096,39.2905561]},"properties":{"type":"non-renewable","subtype":"coal","name":"Jeffrey Energy Center","operator":"Evergy","capacity":"2160 MW","capacity_num":2160,"status":"Active"}},{"type":"Feature","geometry":{"type":"Point","coordinates":[-86.4215375,39.4811332]},"properties":{"type":"non-renewable","subtype":"gas","name":"Eagle Valley Generating Station","operator":"Indianapolis Power & Light","capacity":"644 MW","capacity_num":644,"status":"Active"}},{"type":"Feature","geometry":{"type":"Point","coordinates":[-87.2525586,38.5267736]},"properties":{"type":"non-renewable","subtype":"coal","name":"Petersburg Generating Station","operator":"Indianapolis Power & Light","capacity":"1741 MW","capacity_num":1741.2,"status":"Active"}},{"type":"Feature","geometry":{"type":"Point","coordinates":[-89.9466971,35.6625256]},"properties":{"type":"non-renewable","subtype":"coal","name":"Plum Point Energy Station","operator":"NRG Energy Services - Plum Point","capacity":"720 MW","capacity_num":720,"status":"Active"}},{"type":"Feature","geometry":{"type":"Point","coordinates":[-89.4958202,39.5964941]},"properties":{"type":"non-renewable","subtype":"coal","name":"Kincaid Power Station","operator":"Dynegy","capacity":"1319 MW","capacity_num":1319,"status":"Active"}},{"type":"Feature","geometry":{"type":"Point","coordinates":[-82.6349528,27.7582097]},"properties":{"type":"non-renewable","subtype":"oil","name":"Bayboro Power Plant","operator":"Duke Energy","capacity":"227 MW","capacity_num":226.8,"status":"Active"}},{"type":"Feature","geometry":{"type":"Point","coordinates":[-80.6514651,40.2444322]},"properties":{"type":"non-renewable","subtype":"coal","name":"Cardinal Plant","operator":"AEP","capacity":"1880 MW","capacity_num":1880.4,"status":"Active"}},{"type":"Feature","geometry":{"type":"Point","coordinates":[-87.7691938,38.3704059]},"properties":{"type":"non-renewable","subtype":"coal","name":"Gibson Generating Station","operator":"Duke Energy","capacity":"3145 MW","capacity_num":3145,"status":"Active"}},{"type":"Feature","geometry":{"type":"Point","coordinates":[-79.8771445,34.9817793]},"properties":{"type":"non-renewable","subtype":"oil","name":"Blewett Falls Plant","operator":"Duke Energy Progress","capacity":"70 MW","capacity_num":70,"status":"Active"}},{"type":"Feature","geometry":{"type":"Point","coordinates":[-79.720918,36.4910261]},"properties":{"type":"non-renewable","subtype":"gas","name":"Dan River Combined Cycle Station","operator":"Duke Energy","capacity":"698 MW","capacity_num":697.9,"status":"Active"}},{"type":"Feature","geometry":{"type":"Point","coordinates":[-87.2511472,38.8022571]},"properties":{"type":"non-renewable","subtype":"coal","name":"Edwardsport Integrated Gasification Combined Cycle","operator":"Duke Energy","capacity":"805 MW","capacity_num":804.5,"status":"Active"}},{"type":"Feature","geometry":{"type":"Point","coordinates":[-89.4039704,41.828683]},"properties":{"type":"non-renewable","subtype":"gas","name":"Lee Energy Facility","operator":"Duke Energy","capacity":"692 MW","capacity_num":692,"status":"Active"}},{"type":"Feature","geometry":{"type":"Point","coordinates":[-80.9640357,35.6086103]},"properties":{"type":"non-renewable","subtype":"coal","name":"Marshall Steam Station","operator":"Duke Energy","capacity":"2119 MW","capacity_num":2119,"status":"Active"}},{"type":"Feature","geometry":{"type":"Point","coordinates":[-74.0253988,40.6510506]},"properties":{"type":"non-renewable","subtype":"gas","name":"Narrows Gas Turbines Generating","operator":"U S Power Generating Company LLC","capacity":"352 MW","capacity_num":352,"status":"Active"}},{"type":"Feature","geometry":{"type":"Point","coordinates":[-91.2285288,39.352949]},"properties":{"type":"non-renewable","subtype":"gas","name":"Peno Creek Power Plant","operator":"Ameren","capacity":"240 MW","capacity_num":240,"status":"Active"}},{"type":"Feature","geometry":{"type":"Point","coordinates":[-97.3570083,31.8592191]},"properties":{"type":"non-renewable","subtype":"gas","name":"Bosque Energy Center","operator":"Calpine","capacity":"762 MW","capacity_num":762,"status":"Active"}},{"type":"Feature","geometry":{"type":"Point","coordinates":[-95.232688,29.7188239]},"properties":{"type":"non-renewable","subtype":"gas","name":"Channel Energy Center","operator":"Calpine","capacity":"924 MW","capacity_num":923.8,"status":"Active"}},{"type":"Feature","geometry":{"type":"Point","coordinates":[-95.1345642,29.7136221]},"properties":{"type":"non-renewable","subtype":"gas","name":"Deer Park Energy Center","operator":"Calpine","capacity":"1176 MW","capacity_num":1176,"status":"Active"}},{"type":"Feature","geometry":{"type":"Point","coordinates":[-96.1120151,31.890604]},"properties":{"type":"non-renewable","subtype":"gas","name":"Freestone Energy Center","operator":"Calpine","capacity":"1036 MW","capacity_num":1036,"status":"Active"}},{"type":"Feature","geometry":{"type":"Point","coordinates":[-98.1908521,26.3384176]},"properties":{"type":"non-renewable","subtype":"gas","name":"Magic Valley Generating Station","operator":"Calpine","capacity":"801 MW","capacity_num":801,"status":"Active"}},{"type":"Feature","geometry":{"type":"Point","coordinates":[-95.1765286,29.7254053]},"properties":{"type":"non-renewable","subtype":"gas","name":"Pasadena Power Plant","operator":"Calpine","capacity":"815 MW","capacity_num":815,"status":"Active"}},{"type":"Feature","geometry":{"type":"Point","coordinates":[-97.4287429,27.8147294]},"properties":{"type":"non-renewable","subtype":"gas","name":"Corpus Christi Energy Center","operator":"Calpine","capacity":"593 MW","capacity_num":593.3,"status":"Active"}},{"type":"Feature","geometry":{"type":"Point","coordinates":[-98.1747539,26.3417341]},"properties":{"type":"non-renewable","subtype":"gas","name":"Hidalgo Energy Center","operator":"Calpine;Brownsville Public Utilities Board","capacity":"551 MW","capacity_num":551.3,"status":"Active"}},{"type":"Feature","geometry":{"type":"Point","coordinates":[-108.7846739,41.7384402]},"properties":{"type":"non-renewable","subtype":"coal","name":"Jim Bridger Plant","operator":"PacifiCorp","capacity":"2123 MW","capacity_num":2123,"status":"Active"}},{"type":"Feature","geometry":{"type":"Point","coordinates":[-81.876559,27.7905437]},"properties":{"type":"non-renewable","subtype":"gas","name":"Hines Energy Complex","operator":"Duke Energy","capacity":"2266 MW","capacity_num":2266.3,"status":"Active"}},{"type":"Feature","geometry":{"type":"Point","coordinates":[-90.8352079,38.5570724]},"properties":{"type":"non-renewable","subtype":"coal","name":"Labadie Energy Center","operator":"Ameren","capacity":"2389 MW","capacity_num":2389.4,"status":"Active"}},{"type":"Feature","geometry":{"type":"Point","coordinates":[-93.8769384,30.0230296]},"properties":{"type":"non-renewable","subtype":"gas","name":"Sabine Power Plant","operator":"Entergy","capacity":"1592 MW","capacity_num":1591.8,"status":"Active"}},{"type":"Feature","geometry":{"type":"Point","coordinates":[-95.700722,36.4227853]},"properties":{"type":"non-renewable","subtype":"gas","name":"Northeastern Power Station","operator":"Public Service Co of Oklahoma","capacity":"1478 MW","capacity_num":1477.5,"status":"Active"}},{"type":"Feature","geometry":{"type":"Point","coordinates":[-98.351192,35.1013385]},"properties":{"type":"non-renewable","subtype":"gas","name":"Southwestern Power Plant","operator":"Public Service Co of Oklahoma","capacity":"658 MW","capacity_num":658,"status":"Active"}},{"type":"Feature","geometry":{"type":"Point","coordinates":[-88.6121273,36.2456134]},"properties":{"type":"non-renewable","subtype":"gas","name":"Gleason Generating Facility","operator":"Tennessee Valley Authority","capacity":"568 MW","capacity_num":567.8,"status":"Active"}},{"type":"Feature","geometry":{"type":"Point","coordinates":[-88.605372,32.7969627]},"properties":{"type":"non-renewable","subtype":"gas","name":"Kemper County Combustion Turbine Plant","operator":"Tennessee Valley Authority","capacity":"372 MW","capacity_num":372,"status":"Active"}},{"type":"Feature","geometry":{"type":"Point","coordinates":[-85.0991995,32.6076337]},"properties":{"type":"non-renewable","subtype":"gas","name":"H Allen Franklin Combined Cycle","operator":"Southern Power","capacity":"1996 MW","capacity_num":1995.7,"status":"Active"}},{"type":"Feature","geometry":{"type":"Point","coordinates":[-81.4298804,35.1605693]},"properties":{"type":"non-renewable","subtype":"gas","name":"Mill Creek Combustion Turbine Station","operator":"Duke Energy","capacity":"799 MW","capacity_num":799.2,"status":"Active"}},{"type":"Feature","geometry":{"type":"Point","coordinates":[-81.4175182,35.1700368]},"properties":{"type":"non-renewable","subtype":"gas","name":"Cleveland County Generating Facility","operator":"Southern Power","capacity":"736 MW","capacity_num":736,"status":"Active"}},{"type":"Feature","geometry":{"type":"Point","coordinates":[-73.7641814,42.596275]},"properties":{"type":"non-renewable","subtype":"gas","name":"Bethlehem Energy Center","operator":"Public Service Enterprise Group","capacity":"893 MW","capacity_num":893.1,"status":"Active"}},{"type":"Feature","geometry":{"type":"Point","coordinates":[-87.8694279,43.3847108]},"properties":{"type":"non-renewable","subtype":"gas","name":"Port Washington Generating Station","operator":"WE Energies","capacity":"1209 MW","capacity_num":1208.8,"status":"Active"}},{"type":"Feature","geometry":{"type":"Point","coordinates":[-96.7259477,34.966243]},"properties":{"type":"non-renewable","subtype":"gas","name":"Seminole Power Plant","operator":"Oklahoma Gas & Electric","capacity":"1701 MW","capacity_num":1701,"status":"Active"}},{"type":"Feature","geometry":{"type":"Point","coordinates":[-78.0893141,35.3730554]},"properties":{"type":"non-renewable","subtype":"gas","name":"H.F. Lee Combined Cycle Plant","operator":"Duke Energy Progress","capacity":"1068 MW","capacity_num":1068,"status":"Active"}},{"type":"Feature","geometry":{"type":"Point","coordinates":[-78.097806,35.3755671]},"properties":{"type":"non-renewable","subtype":"gas","name":"Wayne County Plant","operator":"Duke Energy Progress","capacity":"980 MW","capacity_num":979.7,"status":"Active"}},{"type":"Feature","geometry":{"type":"Point","coordinates":[-91.3545578,30.6724037]},"properties":{"type":"non-renewable","subtype":"gas","name":"Big Cajun I","operator":"Louisiana Generating LLC","capacity":"493 MW","capacity_num":492.8,"status":"Active"}},{"type":"Feature","geometry":{"type":"Point","coordinates":[-93.7365826,30.2575136]},"properties":{"type":"non-renewable","subtype":"gas","name":"Cottonwood Energy Project","operator":"Cottonwood Energy Co LP","capacity":"1220 MW","capacity_num":1220,"status":"Active"}},{"type":"Feature","geometry":{"type":"Point","coordinates":[-114.922432,36.3426495]},"properties":{"type":"non-renewable","subtype":"gas","name":"Nevada Cogen Assoc#1 GarnetVly","operator":"Nevada Cogeneration Assoc # 1","capacity":"95 MW","capacity_num":94.8,"status":"Active"}},{"type":"Feature","geometry":{"type":"Point","coordinates":[-84.6153372,40.0757258]},"properties":{"type":"non-renewable","subtype":"gas","name":"Greenville Electric Generating Station","operator":"Buckeye Power","capacity":"236 MW","capacity_num":236,"status":"Active"}},{"type":"Feature","geometry":{"type":"Point","coordinates":[-122.9849623,46.1399847]},"properties":{"type":"non-renewable","subtype":"gas","name":"Mint Farm Generating Station","operator":"Puget Sound Energy","capacity":"319 MW","capacity_num":319,"status":"Active"}},{"type":"Feature","geometry":{"type":"Point","coordinates":[-113.3651512,53.5870041]},"properties":{"type":"non-renewable","subtype":"gas","name":"Clover Bar Energy Centre","operator":"Capital Power","capacity":"243 MW","capacity_num":243,"status":"Active"}},{"type":"Feature","geometry":{"type":"Point","coordinates":[-110.7234539,50.0415189]},"properties":{"type":"non-renewable","subtype":"gas","name":"Medicine Hat Plant","operator":"City of Medicine Hat","capacity":"255 MW","capacity_num":255,"status":"Active"}},{"type":"Feature","geometry":{"type":"Point","coordinates":[-97.0700059,36.1282676]},"properties":{"type":"non-renewable","subtype":"gas","name":"Central Plant","operator":"Multiple/Unknown","capacity":"100 MW","capacity_num":100,"status":"Active"}},{"type":"Feature","geometry":{"type":"Point","coordinates":[-95.2935159,35.7344088]},"properties":{"type":"non-renewable","subtype":"gas","name":"Muskogee Mill Power Plant","operator":"Georgia-Pacific Consumer Operations LLC","capacity":"114 MW","capacity_num":114,"status":"Active"}},{"type":"Feature","geometry":{"type":"Point","coordinates":[-95.6962065,36.0116402]},"properties":{"type":"non-renewable","subtype":"gas","name":"Oneta Power","operator":"Oneta Power LLC","capacity":"1214 MW","capacity_num":1214,"status":"Active"}},{"type":"Feature","geometry":{"type":"Point","coordinates":[-84.7215253,45.0045375]},"properties":{"type":"non-renewable","subtype":"gas","name":"Gaylord Power Plant","operator":"Wolverine Power Cooperative","capacity":"70 MW","capacity_num":70.2,"status":"Active"}},{"type":"Feature","geometry":{"type":"Point","coordinates":[-118.2266935,33.7641016]},"properties":{"type":"non-renewable","subtype":"gas","name":"Long Beach Generating Station","operator":"Long Beach Generation LLC","capacity":"252 MW","capacity_num":252,"status":"Active"}},{"type":"Feature","geometry":{"type":"Point","coordinates":[-122.4860169,48.7455629]},"properties":{"type":"non-renewable","subtype":"gas","name":"Encogen Cogeneration Plant","operator":"Puget Sound Energy","capacity":"176 MW","capacity_num":176.4,"status":"Active"}},{"type":"Feature","geometry":{"type":"Point","coordinates":[-97.6991413,32.4041434]},"properties":{"type":"non-renewable","subtype":"gas","name":"DeCordova Power Plant","operator":"Luminant","capacity":"356 MW","capacity_num":356,"status":"Active"}},{"type":"Feature","geometry":{"type":"Point","coordinates":[-105.3845026,44.2890589]},"properties":{"type":"non-renewable","subtype":"coal","name":"Wyodak Power Plant","operator":"PacifiCorp","capacity":"402 MW","capacity_num":402.3,"status":"Active"}},{"type":"Feature","geometry":{"type":"Point","coordinates":[-122.9164303,46.6215502]},"properties":{"type":"non-renewable","subtype":"gas","name":"Chehalis Generation Facility","operator":"PacifiCorp","capacity":"698 MW","capacity_num":698,"status":"Active"}},{"type":"Feature","geometry":{"type":"Point","coordinates":[-81.0312834,33.3656197]},"properties":{"type":"non-renewable","subtype":"coal","name":"Cope Station","operator":"South Carolina Electric&Gas Company","capacity":"417 MW","capacity_num":417,"status":"Active"}},{"type":"Feature","geometry":{"type":"Point","coordinates":[-105.7785719,42.8413172]},"properties":{"type":"non-renewable","subtype":"coal","name":"Dave Johnston Plant","operator":"PacifiCorp","capacity":"755 MW","capacity_num":755,"status":"Active"}},{"type":"Feature","geometry":{"type":"Point","coordinates":[-81.1245996,32.3591202]},"properties":{"type":"non-renewable","subtype":"gas","name":"Jasper Generating Plant","operator":"Dominion Energy South Carolina","capacity":"924 MW","capacity_num":924,"status":"Active"}},{"type":"Feature","geometry":{"type":"Point","coordinates":[-107.7835398,32.299452]},"properties":{"type":"non-renewable","subtype":"gas","name":"Luna Energy Facility","operator":"PNM","capacity":"650 MW","capacity_num":650,"status":"Active"}},{"type":"Feature","geometry":{"type":"Point","coordinates":[-116.9216432,47.7857648]},"properties":{"type":"non-renewable","subtype":"gas","name":"Rathdrum Power","operator":"Rathdrum Operating Services Co., Inc.","capacity":"302 MW","capacity_num":301.5,"status":"Active"}},{"type":"Feature","geometry":{"type":"Point","coordinates":[-106.6424202,35.0273058]},"properties":{"type":"non-renewable","subtype":"oil","name":"Rio Bravo Power Plant","operator":"Public Service Co of NM","capacity":"150 MW","capacity_num":150,"status":"Active"}},{"type":"Feature","geometry":{"type":"Point","coordinates":[-97.9576927,33.1020428]},"properties":{"type":"non-renewable","subtype":"gas","name":"Jack County Power Station","operator":"Brazos Electric","capacity":"1200 MW","capacity_num":1200,"status":"Active"}},{"type":"Feature","geometry":{"type":"Point","coordinates":[-111.0302406,39.1740445]},"properties":{"type":"non-renewable","subtype":"coal","name":"Hunter Power Plant","operator":"PacifiCorp","capacity":"1577 MW","capacity_num":1577.2,"status":"Active"}},{"type":"Feature","geometry":{"type":"Point","coordinates":[-81.909209,33.4333777]},"properties":{"type":"non-renewable","subtype":"gas","name":"Urquhart Station","operator":"Dominion Energy South Carolina, Inc","capacity":"759 MW","capacity_num":758.9,"status":"Active"}},{"type":"Feature","geometry":{"type":"Point","coordinates":[-94.301248,38.7930449]},"properties":{"type":"non-renewable","subtype":"gas","name":"Dogwood Energy Facility","operator":"Dogwood Power Management, LLC","capacity":"655 MW","capacity_num":655.2,"status":"Active"}},{"type":"Feature","geometry":{"type":"Point","coordinates":[-88.75958,39.2238402]},"properties":{"type":"non-renewable","subtype":"gas","name":"Holland Energy Facility","operator":"NAES Corporation - (WA)","capacity":"702 MW","capacity_num":702.1,"status":"Active"}},{"type":"Feature","geometry":{"type":"Point","coordinates":[-89.0489178,42.9763303]},"properties":{"type":"non-renewable","subtype":"gas","name":"RockGen Energy Center","operator":"Dairyland Power Coop","capacity":"561 MW","capacity_num":561,"status":"Active"}},{"type":"Feature","geometry":{"type":"Point","coordinates":[-83.848149,32.9829182]},"properties":{"type":"non-renewable","subtype":"gas","name":"Smarr Energy Center","operator":"Oglethorpe Power Corporation","capacity":"242 MW","capacity_num":242,"status":"Active"}},{"type":"Feature","geometry":{"type":"Point","coordinates":[-99.5079636,27.5668224]},"properties":{"type":"non-renewable","subtype":"gas","name":"Laredo Power Plant","operator":"CPS Energy","capacity":"264 MW","capacity_num":263.6,"status":"Active"}},{"type":"Feature","geometry":{"type":"Point","coordinates":[-93.7922545,33.609837]},"properties":{"type":"non-renewable","subtype":"gas","name":"Fulton Power Plant","operator":"Arkansas Electric Cooperative Corporation","capacity":"155 MW","capacity_num":154.8,"status":"Active"}},{"type":"Feature","geometry":{"type":"Point","coordinates":[-82.1987146,36.929281]},"properties":{"type":"non-renewable","subtype":"gas","name":"Clinch River Power Plant","operator":"Appalachian Power","capacity":"475 MW","capacity_num":475,"status":"Active"}},{"type":"Feature","geometry":{"type":"Point","coordinates":[-141.8081614,63.0151785]},"properties":{"type":"non-renewable","subtype":"oil","name":"AL&P","operator":"AL&P","capacity":"100 MW","capacity_num":100,"status":"Active"}},{"type":"Feature","geometry":{"type":"Point","coordinates":[-70.3771279,43.6573918]},"properties":{"type":"non-renewable","subtype":"gas","name":"Westbrook Energy Center","operator":"Calpine","capacity":"564 MW","capacity_num":563.9,"status":"Active"}},{"type":"Feature","geometry":{"type":"Point","coordinates":[-89.5891654,39.8230108]},"properties":{"type":"non-renewable","subtype":"gas","name":"Interstate Gas Power Plant","operator":"City of Springfield - (IL)","capacity":"139 MW","capacity_num":138.6,"status":"Active"}},{"type":"Feature","geometry":{"type":"Point","coordinates":[-102.9636818,31.5838585]},"properties":{"type":"non-renewable","subtype":"gas","name":"Permian Basin Power Plant","operator":"Luminant","capacity":"447 MW","capacity_num":447,"status":"Active"}},{"type":"Feature","geometry":{"type":"Point","coordinates":[-122.423943,40.5099836]},"properties":{"type":"non-renewable","subtype":"gas","name":"Redding Power","operator":"City of Redding - (CA)","capacity":"183 MW","capacity_num":183.1,"status":"Active"}},{"type":"Feature","geometry":{"type":"Point","coordinates":[-118.1491969,34.1266461]},"properties":{"type":"non-renewable","subtype":"gas","name":"Glenarm Power Plant","operator":"City of Pasadena - (CA)","capacity":"266 MW","capacity_num":265.6,"status":"Active"}},{"type":"Feature","geometry":{"type":"Point","coordinates":[-94.6202004,32.0176435]},"properties":{"type":"non-renewable","subtype":"gas","name":"Tenaska Gateway Generating Station","operator":"Tenaska","capacity":"940 MW","capacity_num":939.6,"status":"Active"}},{"type":"Feature","geometry":{"type":"Point","coordinates":[-96.1015613,32.1267945]},"properties":{"type":"non-renewable","subtype":"gas","name":"Trinidad Power Plant","operator":"Luminant","capacity":"244 MW","capacity_num":244,"status":"Active"}},{"type":"Feature","geometry":{"type":"Point","coordinates":[-97.3135712,31.0547233]},"properties":{"type":"non-renewable","subtype":"gas","name":"Panda Temple Power Station","operator":"PPG - O&M Panda Temple Power LLC","capacity":"1540 MW","capacity_num":1540,"status":"Active"}},{"type":"Feature","geometry":{"type":"Point","coordinates":[-97.6135968,30.2099124]},"properties":{"type":"non-renewable","subtype":"gas","name":"Sand Hill Energy Center","operator":"Austin Energy","capacity":"696 MW","capacity_num":696.4,"status":"Active"}},{"type":"Feature","geometry":{"type":"Point","coordinates":[-97.5490628,30.1456789]},"properties":{"type":"non-renewable","subtype":"gas","name":"Bastrop Energy Center","operator":"Bastrop Energy Partners","capacity":"619 MW","capacity_num":618.7,"status":"Active"}},{"type":"Feature","geometry":{"type":"Point","coordinates":[-101.3605911,35.6959971]},"properties":{"type":"non-renewable","subtype":"gas","name":"Blackhawk Station","operator":"Borger Energy Associates","capacity":"244 MW","capacity_num":243.9,"status":"Active"}},{"type":"Feature","geometry":{"type":"Point","coordinates":[-101.7509242,35.3017357]},"properties":{"type":"non-renewable","subtype":"coal","name":"Harrington Generating Station","operator":"Southwestern Public Service Co","capacity":"1080 MW","capacity_num":1080,"status":"Active"}},{"type":"Feature","geometry":{"type":"Point","coordinates":[-101.75095,35.2870905]},"properties":{"type":"non-renewable","subtype":"gas","name":"Nichols Generating Station","operator":"Southwestern Public Service Co","capacity":"475 MW","capacity_num":474.7,"status":"Active"}},{"type":"Feature","geometry":{"type":"Point","coordinates":[-97.6106256,38.3901557]},"properties":{"type":"non-renewable","subtype":"gas","name":"McPherson 3 Power Plant","operator":"City of McPherson - (KS)","capacity":"116 MW","capacity_num":115.6,"status":"Active"}},{"type":"Feature","geometry":{"type":"Point","coordinates":[-101.7386958,33.526052]},"properties":{"type":"non-renewable","subtype":"gas","name":"Jones Generating Station","operator":"Southwestern Public Service Co","capacity":"860 MW","capacity_num":860.4,"status":"Active"}},{"type":"Feature","geometry":{"type":"Point","coordinates":[-100.9543194,32.7475339]},"properties":{"type":"non-renewable","subtype":"gas","name":"EG178 Facility","operator":"Kinder Morgan Production Company LP","capacity":"154 MW","capacity_num":153.9,"status":"Active"}},{"type":"Feature","geometry":{"type":"Point","coordinates":[-101.4224696,32.2733827]},"properties":{"type":"non-renewable","subtype":"gas","name":"Power Resources Cogeneration Plant","operator":"Berkshire Hathaway Energy","capacity":"230 MW","capacity_num":230,"status":"Active"}},{"type":"Feature","geometry":{"type":"Point","coordinates":[-104.3917603,48.2102379]},"properties":{"type":"non-renewable","subtype":"gas","name":"Culbertson Generation Station","operator":"Basin Electric Power Cooperative","capacity":"108 MW","capacity_num":108,"status":"Active"}},{"type":"Feature","geometry":{"type":"Point","coordinates":[-94.839253,43.7989782]},"properties":{"type":"non-renewable","subtype":"gas","name":"Lakefield Junction Station","operator":"Great River Energy","capacity":"538 MW","capacity_num":537.8,"status":"Active"}},{"type":"Feature","geometry":{"type":"Point","coordinates":[-95.9924772,36.1156862]},"properties":{"type":"non-renewable","subtype":"gas","name":"Tulsa Power Station","operator":"Public Service Company of Oklahoma","capacity":"348 MW","capacity_num":348.2,"status":"Active"}},{"type":"Feature","geometry":{"type":"Point","coordinates":[-63.6093399,44.7146173]},"properties":{"type":"non-renewable","subtype":"oil","name":"Burnside Combustion Turbine Power Plant","operator":"Nova Scotia Power","capacity":"120 MW","capacity_num":120,"status":"Active"}},{"type":"Feature","geometry":{"type":"Point","coordinates":[-118.5005904,34.3815133]},"properties":{"type":"non-renewable","subtype":"gas","name":"AES Placerita Power Plant","operator":"Southern California Edison","capacity":"90 MW","capacity_num":90,"status":"Active"}},{"type":"Feature","geometry":{"type":"Point","coordinates":[-121.8730881,38.0300084]},"properties":{"type":"non-renewable","subtype":"gas","name":"Los Medanos Energy Center","operator":"Calpine","capacity":"678 MW","capacity_num":678.3,"status":"Active"}},{"type":"Feature","geometry":{"type":"Point","coordinates":[-88.0722466,44.4485666]},"properties":{"type":"non-renewable","subtype":"gas","name":"De Pere Energy Center","operator":"Wisconsin Public Service","capacity":"192 MW","capacity_num":192.3,"status":"Active"}},{"type":"Feature","geometry":{"type":"Point","coordinates":[-82.3485671,29.6404396]},"properties":{"type":"non-renewable","subtype":"gas","name":"University of Florida Cogeneration Plant","operator":"Duke Energy","capacity":"54 MW","capacity_num":54.2,"status":"Active"}},{"type":"Feature","geometry":{"type":"Point","coordinates":[-88.4776216,39.2791482]},"properties":{"type":"non-renewable","subtype":"gas","name":"Shelby County Generating Station","operator":"GenOn","capacity":"483 MW","capacity_num":483,"status":"Active"}},{"type":"Feature","geometry":{"type":"Point","coordinates":[-93.8047021,35.4623486]},"properties":{"type":"non-renewable","subtype":"gas","name":"Thomas Fitzhugh Power Plant","operator":"Arkansas Electric Cooperative Corporation","capacity":"185 MW","capacity_num":185,"status":"Active"}},{"type":"Feature","geometry":{"type":"Point","coordinates":[-89.9272501,34.3339692]},"properties":{"type":"non-renewable","subtype":"gas","name":"Batesville Generation Facility","operator":"Cooperative Energy","capacity":"891 MW","capacity_num":891,"status":"Active"}},{"type":"Feature","geometry":{"type":"Point","coordinates":[-79.9621408,32.8272548]},"properties":{"type":"non-renewable","subtype":"gas","name":"Hagood Power Plant","operator":"Dominion Energy South Carolina, Inc","capacity":"177 MW","capacity_num":177.3,"status":"Active"}},{"type":"Feature","geometry":{"type":"Point","coordinates":[-90.5624319,34.1845062]},"properties":{"type":"non-renewable","subtype":"gas","name":"L L Wilkins Plant","operator":"Clarksdale Public Utilities","capacity":"55 MW","capacity_num":55.2,"status":"Active"}},{"type":"Feature","geometry":{"type":"Point","coordinates":[-82.3984247,42.8972672]},"properties":{"type":"non-renewable","subtype":"gas","name":"St Clair Energy Centre","operator":"Multiple/Unknown","capacity":"100 MW","capacity_num":100,"status":"Active"}},{"type":"Feature","geometry":{"type":"Point","coordinates":[-93.7628992,32.517341]},"properties":{"type":"non-renewable","subtype":"gas","name":"Arsenal Hill Power Plant","operator":"Southwestern Electric Power Company","capacity":"125 MW","capacity_num":125,"status":"Active"}},{"type":"Feature","geometry":{"type":"Point","coordinates":[-101.8379637,33.8643213]},"properties":{"type":"non-renewable","subtype":"gas","name":"Antelope Elk Energy Center","operator":"Golden Spread Electric Cooperative","capacity":"767 MW","capacity_num":766.8,"status":"Active"}},{"type":"Feature","geometry":{"type":"Point","coordinates":[-77.4307479,37.455416]},"properties":{"type":"non-renewable","subtype":"gas","name":"Cogentrix of Richmond","operator":"Veolia Energy Operating Service","capacity":"115 MW","capacity_num":114.8,"status":"Active"}},{"type":"Feature","geometry":{"type":"Point","coordinates":[-88.2445213,41.9998731]},"properties":{"type":"non-renewable","subtype":"gas","name":"Elgin Energy Center","operator":"Lincoln Operating Services, LLC","capacity":"540 MW","capacity_num":540,"status":"Active"}},{"type":"Feature","geometry":{"type":"Point","coordinates":[-88.239508,42.093954]},"properties":{"type":"non-renewable","subtype":"gas","name":"Rocky Road Power Plant","operator":"Lincoln Operating Services, LLC","capacity":"416 MW","capacity_num":415.5,"status":"Active"}},{"type":"Feature","geometry":{"type":"Point","coordinates":[-117.3640869,34.5951523]},"properties":{"type":"non-renewable","subtype":"gas","name":"High Desert Power Plant","operator":"MRP Generation Holdings, LLC","capacity":"852 MW","capacity_num":852,"status":"Active"}},{"type":"Feature","geometry":{"type":"Point","coordinates":[-87.5569495,41.68346]},"properties":{"type":"non-renewable","subtype":"gas","name":"Calumet Energy Power Plant","operator":"Calumet Energy Team LLC","capacity":"313 MW","capacity_num":312.8,"status":"Active"}},{"type":"Feature","geometry":{"type":"Point","coordinates":[-78.6998845,36.8698698]},"properties":{"type":"non-renewable","subtype":"coal","name":"Clover Power Station","operator":"Dominion Energy","capacity":"848 MW","capacity_num":848,"status":"Active"}},{"type":"Feature","geometry":{"type":"Point","coordinates":[-81.0181765,33.870675]},"properties":{"type":"non-renewable","subtype":"gas","name":"Columbia Energy Center","operator":"Dominion Energy South Carolina","capacity":"669 MW","capacity_num":668.5,"status":"Active"}},{"type":"Feature","geometry":{"type":"Point","coordinates":[-96.4596481,30.7215298]},"properties":{"type":"non-renewable","subtype":"gas","name":"Dansby Power Plant","operator":"Bryan Texas Utilities","capacity":"203 MW","capacity_num":203.2,"status":"Active"}},{"type":"Feature","geometry":{"type":"Point","coordinates":[-81.8080694,28.0533072]},"properties":{"type":"non-renewable","subtype":"gas","name":"Osprey Energy Center Power Plant","operator":"Duke Energy","capacity":"644 MW","capacity_num":644.2,"status":"Active"}},{"type":"Feature","geometry":{"type":"Point","coordinates":[-79.8124907,41.2684931]},"properties":{"type":"non-renewable","subtype":"coal","name":"Scrubgrass Generating Plant","operator":"Scrubgrass Reclamation CO. LP.","capacity":"95 MW","capacity_num":94.7,"status":"Active"}},{"type":"Feature","geometry":{"type":"Point","coordinates":[-98.3720716,30.5573746]},"properties":{"type":"non-renewable","subtype":"gas","name":"Thomas C. Ferguson Power Plant","operator":"Lower Colorado River Authority","capacity":"575 MW","capacity_num":574.6,"status":"Active"}},{"type":"Feature","geometry":{"type":"Point","coordinates":[-94.9860959,39.4632839]},"properties":{"type":"non-renewable","subtype":"coal","name":"Iatan Generating Station","operator":"Evergy","capacity":"1725 MW","capacity_num":1725,"status":"Active"}},{"type":"Feature","geometry":{"type":"Point","coordinates":[-114.8795784,36.2236372]},"properties":{"type":"non-renewable","subtype":"gas","name":"Nevada Cogen Associates 2 Black Mountain","operator":"Nevada Cogeneration Assoc # 2","capacity":"96 MW","capacity_num":96.3,"status":"Active"}},{"type":"Feature","geometry":{"type":"Point","coordinates":[-91.992239,30.1694243]},"properties":{"type":"non-renewable","subtype":"gas","name":"Hargis-Hebert Power Plant","operator":"Lafayette Utilities System","capacity":"101 MW","capacity_num":100.8,"status":"Active"}},{"type":"Feature","geometry":{"type":"Point","coordinates":[-113.9370332,51.1813624]},"properties":{"type":"non-renewable","subtype":"gas","name":"Calgary Energy Centre","operator":"Enmax","capacity":"320 MW","capacity_num":320,"status":"Active"}},{"type":"Feature","geometry":{"type":"Point","coordinates":[-113.8849448,50.9700724]},"properties":{"type":"non-renewable","subtype":"gas","name":"Shepard Energy Centre","operator":"Enmax / Capital Power","capacity":"860 MW","capacity_num":860,"status":"Active"}},{"type":"Feature","geometry":{"type":"Point","coordinates":[-113.9413711,51.1925587]},"properties":{"type":"non-renewable","subtype":"gas","name":"Balzac Power Station","operator":"Nexen","capacity":"120 MW","capacity_num":120,"status":"Active"}},{"type":"Feature","geometry":{"type":"Point","coordinates":[-113.1715398,51.0056998]},"properties":{"type":"non-renewable","subtype":"gas","name":"Cavalier Energy Centre","operator":"Enmax","capacity":"120 MW","capacity_num":120,"status":"Active"}},{"type":"Feature","geometry":{"type":"Point","coordinates":[-97.6142437,30.3062937]},"properties":{"type":"non-renewable","subtype":"gas","name":"Decker Creek Power Station","operator":"Austin Energy","capacity":"611 MW","capacity_num":611,"status":"Active"}},{"type":"Feature","geometry":{"type":"Point","coordinates":[-96.9934992,30.0248639]},"properties":{"type":"non-renewable","subtype":"gas","name":"Winchester Power Park","operator":"Lower Colorado River Authority","capacity":"242 MW","capacity_num":242,"status":"Active"}},{"type":"Feature","geometry":{"type":"Point","coordinates":[-92.8331597,34.4305478]},"properties":{"type":"non-renewable","subtype":"gas","name":"Magnet Cove Generating Station","operator":"Arkansas Electric Cooperative Corporation","capacity":"746 MW","capacity_num":746,"status":"Active"}},{"type":"Feature","geometry":{"type":"Point","coordinates":[-73.7481073,42.6244956]},"properties":{"type":"non-renewable","subtype":"gas","name":"Empire Generating Project","operator":"Empire Generating Co LLC","capacity":"654 MW","capacity_num":653.7,"status":"Active"}},{"type":"Feature","geometry":{"type":"Point","coordinates":[-122.364917,47.0863555]},"properties":{"type":"non-renewable","subtype":"gas","name":"Frederickson 1 Generating Station","operator":"Frederickson Power LP","capacity":"318 MW","capacity_num":318.3,"status":"Active"}},{"type":"Feature","geometry":{"type":"Point","coordinates":[-98.1771126,26.4505602]},"properties":{"type":"non-renewable","subtype":"gas","name":"Red Gate Power Plant","operator":"South Texas Electric Cooperative","capacity":"224 MW","capacity_num":224.4,"status":"Active"}},{"type":"Feature","geometry":{"type":"Point","coordinates":[-98.3986958,26.2086081]},"properties":{"type":"non-renewable","subtype":"gas","name":"Frontera Energy Center","operator":"Frontera Generation Limited Partnership","capacity":"529 MW","capacity_num":529,"status":"Active"}},{"type":"Feature","geometry":{"type":"Point","coordinates":[-97.5221479,25.9132609]},"properties":{"type":"non-renewable","subtype":"gas","name":"Silas Ray Power Plant","operator":"Brownsville Public Utilities Board","capacity":"143 MW","capacity_num":142.5,"status":"Active"}},{"type":"Feature","geometry":{"type":"Point","coordinates":[-82.4386637,42.9352618]},"properties":{"type":"non-renewable","subtype":"gas","name":"Sarnia Regional Cogeneration Plant","operator":"TransAlta","capacity":"444 MW","capacity_num":444,"status":"Active"}},{"type":"Feature","geometry":{"type":"Point","coordinates":[-97.2462599,27.8831437]},"properties":{"type":"non-renewable","subtype":"gas","name":"Ingleside Cogeneration Plant","operator":"Chemours;Occidental Petroleum","capacity":"517 MW","capacity_num":517,"status":"Active"}},{"type":"Feature","geometry":{"type":"Point","coordinates":[-97.2588695,27.8894866]},"properties":{"type":"non-renewable","subtype":"gas","name":"Gregory Cogeneration Plant","operator":"NRG Energy","capacity":"432 MW","capacity_num":432,"status":"Active"}},{"type":"Feature","geometry":{"type":"Point","coordinates":[-97.2122753,28.7221937]},"properties":{"type":"non-renewable","subtype":"coal","name":"Coleto Creek Power Station","operator":"Dynegy","capacity":"622 MW","capacity_num":622.4,"status":"Active"}},{"type":"Feature","geometry":{"type":"Point","coordinates":[-96.5454596,28.6480255]},"properties":{"type":"non-renewable","subtype":"gas","name":"Point Comfort Power Plant","operator":"Peaker Power, LLC","capacity":"121 MW","capacity_num":121,"status":"Active"}},{"type":"Feature","geometry":{"type":"Point","coordinates":[-96.5433441,28.6950098]},"properties":{"type":"non-renewable","subtype":"gas","name":"Formosa Cogeneration Plant","operator":"Formosa Plastics","capacity":"689 MW","capacity_num":689.4,"status":"Active"}},{"type":"Feature","geometry":{"type":"Point","coordinates":[-96.5398378,28.6487094]},"properties":{"type":"non-renewable","subtype":"gas","name":"CFB Power Plant","operator":"Formosa Plastics","capacity":"310 MW","capacity_num":310,"status":"Active"}},{"type":"Feature","geometry":{"type":"Point","coordinates":[-98.3077475,40.5785688]},"properties":{"type":"non-renewable","subtype":"coal","name":"Whelan Energy Center","operator":"City of Hastings - (NE)","capacity":"324 MW","capacity_num":324.3,"status":"Active"}},{"type":"Feature","geometry":{"type":"Point","coordinates":[-97.1340979,28.8936767]},"properties":{"type":"non-renewable","subtype":"gas","name":"Sam Rayburn Power Plant","operator":"South Texas Electric Cooperative","capacity":"215 MW","capacity_num":215.2,"status":"Active"}},{"type":"Feature","geometry":{"type":"Point","coordinates":[-97.0098926,28.7877361]},"properties":{"type":"non-renewable","subtype":"gas","name":"Victoria Power Station","operator":"Rockland Capital","capacity":"377 MW","capacity_num":376.9,"status":"Active"}},{"type":"Feature","geometry":{"type":"Point","coordinates":[-87.3369288,37.920879]},"properties":{"type":"non-renewable","subtype":"coal","name":"Warrick Power Plant","operator":"Alcoa Power Generating, Incorporated","capacity":"823 MW","capacity_num":822.8,"status":"Active"}},{"type":"Feature","geometry":{"type":"Point","coordinates":[-94.4353847,32.3966389]},"properties":{"type":"non-renewable","subtype":"gas","name":"Harrison County Power Project","operator":"Northeast Texas Elec Coop, Inc","capacity":"570 MW","capacity_num":570,"status":"Active"}},{"type":"Feature","geometry":{"type":"Point","coordinates":[-96.538739,29.5507425]},"properties":{"type":"non-renewable","subtype":"gas","name":"Sky Global Power One","operator":"Sky Global Partners","capacity":"51 MW","capacity_num":51,"status":"Active"}},{"type":"Feature","geometry":{"type":"Point","coordinates":[-93.8209931,44.9044569]},"properties":{"type":"non-renewable","subtype":"oil","name":"St. Bonifacius Power Plant","operator":"Great River Energy","capacity":"61 MW","capacity_num":61.2,"status":"Active"}},{"type":"Feature","geometry":{"type":"Point","coordinates":[-95.900308,29.2634347]},"properties":{"type":"non-renewable","subtype":"gas","name":"Newgulf Cogeneration Plant","operator":"Wharton County Generation LLC","capacity":"85 MW","capacity_num":85,"status":"Active"}},{"type":"Feature","geometry":{"type":"Point","coordinates":[-96.0687245,29.2881575]},"properties":{"type":"non-renewable","subtype":"gas","name":"Colorado Bend Power Plant","operator":"Exelon","capacity":"580 MW","capacity_num":580.1,"status":"Active"}},{"type":"Feature","geometry":{"type":"Point","coordinates":[-94.9842056,29.4920709]},"properties":{"type":"non-renewable","subtype":"gas","name":"Bacliff","operator":"NRG Energy","capacity":"427 MW","capacity_num":427.2,"status":"Active"}},{"type":"Feature","geometry":{"type":"Point","coordinates":[-92.4200727,42.4405349]},"properties":{"type":"non-renewable","subtype":"gas","name":"Electrifarm Power Plant","operator":"MidAmerican Energy","capacity":"264 MW","capacity_num":264.1,"status":"Active"}},{"type":"Feature","geometry":{"type":"Point","coordinates":[-92.6353573,44.6212927]},"properties":{"type":"nuclear","subtype":"nuclear","name":"Prairie Island Nuclear Generating Plant","operator":"Northern States Power Co - Minnesota","capacity":"1186 MW","capacity_num":1186.2,"status":"Active"}},{"type":"Feature","geometry":{"type":"Point","coordinates":[-74.0915966,40.6528881]},"properties":{"type":"non-renewable","subtype":"gas","name":"Bayonne Energy Center","operator":"Bayonne Energy Center LLC","capacity":"644 MW","capacity_num":644,"status":"Active"}},{"type":"Feature","geometry":{"type":"Point","coordinates":[-75.3345023,39.8613665]},"properties":{"type":"non-renewable","subtype":"gas","name":"Liberty Electric Energy Facility","operator":"Liberty Electric Power LLC","capacity":"614 MW","capacity_num":614,"status":"Active"}},{"type":"Feature","geometry":{"type":"Point","coordinates":[-75.188361,39.9420447]},"properties":{"type":"non-renewable","subtype":"gas","name":"Grays Ferry Cogeneration Power Plant","operator":"Grays Ferry Cogen Partnership","capacity":"193 MW","capacity_num":192.6,"status":"Active"}},{"type":"Feature","geometry":{"type":"Point","coordinates":[-122.2893926,37.7886929]},"properties":{"type":"non-renewable","subtype":"gas","name":"NCPA Turbines","operator":"Northern California Power Agny","capacity":"55 MW","capacity_num":54.8,"status":"Active"}},{"type":"Feature","geometry":{"type":"Point","coordinates":[-80.1252229,26.0865081]},"properties":{"type":"non-renewable","subtype":"gas","name":"Port Everglades Power Plant","operator":"Florida Power & Light","capacity":"1352 MW","capacity_num":1352,"status":"Active"}},{"type":"Feature","geometry":{"type":"Point","coordinates":[-108.4285743,45.8108985]},"properties":{"type":"non-renewable","subtype":"oil","name":"Yellowstone Energy","operator":"Yellowstone Energy LP","capacity":"68 MW","capacity_num":68,"status":"Active"}},{"type":"Feature","geometry":{"type":"Point","coordinates":[-83.0749062,42.3670687]},"properties":{"type":"non-renewable","subtype":"gas","name":"Boulevard Plant","operator":"Detroit Thermal","capacity":"698 MW","capacity_num":698,"status":"Active"}},{"type":"Feature","geometry":{"type":"Point","coordinates":[-92.4398735,42.526725]},"properties":{"type":"non-renewable","subtype":"gas","name":"Streeter Station Power Plant","operator":"Cedar Falls Utilities","capacity":"52 MW","capacity_num":51.5,"status":"Active"}},{"type":"Feature","geometry":{"type":"Point","coordinates":[-79.0336655,40.4041594]},"properties":{"type":"non-renewable","subtype":"coal","name":"Seward Power Plant","operator":"Seward Generating LLC","capacity":"521 MW","capacity_num":521,"status":"Active"}},{"type":"Feature","geometry":{"type":"Point","coordinates":[-82.5583448,28.3664523]},"properties":{"type":"non-renewable","subtype":"gas","name":"Shady Hills Plant","operator":"Shady Hills Power Co LLC","capacity":"541 MW","capacity_num":541,"status":"Active"}},{"type":"Feature","geometry":{"type":"Point","coordinates":[-122.8413215,49.1812214]},"properties":{"type":"non-renewable","subtype":"gas","name":"City of Surrey District Energy Boiler Plant","operator":"Fir District Heating;All-Pro Services","capacity":"100 MW","capacity_num":100,"status":"Active"}},{"type":"Feature","geometry":{"type":"Point","coordinates":[-78.9565185,35.6344096]},"properties":{"type":"nuclear","subtype":"nuclear","name":"Harris Nuclear Plant","operator":"Duke Energy Progress","capacity":"951 MW","capacity_num":950.9,"status":"Active"}},{"type":"Feature","geometry":{"type":"Point","coordinates":[-162.7162111,55.2059178]},"properties":{"type":"non-renewable","subtype":"oil","name":"G + K Power Company","operator":"G + K","capacity":"100 MW","capacity_num":100,"status":"Active"}},{"type":"Feature","geometry":{"type":"Point","coordinates":[-121.8098578,42.1740043]},"properties":{"type":"non-renewable","subtype":"gas","name":"Klamath Cogeneration Plant","operator":"Klamath Energy LLC","capacity":"502 MW","capacity_num":501.5,"status":"Active"}},{"type":"Feature","geometry":{"type":"Point","coordinates":[-101.1362551,41.082414]},"properties":{"type":"non-renewable","subtype":"coal","name":"Gerald Gentleman Station","operator":"Nebraska Public Power District","capacity":"1363 MW","capacity_num":1362.6,"status":"Active"}},{"type":"Feature","geometry":{"type":"Point","coordinates":[-81.7472908,33.1375893]},"properties":{"type":"non-renewable","subtype":"oil","name":"Wilson Power Station","operator":"Georgia Power","capacity":"367 MW","capacity_num":366.5,"status":"Active"}},{"type":"Feature","geometry":{"type":"Point","coordinates":[-84.826526,45.0638311]},"properties":{"type":"non-renewable","subtype":"gas","name":"Alpine Power Plant","operator":"Wolverine Power Cooperative","capacity":"454 MW","capacity_num":453.8,"status":"Active"}},{"type":"Feature","geometry":{"type":"Point","coordinates":[-81.5756455,35.077994]},"properties":{"type":"non-renewable","subtype":"gas","name":"Broad River Energy Center","operator":"Broad River Energy","capacity":"985 MW","capacity_num":985,"status":"Active"}},{"type":"Feature","geometry":{"type":"Point","coordinates":[-81.9231937,27.525484]},"properties":{"type":"non-renewable","subtype":"gas","name":"Vandolah Power Plant VPC","operator":"Vandolah Power Company LLC","capacity":"728 MW","capacity_num":728,"status":"Active"}},{"type":"Feature","geometry":{"type":"Point","coordinates":[-104.8884134,42.1110615]},"properties":{"type":"non-renewable","subtype":"coal","name":"Laramie River Station","operator":"Basin Electric Power Coop","capacity":"1710 MW","capacity_num":1710,"status":"Active"}},{"type":"Feature","geometry":{"type":"Point","coordinates":[-73.5987305,41.0290966]},"properties":{"type":"non-renewable","subtype":"oil","name":"Cos Cob Jet","operator":"Connecticut Jet Power","capacity":"115 MW","capacity_num":115,"status":"Active"}},{"type":"Feature","geometry":{"type":"Point","coordinates":[-83.1521498,42.304233]},"properties":{"type":"non-renewable","subtype":"gas","name":"Dearborn Industrial Generation","operator":"CMS Energy","capacity":"748 MW","capacity_num":747.9,"status":"Active"}},{"type":"Feature","geometry":{"type":"Point","coordinates":[-119.8999946,34.431302]},"properties":{"type":"non-renewable","subtype":"gas","name":"Ellwood Generating Station","operator":"GenOn","capacity":"58 MW","capacity_num":58,"status":"Active"}},{"type":"Feature","geometry":{"type":"Point","coordinates":[-117.8622667,33.8584555]},"properties":{"type":"non-renewable","subtype":"gas","name":"Canyon Power Plant","operator":"City of Anaheim","capacity":"200 MW","capacity_num":200,"status":"Active"}},{"type":"Feature","geometry":{"type":"Point","coordinates":[-112.1296192,52.4684656]},"properties":{"type":"non-renewable","subtype":"gas","name":"Battle River Generating Station","operator":"ATCO Power","capacity":"540 MW","capacity_num":540,"status":"Active"}},{"type":"Feature","geometry":{"type":"Point","coordinates":[-84.7396025,40.9296531]},"properties":{"type":"non-renewable","subtype":"gas","name":"Robert P. Mone Generating Station","operator":"National Power Coop Inc","capacity":"594 MW","capacity_num":594,"status":"Active"}},{"type":"Feature","geometry":{"type":"Point","coordinates":[-119.6736995,45.8482574]},"properties":{"type":"non-renewable","subtype":"gas","name":"Coyote Springs I & II Power Plants","operator":"Multiple/Unknown","capacity":"100 MW","capacity_num":100,"status":"Active"}},{"type":"Feature","geometry":{"type":"Point","coordinates":[-84.3540734,39.4679323]},"properties":{"type":"non-renewable","subtype":"gas","name":"Middletown Energy Center","operator":"NTE Energy","capacity":"544 MW","capacity_num":543.9,"status":"Active"}},{"type":"Feature","geometry":{"type":"Point","coordinates":[-95.744652,29.0725006]},"properties":{"type":"non-renewable","subtype":"gas","name":"Sweeny Cogeneration","operator":"Sweeny Cogeneration LP","capacity":"572 MW","capacity_num":572,"status":"Active"}},{"type":"Feature","geometry":{"type":"Point","coordinates":[-77.7132441,36.7631208]},"properties":{"type":"non-renewable","subtype":"gas","name":"Brunswick County Power Station","operator":"Virginia Electric and Power Company","capacity":"1472 MW","capacity_num":1472.2,"status":"Active"}},{"type":"Feature","geometry":{"type":"Point","coordinates":[-94.933197,29.3778465]},"properties":{"type":"non-renewable","subtype":"gas","name":"Green Power 2 Power Plant","operator":"Marathon","capacity":"861 MW","capacity_num":861,"status":"Active"}},{"type":"Feature","geometry":{"type":"Point","coordinates":[-94.9431181,29.3786301]},"properties":{"type":"non-renewable","subtype":"gas","name":"Texas City Power Plant","operator":"Calpine","capacity":"450 MW","capacity_num":450,"status":"Active"}},{"type":"Feature","geometry":{"type":"Point","coordinates":[-95.0467352,29.6262749]},"properties":{"type":"non-renewable","subtype":"gas","name":"Bayou Cogen Plant","operator":"Air Liquide Large Industries U S LP","capacity":"318 MW","capacity_num":318.4,"status":"Active"}},{"type":"Feature","geometry":{"type":"Point","coordinates":[-95.4519193,29.6470687]},"properties":{"type":"non-renewable","subtype":"gas","name":"Friendswood Energy","operator":"Quantum Utility Generation","capacity":"122 MW","capacity_num":121.5,"status":"Active"}},{"type":"Feature","geometry":{"type":"Point","coordinates":[-111.9375045,33.3549643]},"properties":{"type":"non-renewable","subtype":"gas","name":"Kyrene Generating Station","operator":"Salt River Project","capacity":"521 MW","capacity_num":521,"status":"Active"}},{"type":"Feature","geometry":{"type":"Point","coordinates":[-73.9133221,40.7874304]},"properties":{"type":"non-renewable","subtype":"gas","name":"Astoria Generating Station","operator":"U S Power Generating Company LLC","capacity":"958 MW","capacity_num":958,"status":"Active"}},{"type":"Feature","geometry":{"type":"Point","coordinates":[-73.9069645,40.789265]},"properties":{"type":"non-renewable","subtype":"gas","name":"New York Power Authority","operator":"New York Power Authority","capacity":"528 MW","capacity_num":528,"status":"Active"}},{"type":"Feature","geometry":{"type":"Point","coordinates":[-84.9181332,34.7093935]},"properties":{"type":"non-renewable","subtype":"gas","name":"Thomas A Smith Energy Facility","operator":"Oglethorpe Power Corporation","capacity":"1192 MW","capacity_num":1192,"status":"Active"}},{"type":"Feature","geometry":{"type":"Point","coordinates":[-90.2898071,38.9145527]},"properties":{"type":"non-renewable","subtype":"coal","name":"Ameren Sioux Power Plant","operator":"Ameren","capacity":"1099 MW","capacity_num":1099.4,"status":"Active"}},{"type":"Feature","geometry":{"type":"Point","coordinates":[-82.5419019,35.4690295]},"properties":{"type":"non-renewable","subtype":"gas","name":"Asheville Power Plant","operator":"Duke Energy","capacity":"1012 MW","capacity_num":1011.5,"status":"Active"}},{"type":"Feature","geometry":{"type":"Point","coordinates":[-96.3610129,42.3001706]},"properties":{"type":"non-renewable","subtype":"coal","name":"George Neal Station South","operator":"MidAmerican Energy","capacity":"696 MW","capacity_num":695.9,"status":"Active"}},{"type":"Feature","geometry":{"type":"Point","coordinates":[-86.7382193,32.6491768]},"properties":{"type":"non-renewable","subtype":"gas","name":"Central Alabama Generating Station","operator":"Alabama Power","capacity":"927 MW","capacity_num":927.1,"status":"Active"}},{"type":"Feature","geometry":{"type":"Point","coordinates":[-86.738749,32.6525824]},"properties":{"type":"non-renewable","subtype":"gas","name":"Tenaska Lindsay Hill Generating Station","operator":"Tenaska Alabama Partners LP","capacity":"939 MW","capacity_num":939.4,"status":"Active"}},{"type":"Feature","geometry":{"type":"Point","coordinates":[-94.919683,41.5138645]},"properties":{"type":"non-renewable","subtype":"gas","name":"Exira Station","operator":"Western Minnesota Mun Pwr Agny","capacity":"182 MW","capacity_num":181.5,"status":"Active"}},{"type":"Feature","geometry":{"type":"Point","coordinates":[-86.986476,37.2693103]},"properties":{"type":"non-renewable","subtype":"gas","name":"TVA Paradise Combined Cycle Plant","operator":"Tennessee Valley Authority","capacity":"1150 MW","capacity_num":1150,"status":"Active"}},{"type":"Feature","geometry":{"type":"Point","coordinates":[-116.9178374,32.5737909]},"properties":{"type":"non-renewable","subtype":"gas","name":"Pio Pico Energy Center","operator":"Southwest Gas","capacity":"395 MW","capacity_num":395.4,"status":"Active"}},{"type":"Feature","geometry":{"type":"Point","coordinates":[-92.2162101,34.5914343]},"properties":{"type":"non-renewable","subtype":"gas","name":"Harry L. Oswald Generating Station","operator":"AECC","capacity":"600 MW","capacity_num":599.5,"status":"Active"}},{"type":"Feature","geometry":{"type":"Point","coordinates":[-94.2525715,30.3036786]},"properties":{"type":"non-renewable","subtype":"gas","name":"Hardin County Peaking Power Facility","operator":"East Texas Electric Cooperative","capacity":"150 MW","capacity_num":150,"status":"Active"}},{"type":"Feature","geometry":{"type":"Point","coordinates":[-89.9085999,30.7921271]},"properties":{"type":"non-renewable","subtype":"gas","name":"Washington Parish Energy Center","operator":"Entergy Louisiana","capacity":"400 MW","capacity_num":399.6,"status":"Active"}},{"type":"Feature","geometry":{"type":"Point","coordinates":[-97.1247278,36.8144158]},"properties":{"type":"non-renewable","subtype":"gas","name":"Charles D. Lamb Energy Center","operator":"Oklahoma Municipal Power Authority","capacity":"122 MW","capacity_num":122,"status":"Active"}},{"type":"Feature","geometry":{"type":"Point","coordinates":[-92.0189805,32.6900985]},"properties":{"type":"non-renewable","subtype":"gas","name":"Perryville Power Station","operator":"Entergy Louisiana","capacity":"824 MW","capacity_num":824.1,"status":"Active"}},{"type":"Feature","geometry":{"type":"Point","coordinates":[-90.2208946,32.3792987]},"properties":{"type":"non-renewable","subtype":"gas","name":"Hinds Energy Facility","operator":"Entergy Mississippi","capacity":"600 MW","capacity_num":600.4,"status":"Active"}},{"type":"Feature","geometry":{"type":"Point","coordinates":[-92.0678974,32.7067089]},"properties":{"type":"non-renewable","subtype":"gas","name":"Ouachita Power Station","operator":"Entergy Louisiana","capacity":"904 MW","capacity_num":903.9,"status":"Active"}},{"type":"Feature","geometry":{"type":"Point","coordinates":[-92.07975,32.7030164]},"properties":{"type":"non-renewable","subtype":"gas","name":"Sterlington Power Station","operator":"Entergy Louisiana","capacity":"59 MW","capacity_num":59.3,"status":"Active"}},{"type":"Feature","geometry":{"type":"Point","coordinates":[-92.6825118,43.7990525]},"properties":{"type":"non-renewable","subtype":"gas","name":"Pleasant Valley Power Station","operator":"Great River Energy","capacity":"468 MW","capacity_num":467.8,"status":"Active"}},{"type":"Feature","geometry":{"type":"Point","coordinates":[-89.2089468,33.3799893]},"properties":{"type":"non-renewable","subtype":"gas","name":"Ackerman Combined Cycle Plant","operator":"Tennessee Valley Authority","capacity":"851 MW","capacity_num":850.5,"status":"Active"}},{"type":"Feature","geometry":{"type":"Point","coordinates":[-106.211303,31.8239224]},"properties":{"type":"non-renewable","subtype":"gas","name":"Montana Power Station","operator":"El Paso Electric Co","capacity":"527 MW","capacity_num":527.2,"status":"Active"}},{"type":"Feature","geometry":{"type":"Point","coordinates":[-87.4465578,39.922562]},"properties":{"type":"non-renewable","subtype":"gas","name":"Vermillion Energy Facility","operator":"Duke Energy","capacity":"692 MW","capacity_num":692,"status":"Active"}},{"type":"Feature","geometry":{"type":"Point","coordinates":[-88.6001721,40.106815]},"properties":{"type":"non-renewable","subtype":"gas","name":"Goose Creek Energy Center","operator":"Ameren","capacity":"684 MW","capacity_num":684,"status":"Active"}},{"type":"Feature","geometry":{"type":"Point","coordinates":[-89.0126043,38.7619626]},"properties":{"type":"non-renewable","subtype":"gas","name":"Kinmundy Power Plant","operator":"Ameren","capacity":"270 MW","capacity_num":270,"status":"Active"}},{"type":"Feature","geometry":{"type":"Point","coordinates":[-91.5365403,39.3100237]},"properties":{"type":"non-renewable","subtype":"gas","name":"Audrain Gas Power Plant","operator":"Ameren","capacity":"814 MW","capacity_num":814.4,"status":"Active"}},{"type":"Feature","geometry":{"type":"Point","coordinates":[-87.5114891,39.3935038]},"properties":{"type":"non-renewable","subtype":"gas","name":"Sugar Creek Power","operator":"Northern Indiana Pub Serv Co","capacity":"619 MW","capacity_num":619.4,"status":"Active"}},{"type":"Feature","geometry":{"type":"Point","coordinates":[-76.4516177,43.4958474]},"properties":{"type":"non-renewable","subtype":"gas","name":"Sithe Independence Station","operator":"Sithe/Independence LLC","capacity":"1086 MW","capacity_num":1086.1,"status":"Active"}},{"type":"Feature","geometry":{"type":"Point","coordinates":[-83.5823093,32.5797263]},"properties":{"type":"non-renewable","subtype":"gas","name":"Robins Power Plant","operator":"Multiple/Unknown","capacity":"183 MW","capacity_num":183,"status":"Active"}},{"type":"Feature","geometry":{"type":"Point","coordinates":[-77.2825507,37.2905302]},"properties":{"type":"non-renewable","subtype":"gas","name":"Hopewell Cogeneration","operator":"Luminant Generation Company LLC","capacity":"399 MW","capacity_num":399,"status":"Active"}},{"type":"Feature","geometry":{"type":"Point","coordinates":[-95.0719164,29.7029655]},"properties":{"type":"non-renewable","subtype":"gas","name":"Exelon LaPorte Generating Station","operator":"Exelon","capacity":"236 MW","capacity_num":236,"status":"Active"}},{"type":"Feature","geometry":{"type":"Point","coordinates":[-97.2780784,39.6128234]},"properties":{"type":"non-renewable","subtype":"gas","name":"Clifton Power Plant","operator":"Sunflower Electric Power Corporation","capacity":"88 MW","capacity_num":87.5,"status":"Active"}},{"type":"Feature","geometry":{"type":"Point","coordinates":[-88.2098187,44.3208524]},"properties":{"type":"non-renewable","subtype":"gas","name":"Fox Energy Center","operator":"Wisconsin Public Service Corporation","capacity":"619 MW","capacity_num":618.8,"status":"Active"}},{"type":"Feature","geometry":{"type":"Point","coordinates":[-95.0413198,29.6949769]},"properties":{"type":"non-renewable","subtype":"gas","name":"San Jacinto Steam Electric Station","operator":"NRG Texas Power LLC","capacity":"176 MW","capacity_num":176.4,"status":"Active"}},{"type":"Feature","geometry":{"type":"Point","coordinates":[-79.2474577,42.0934973]},"properties":{"type":"non-renewable","subtype":"gas","name":"Samuel A. Carlson Electric Generating Station","operator":"Jamestown BPU","capacity":"96 MW","capacity_num":96.3,"status":"Active"}},{"type":"Feature","geometry":{"type":"Point","coordinates":[-79.8387974,39.7476341]},"properties":{"type":"non-renewable","subtype":"gas","name":"Gans Energy","operator":"Gans Energy LLC","capacity":"88 MW","capacity_num":87.6,"status":"Active"}},{"type":"Feature","geometry":{"type":"Point","coordinates":[-81.3643018,39.3327165]},"properties":{"type":"non-renewable","subtype":"gas","name":"Pleasants Energy","operator":"Pleasants Energy LLC","capacity":"344 MW","capacity_num":344,"status":"Active"}},{"type":"Feature","geometry":{"type":"Point","coordinates":[-108.214848,36.7167595]},"properties":{"type":"non-renewable","subtype":"gas","name":"FEUS Bluffview Plant","operator":"City of Farmington - (NM)","capacity":"67 MW","capacity_num":67,"status":"Active"}},{"type":"Feature","geometry":{"type":"Point","coordinates":[-97.2176401,32.7281246]},"properties":{"type":"non-renewable","subtype":"gas","name":"Handley Power Plant","operator":"Exelon Power","capacity":"1265 MW","capacity_num":1265,"status":"Active"}},{"type":"Feature","geometry":{"type":"Point","coordinates":[-82.980293,33.091796]},"properties":{"type":"non-renewable","subtype":"gas","name":"Washington County Power LLC","operator":"Washington County Power LLC","capacity":"796 MW","capacity_num":795.6,"status":"Active"}},{"type":"Feature","geometry":{"type":"Point","coordinates":[-88.7606771,32.6502121]},"properties":{"type":"non-renewable","subtype":"gas","name":"Plant Ratcliffe","operator":"Mississippi Power","capacity":"840 MW","capacity_num":840,"status":"Active"}},{"type":"Feature","geometry":{"type":"Point","coordinates":[-101.16372,20.5795123]},"properties":{"type":"non-renewable","subtype":"gas","name":"Cogen Salamanca Power Plant","operator":"Multiple/Unknown","capacity":"393 MW","capacity_num":393,"status":"Active"}},{"type":"Feature","geometry":{"type":"Point","coordinates":[-83.1603461,41.3773855]},"properties":{"type":"non-renewable","subtype":"gas","name":"Fremont Energy Center Power Plant","operator":"Fremont Energy Center","capacity":"740 MW","capacity_num":739.5,"status":"Active"}},{"type":"Feature","geometry":{"type":"Point","coordinates":[-87.4787747,41.6744271]},"properties":{"type":"non-renewable","subtype":"gas","name":"Whiting Clean Energy Power Plant","operator":"BP Alternative Energy","capacity":"577 MW","capacity_num":576.8,"status":"Active"}},{"type":"Feature","geometry":{"type":"Point","coordinates":[-92.5557375,41.0988548]},"properties":{"type":"non-renewable","subtype":"coal","name":"Ottumwa Generating Station","operator":"Interstate Power and Light","capacity":"726 MW","capacity_num":725.9,"status":"Active"}},{"type":"Feature","geometry":{"type":"Point","coordinates":[-94.2984035,38.8617096]},"properties":{"type":"non-renewable","subtype":"gas","name":"Greenwood Energy Center","operator":"Evergy","capacity":"259 MW","capacity_num":258.8,"status":"Active"}},{"type":"Feature","geometry":{"type":"Point","coordinates":[-105.2244254,39.8578464]},"properties":{"type":"non-renewable","subtype":"gas","name":"Plain's End Power Plant","operator":"Cogentrix","capacity":"232 MW","capacity_num":231.6,"status":"Active"}},{"type":"Feature","geometry":{"type":"Point","coordinates":[-83.062122,42.3514615]},"properties":{"type":"non-renewable","subtype":"coal","name":"Willis Avenue Station","operator":"DTE Electric Company","capacity":"100 MW","capacity_num":100,"status":"Active"}},{"type":"Feature","geometry":{"type":"Point","coordinates":[-83.1022112,42.2949817]},"properties":{"type":"non-renewable","subtype":"gas","name":"Delray Peaking Facility","operator":"DTE Electric Company","capacity":"142 MW","capacity_num":142.2,"status":"Active"}},{"type":"Feature","geometry":{"type":"Point","coordinates":[-121.4003677,38.5310407]},"properties":{"type":"non-renewable","subtype":"gas","name":"SCA Cogen 2 Power Plant","operator":"Sacramento Municipal Utility District","capacity":"193 MW","capacity_num":193.4,"status":"Active"}},{"type":"Feature","geometry":{"type":"Point","coordinates":[-73.1222059,41.4838921]},"properties":{"type":"non-renewable","subtype":"gas","name":"CPV Towantic Energy Center","operator":"CPV Towantic LLC","capacity":"842 MW","capacity_num":841.5,"status":"Active"}},{"type":"Feature","geometry":{"type":"Point","coordinates":[-76.7247009,44.2100066]},"properties":{"type":"non-renewable","subtype":"gas","name":"Kingston Generating Station","operator":"Northland Power","capacity":"110 MW","capacity_num":110,"status":"Active"}},{"type":"Feature","geometry":{"type":"Point","coordinates":[-149.340682,61.4598046]},"properties":{"type":"non-renewable","subtype":"gas","name":"Eklutna Generation Station","operator":"Matanuska Electric Assn Inc","capacity":"171 MW","capacity_num":171,"status":"Active"}},{"type":"Feature","geometry":{"type":"Point","coordinates":[-93.8082913,33.6527856]},"properties":{"type":"non-renewable","subtype":"coal","name":"John W. Turk Jr. Power Plant","operator":"Southwestern Electric Power Company","capacity":"609 MW","capacity_num":609,"status":"Active"}},{"type":"Feature","geometry":{"type":"Point","coordinates":[-84.6921696,32.5882958]},"properties":{"type":"non-renewable","subtype":"gas","name":"Talbot Energy Power Plant","operator":"Oglethorpe Power Corporation","capacity":"726 MW","capacity_num":726,"status":"Active"}},{"type":"Feature","geometry":{"type":"Point","coordinates":[-89.3741585,43.0790178]},"properties":{"type":"non-renewable","subtype":"gas","name":"Blount Generating Station","operator":"Madison Gas and Electric","capacity":"100 MW","capacity_num":100,"status":"Active"}},{"type":"Feature","geometry":{"type":"Point","coordinates":[-82.3418037,36.9180913]},"properties":{"type":"non-renewable","subtype":"coal","name":"Virginia City Hybrid Energy Center","operator":"Virginia Electric & Power","capacity":"668 MW","capacity_num":668,"status":"Active"}},{"type":"Feature","geometry":{"type":"Point","coordinates":[-78.1776648,38.9696497]},"properties":{"type":"non-renewable","subtype":"gas","name":"Warren County Power Station","operator":"Virginia Electric and Power Company","capacity":"1472 MW","capacity_num":1472.2,"status":"Active"}},{"type":"Feature","geometry":{"type":"Point","coordinates":[-85.1127053,31.2223946]},"properties":{"type":"nuclear","subtype":"nuclear","name":"Joseph M. Farley Nuclear Plant","operator":"Southern Nuclear","capacity":"1776 MW","capacity_num":1776.4,"status":"Active"}},{"type":"Feature","geometry":{"type":"Point","coordinates":[-84.9180551,34.1271347]},"properties":{"type":"non-renewable","subtype":"coal","name":"Plant Bowen","operator":"Georgia Power","capacity":"3232 MW","capacity_num":3232,"status":"Active"}},{"type":"Feature","geometry":{"type":"Point","coordinates":[-88.2798216,38.9376132]},"properties":{"type":"non-renewable","subtype":"coal","name":"Newton Power Plant","operator":"Illinois Power Generating Co","capacity":"617 MW","capacity_num":617.4,"status":"Active"}},{"type":"Feature","geometry":{"type":"Point","coordinates":[-84.3759017,42.248464]},"properties":{"type":"non-renewable","subtype":"gas","name":"Jackson Generating Station","operator":"Consumers Energy","capacity":"649 MW","capacity_num":649,"status":"Active"}},{"type":"Feature","geometry":{"type":"Point","coordinates":[-90.4602067,30.0125009]},"properties":{"type":"non-renewable","subtype":"gas","name":"St. Charles Power Station","operator":"Entergy Louisiana","capacity":"1000 MW","capacity_num":1000,"status":"Active"}},{"type":"Feature","geometry":{"type":"Point","coordinates":[-90.4619668,30.0047323]},"properties":{"type":"non-renewable","subtype":"gas","name":"Little Gypsy Power Plant","operator":"Entergy Louisiana","capacity":"1002 MW","capacity_num":1002.2,"status":"Active"}},{"type":"Feature","geometry":{"type":"Point","coordinates":[-94.7007709,37.0704228]},"properties":{"type":"non-renewable","subtype":"gas","name":"Riverton Power Plant","operator":"Empire District Electric Co","capacity":"300 MW","capacity_num":300.2,"status":"Active"}},{"type":"Feature","geometry":{"type":"Point","coordinates":[-96.6152931,33.5770381]},"properties":{"type":"non-renewable","subtype":"gas","name":"Rayburn Energy Station","operator":"Rayburn Energy Station LLC","capacity":"803 MW","capacity_num":803.2,"status":"Active"}},{"type":"Feature","geometry":{"type":"Point","coordinates":[-85.4135023,38.3903588]},"properties":{"type":"non-renewable","subtype":"gas","name":"Bluegrass Generating Station","operator":"East Kentucky Power Cooperative","capacity":"624 MW","capacity_num":624,"status":"Active"}},{"type":"Feature","geometry":{"type":"Point","coordinates":[-91.5682876,44.9023483]},"properties":{"type":"non-renewable","subtype":"gas","name":"Elk Mound Combustion Turbines","operator":"Dairyland Power Cooperative","capacity":"71 MW","capacity_num":71,"status":"Active"}},{"type":"Feature","geometry":{"type":"Point","coordinates":[-104.593851,40.0917623]},"properties":{"type":"non-renewable","subtype":"gas","name":"Rocky Mountain Energy Center","operator":"Public Service Co of Colorado","capacity":"685 MW","capacity_num":685.1,"status":"Active"}},{"type":"Feature","geometry":{"type":"Point","coordinates":[-77.5419196,39.0585683]},"properties":{"type":"non-renewable","subtype":"gas","name":"Panda Stonewall (Potomac Energy) Power Plant","operator":"Potomac Energy Center, LLC","capacity":"778 MW","capacity_num":778,"status":"Active"}},{"type":"Feature","geometry":{"type":"Point","coordinates":[-74.2476436,40.5569153]},"properties":{"type":"non-renewable","subtype":"gas","name":"PSEG Sewaren Generating Station","operator":"PSEG","capacity":"610 MW","capacity_num":609.5,"status":"Active"}},{"type":"Feature","geometry":{"type":"Point","coordinates":[-74.4343378,41.4144426]},"properties":{"type":"non-renewable","subtype":"gas","name":"Valley Energy Center","operator":"Competitive Power Ventures, Inc..","capacity":"680 MW","capacity_num":680,"status":"Active"}},{"type":"Feature","geometry":{"type":"Point","coordinates":[-70.8058292,43.1045513]},"properties":{"type":"non-renewable","subtype":"gas","name":"Essential Power Newington LLC Power Plant","operator":"Essential Power Operating Services, LLC","capacity":"606 MW","capacity_num":605.5,"status":"Active"}},{"type":"Feature","geometry":{"type":"Point","coordinates":[-106.5484641,31.8049423]},"properties":{"type":"non-renewable","subtype":"gas","name":"Rio Grande Power Plant","operator":"El Paso Electric Co","capacity":"398 MW","capacity_num":398.3,"status":"Active"}},{"type":"Feature","geometry":{"type":"Point","coordinates":[-84.8952854,39.8022299]},"properties":{"type":"non-renewable","subtype":"coal","name":"Whitewater Valley Power Plant","operator":"City of Richmond - (IN)","capacity":"94 MW","capacity_num":93.9,"status":"Active"}},{"type":"Feature","geometry":{"type":"Point","coordinates":[-71.4452747,42.1382081]},"properties":{"type":"non-renewable","subtype":"gas","name":"Exelon Power West Medway Generating Station II","operator":"Exelon","capacity":"200 MW","capacity_num":200,"status":"Active"}},{"type":"Feature","geometry":{"type":"Point","coordinates":[-85.7390654,40.0527791]},"properties":{"type":"non-renewable","subtype":"gas","name":"Anderson Power Plant","operator":"Indiana Municipal Power Agency","capacity":"169 MW","capacity_num":168.7,"status":"Active"}},{"type":"Feature","geometry":{"type":"Point","coordinates":[-79.3512935,40.6375567]},"properties":{"type":"non-renewable","subtype":"gas","name":"Armstrong Power Plant","operator":"Armstrong Power LLC","capacity":"688 MW","capacity_num":688,"status":"Active"}},{"type":"Feature","geometry":{"type":"Point","coordinates":[-119.6471232,36.2701095]},"properties":{"type":"non-renewable","subtype":"gas","name":"Hanford Energy Park Peaker","operator":"MRP San Joaquin Energy LLC.","capacity":"92 MW","capacity_num":92.2,"status":"Active"}},{"type":"Feature","geometry":{"type":"Point","coordinates":[-78.5967147,35.9094694]},"properties":{"type":"non-renewable","subtype":"gas","name":"GAS Power Plant","operator":"Multiple/Unknown","capacity":"100 MW","capacity_num":100,"status":"Active"}},{"type":"Feature","geometry":{"type":"Point","coordinates":[-93.3453269,30.1597468]},"properties":{"type":"non-renewable","subtype":"gas","name":"Calcasieu Power Station","operator":"Entergy Louisiana","capacity":"359 MW","capacity_num":358.8,"status":"Active"}},{"type":"Feature","geometry":{"type":"Point","coordinates":[-100.8855582,46.867191]},"properties":{"type":"non-renewable","subtype":"gas","name":"Heskett Station","operator":"Montana-Dakota Utilities","capacity":"176 MW","capacity_num":176.4,"status":"Active"}},{"type":"Feature","geometry":{"type":"Point","coordinates":[-103.2850318,25.772148]},"properties":{"type":"non-renewable","subtype":"gas","name":"Laguna Chavez Power Plant","operator":"Multiple/Unknown","capacity":"84 MW","capacity_num":84,"status":"Active"}},{"type":"Feature","geometry":{"type":"Point","coordinates":[-78.7451855,43.1619181]},"properties":{"type":"non-renewable","subtype":"gas","name":"Lockport Energy Associates Power Plant","operator":"Lockport Energy Associates LP","capacity":"221 MW","capacity_num":221.3,"status":"Active"}},{"type":"Feature","geometry":{"type":"Point","coordinates":[-94.5192164,36.257273]},"properties":{"type":"non-renewable","subtype":"coal","name":"Flint Creek Power Plant","operator":"Southwestern Electric Power Company","capacity":"558 MW","capacity_num":558,"status":"Active"}},{"type":"Feature","geometry":{"type":"Point","coordinates":[-93.0218164,40.4597895]},"properties":{"type":"non-renewable","subtype":"oil","name":"Unionville Power Plant","operator":"Associated Electric Coop, Inc","capacity":"53 MW","capacity_num":53.2,"status":"Active"}},{"type":"Feature","geometry":{"type":"Point","coordinates":[-90.1774817,36.5857742]},"properties":{"type":"non-renewable","subtype":"gas","name":"St Francis Energy Facility","operator":"Associated Electric Coop, Inc","capacity":"465 MW","capacity_num":465,"status":"Active"}},{"type":"Feature","geometry":{"type":"Point","coordinates":[-87.2927492,38.6720185]},"properties":{"type":"non-renewable","subtype":"gas","name":"Wheatland Gas Power Plant","operator":"Duke Energy","capacity":"500 MW","capacity_num":500.4,"status":"Active"}},{"type":"Feature","geometry":{"type":"Point","coordinates":[-70.7915359,43.0999392]},"properties":{"type":"non-renewable","subtype":"gas","name":"Newington Station","operator":"Granite Shore Power","capacity":"414 MW","capacity_num":414,"status":"Active"}},{"type":"Feature","geometry":{"type":"Point","coordinates":[-94.8421618,33.0551447]},"properties":{"type":"non-renewable","subtype":"coal","name":"J. Robert Welsh Power Plant","operator":"Southwestern Electric Power","capacity":"1116 MW","capacity_num":1116,"status":"Active"}},{"type":"Feature","geometry":{"type":"Point","coordinates":[-81.035792,35.4310901]},"properties":{"type":"non-renewable","subtype":"gas","name":"Lincoln Combustion Turbine Station","operator":"Duke Energy","capacity":"1754 MW","capacity_num":1753.6,"status":"Active"}},{"type":"Feature","geometry":{"type":"Point","coordinates":[-84.8673919,39.0910289]},"properties":{"type":"non-renewable","subtype":"gas","name":"Lawrenceburg Power Plant","operator":"Lawrenceburg Power, LLC","capacity":"1232 MW","capacity_num":1232,"status":"Active"}},{"type":"Feature","geometry":{"type":"Point","coordinates":[-94.651462,39.0857644]},"properties":{"type":"non-renewable","subtype":"gas","name":"Kaw Power Station","operator":"City of Kansas City","capacity":"166 MW","capacity_num":165.7,"status":"Active"}},{"type":"Feature","geometry":{"type":"Point","coordinates":[-122.6920638,58.652031]},"properties":{"type":"non-renewable","subtype":"gas","name":"Fort Nelson","operator":"BC Hydro","capacity":"73 MW","capacity_num":73,"status":"Active"}},{"type":"Feature","geometry":{"type":"Point","coordinates":[-104.773787,40.0978655]},"properties":{"type":"non-renewable","subtype":"gas","name":"JM Shafer Generating Station","operator":"Tri-State G & T Assn, Inc","capacity":"397 MW","capacity_num":396.9,"status":"Active"}},{"type":"Feature","geometry":{"type":"Point","coordinates":[-101.1033305,37.5588746]},"properties":{"type":"non-renewable","subtype":"gas","name":"Rubart Power Station","operator":"Sunflower Electric Power Corp","capacity":"120 MW","capacity_num":120,"status":"Active"}},{"type":"Feature","geometry":{"type":"Point","coordinates":[-95.5892477,33.6321946]},"properties":{"type":"non-renewable","subtype":"gas","name":"Lamar Power Project","operator":"LaFrontera Holdings LLC","capacity":"1113 MW","capacity_num":1112.6,"status":"Active"}},{"type":"Feature","geometry":{"type":"Point","coordinates":[-119.2351073,58.4489454]},"properties":{"type":"non-renewable","subtype":"gas","name":"Rainbow Lake Power Plant","operator":"Multiple/Unknown","capacity":"100 MW","capacity_num":100,"status":"Active"}},{"type":"Feature","geometry":{"type":"Point","coordinates":[-103.3545864,32.7133706]},"properties":{"type":"non-renewable","subtype":"gas","name":"Cunningham Station","operator":"Southwestern Public Service Co","capacity":"519 MW","capacity_num":519.2,"status":"Active"}},{"type":"Feature","geometry":{"type":"Point","coordinates":[-103.310072,32.7291082]},"properties":{"type":"non-renewable","subtype":"gas","name":"Hobbs Generating Station","operator":"Lea Power Partners LLC","capacity":"682 MW","capacity_num":681.5,"status":"Active"}},{"type":"Feature","geometry":{"type":"Point","coordinates":[-103.3015575,32.7145702]},"properties":{"type":"non-renewable","subtype":"gas","name":"Maddox Power Plant","operator":"Southwestern Public Service Co","capacity":"212 MW","capacity_num":212,"status":"Active"}},{"type":"Feature","geometry":{"type":"Point","coordinates":[-119.5921274,35.2953298]},"properties":{"type":"non-renewable","subtype":"gas","name":"La Paloma Generating Plant","operator":"CXA La Paloma LLC","capacity":"1200 MW","capacity_num":1200,"status":"Active"}},{"type":"Feature","geometry":{"type":"Point","coordinates":[-99.2253735,36.4372193]},"properties":{"type":"non-renewable","subtype":"gas","name":"Mooreland Power Plant","operator":"Western Farmers Elec Coop, Inc","capacity":"305 MW","capacity_num":305,"status":"Active"}},{"type":"Feature","geometry":{"type":"Point","coordinates":[-104.8882999,40.0921439]},"properties":{"type":"non-renewable","subtype":"gas","name":"Spindle Hill Energy Center","operator":"Invenergy Services LLC","capacity":"420 MW","capacity_num":420,"status":"Active"}},{"type":"Feature","geometry":{"type":"Point","coordinates":[-102.7409525,32.9742931]},"properties":{"type":"non-renewable","subtype":"gas","name":"Mustang Station Power Plant","operator":"Golden Spread Electric Cooperative","capacity":"993 MW","capacity_num":993.1,"status":"Active"}},{"type":"Feature","geometry":{"type":"Point","coordinates":[-103.952339,48.2316429]},"properties":{"type":"non-renewable","subtype":"gas","name":"Pioneer Generating Station","operator":"Basin Electric Power Coop","capacity":"293 MW","capacity_num":293.1,"status":"Active"}},{"type":"Feature","geometry":{"type":"Point","coordinates":[-85.2014694,44.6890851]},"properties":{"type":"non-renewable","subtype":"gas","name":"Kalkaska CT #1 Power Plant","operator":"Michigan Public Power Agency","capacity":"61 MW","capacity_num":60.5,"status":"Active"}},{"type":"Feature","geometry":{"type":"Point","coordinates":[-79.1894477,41.8358177]},"properties":{"type":"non-renewable","subtype":"gas","name":"Warren Power Plant","operator":"Warren Generation, LLC","capacity":"53 MW","capacity_num":53.1,"status":"Active"}},{"type":"Feature","geometry":{"type":"Point","coordinates":[-89.0361374,42.5825698]},"properties":{"type":"non-renewable","subtype":"gas","name":"Riverside Energy Center","operator":"Wisconsin Power & Light Co","capacity":"675 MW","capacity_num":674.9,"status":"Active"}},{"type":"Feature","geometry":{"type":"Point","coordinates":[-76.8374233,41.1815266]},"properties":{"type":"non-renewable","subtype":"gas","name":"Hamilton Patriot Generation Plant","operator":"Hamilton Patriot O & M LLC","capacity":"870 MW","capacity_num":870,"status":"Active"}},{"type":"Feature","geometry":{"type":"Point","coordinates":[-87.9133835,31.4873406]},"properties":{"type":"non-renewable","subtype":"gas","name":"Charles R. Lowman Power Plant","operator":"PowerSouth Energy Cooperative","capacity":"731 MW","capacity_num":731.2,"status":"Active"}},{"type":"Feature","geometry":{"type":"Point","coordinates":[-80.3771253,27.3845169]},"properties":{"type":"non-renewable","subtype":"gas","name":"Treasure Coast Energy Center","operator":"Fort Pierce Utilities Authority","capacity":"411 MW","capacity_num":411.4,"status":"Active"}},{"type":"Feature","geometry":{"type":"Point","coordinates":[-100.0575275,25.7454415]},"properties":{"type":"non-renewable","subtype":"gas","name":"Huinala Flex & Pemcorp Power Plants","operator":"Multiple/Unknown","capacity":"100 MW","capacity_num":100,"status":"Active"}},{"type":"Feature","geometry":{"type":"Point","coordinates":[-95.1109627,29.8834381]},"properties":{"type":"non-renewable","subtype":"gas","name":"Chamon Power LLC","operator":"Peaker Power, LLC","capacity":"121 MW","capacity_num":121,"status":"Active"}},{"type":"Feature","geometry":{"type":"Point","coordinates":[-80.3756332,35.7100285]},"properties":{"type":"non-renewable","subtype":"gas","name":"Buck Combined Cycle Station","operator":"Duke Energy","capacity":"698 MW","capacity_num":697.9,"status":"Active"}},{"type":"Feature","geometry":{"type":"Point","coordinates":[-92.7925911,33.5647011]},"properties":{"type":"non-renewable","subtype":"gas","name":"McClellan Gas Power Plant","operator":"Arkansas Electric Cooperative Corporation","capacity":"136 MW","capacity_num":136,"status":"Active"}},{"type":"Feature","geometry":{"type":"Point","coordinates":[-75.1348984,39.9142071]},"properties":{"type":"non-renewable","subtype":"oil","name":"Southwark Generating Station","operator":"Exelon","capacity":"74 MW","capacity_num":74.4,"status":"Active"}},{"type":"Feature","geometry":{"type":"Point","coordinates":[-73.2177012,42.4564615]},"properties":{"type":"non-renewable","subtype":"gas","name":"Pittsfield Generating LP","operator":"Pittsfield Generating Company, LP","capacity":"176 MW","capacity_num":175.5,"status":"Active"}},{"type":"Feature","geometry":{"type":"Point","coordinates":[-77.6531454,36.7184703]},"properties":{"type":"non-renewable","subtype":"gas","name":"Greensville County Power Station","operator":"Virginia Electric and Power Company","capacity":"1773 MW","capacity_num":1773.3,"status":"Active"}},{"type":"Feature","geometry":{"type":"Point","coordinates":[-73.1076241,41.20997]},"properties":{"type":"non-renewable","subtype":"oil","name":"Devon Station","operator":"NRG Energy","capacity":"223 MW","capacity_num":222.6,"status":"Active"}},{"type":"Feature","geometry":{"type":"Point","coordinates":[-73.0991877,41.224511]},"properties":{"type":"non-renewable","subtype":"gas","name":"Milford Power Plant","operator":"Milford Power Co LLC","capacity":"578 MW","capacity_num":578,"status":"Active"}},{"type":"Feature","geometry":{"type":"Point","coordinates":[-81.6135465,35.0724223]},"properties":{"type":"non-renewable","subtype":"gas","name":"Cherokee County Cogen Power Plant","operator":"Cherokee County Cogen Partners, LLC","capacity":"101 MW","capacity_num":101.2,"status":"Active"}},{"type":"Feature","geometry":{"type":"Point","coordinates":[-81.8497743,27.7466465]},"properties":{"type":"non-renewable","subtype":"gas","name":"Tiger Bay Power Plant","operator":"Duke Energy","capacity":"278 MW","capacity_num":278.1,"status":"Active"}},{"type":"Feature","geometry":{"type":"Point","coordinates":[-81.8772492,27.8494497]},"properties":{"type":"non-renewable","subtype":"gas","name":"Mulberry Cogeneration Facility","operator":"Northern Star Generation Services Co LLC","capacity":"125 MW","capacity_num":125.3,"status":"Active"}},{"type":"Feature","geometry":{"type":"Point","coordinates":[-65.8667587,47.9038101]},"properties":{"type":"non-renewable","subtype":"coal","name":"NB Power Belledune Generating Station","operator":"NB Power","capacity":"490 MW","capacity_num":490,"status":"Active"}},{"type":"Feature","geometry":{"type":"Point","coordinates":[-104.7213813,41.1226502]},"properties":{"type":"non-renewable","subtype":"gas","name":"Cheyenne Prairie Generating Station","operator":"Black Hills Service Company LLC","capacity":"140 MW","capacity_num":140,"status":"Active"}},{"type":"Feature","geometry":{"type":"Point","coordinates":[-76.8269554,38.7029167]},"properties":{"type":"non-renewable","subtype":"gas","name":"PSEG Keys Energy Center","operator":"PSEG Power","capacity":"831 MW","capacity_num":830.6,"status":"Active"}},{"type":"Feature","geometry":{"type":"Point","coordinates":[-78.7983173,40.5505651]},"properties":{"type":"non-renewable","subtype":"coal","name":"Colver Power Project","operator":"Inter-Power/AhlCon Partners, L.P.","capacity":"110 MW","capacity_num":110,"status":"Active"}},{"type":"Feature","geometry":{"type":"Point","coordinates":[-84.5900219,36.9975615]},"properties":{"type":"non-renewable","subtype":"coal","name":"Cooper Power Plant","operator":"East Kentucky Power Cooperative","capacity":"344 MW","capacity_num":344,"status":"Active"}},{"type":"Feature","geometry":{"type":"Point","coordinates":[-86.8318326,21.1337206]},"properties":{"type":"non-renewable","subtype":"oil","name":"Central Turbogas Cancún","operator":"Multiple/Unknown","capacity":"72 MW","capacity_num":72,"status":"Active"}},{"type":"Feature","geometry":{"type":"Point","coordinates":[-87.7846281,32.6016109]},"properties":{"type":"non-renewable","subtype":"gas","name":"Greene County Electric Generating Plant","operator":"Alabama Power","capacity":"1288 MW","capacity_num":1288.4,"status":"Active"}},{"type":"Feature","geometry":{"type":"Point","coordinates":[-84.2002509,30.1624306]},"properties":{"type":"non-renewable","subtype":"gas","name":"S O Purdom Power Plant","operator":"City of Tallahassee - (FL)","capacity":"270 MW","capacity_num":270.1,"status":"Active"}},{"type":"Feature","geometry":{"type":"Point","coordinates":[-90.7250332,35.8484528]},"properties":{"type":"non-renewable","subtype":"gas","name":"Jonesboro Power Plant","operator":"Jonesboro City Water and Light","capacity":"224 MW","capacity_num":224.3,"status":"Active"}},{"type":"Feature","geometry":{"type":"Point","coordinates":[-89.5657993,36.5190515]},"properties":{"type":"non-renewable","subtype":"coal","name":"New Madrid Power Plant","operator":"Associated Electric Coop, Inc","capacity":"1182 MW","capacity_num":1182,"status":"Active"}},{"type":"Feature","geometry":{"type":"Point","coordinates":[-122.6853948,48.8285656]},"properties":{"type":"non-renewable","subtype":"gas","name":"Ferndale Generating Station","operator":"Puget Sound Energy Inc","capacity":"286 MW","capacity_num":285.5,"status":"Active"}},{"type":"Feature","geometry":{"type":"Point","coordinates":[-84.1024554,37.8840076]},"properties":{"type":"non-renewable","subtype":"gas","name":"JK Smith Generating Station","operator":"East Kentucky Power Cooperative","capacity":"1055 MW","capacity_num":1055,"status":"Active"}},{"type":"Feature","geometry":{"type":"Point","coordinates":[-103.6799794,40.2241502]},"properties":{"type":"non-renewable","subtype":"coal","name":"Pawnee Generating Station","operator":"Public Service Company of Colorado","capacity":"552 MW","capacity_num":552.3,"status":"Active"}},{"type":"Feature","geometry":{"type":"Point","coordinates":[-103.6851572,40.217259]},"properties":{"type":"non-renewable","subtype":"gas","name":"Manchief Electric Generating Station","operator":"Manchief Power Co LLC","capacity":"300 MW","capacity_num":300,"status":"Active"}},{"type":"Feature","geometry":{"type":"Point","coordinates":[-86.2824395,33.1660657]},"properties":{"type":"non-renewable","subtype":"gas","name":"AMEA Peaking Gas Power Plant","operator":"Alabama Municipal Electric Authority","capacity":"99 MW","capacity_num":98.6,"status":"Active"}},{"type":"Feature","geometry":{"type":"Point","coordinates":[-106.7319437,34.611044]},"properties":{"type":"non-renewable","subtype":"gas","name":"Valencia Energy Facility","operator":"Valencia Power LLC","capacity":"160 MW","capacity_num":159.5,"status":"Active"}},{"type":"Feature","geometry":{"type":"Point","coordinates":[-72.4027316,46.3680323]},"properties":{"type":"non-renewable","subtype":"gas","name":"Centrale de cogénération de Bécancour","operator":"TC Énergie","capacity":"550 MW","capacity_num":550,"status":"Active"}},{"type":"Feature","geometry":{"type":"Point","coordinates":[-88.0298583,31.2549286]},"properties":{"type":"non-renewable","subtype":"gas","name":"McIntosh Power Plant","operator":"PowerSouth Energy Cooperative","capacity":"676 MW","capacity_num":676,"status":"Active"}},{"type":"Feature","geometry":{"type":"Point","coordinates":[-76.3895463,41.7668836]},"properties":{"type":"non-renewable","subtype":"gas","name":"Hamilton Liberty Power Plant","operator":"Hamilton Liberty O&M LLC","capacity":"870 MW","capacity_num":870,"status":"Active"}},{"type":"Feature","geometry":{"type":"Point","coordinates":[-85.2762202,33.9488903]},"properties":{"type":"non-renewable","subtype":"gas","name":"Sewell Creek Energy Facility","operator":"Oglethorpe Power Corporation","capacity":"570 MW","capacity_num":570,"status":"Active"}},{"type":"Feature","geometry":{"type":"Point","coordinates":[-76.2242111,43.0669164]},"properties":{"type":"non-renewable","subtype":"gas","name":"CH Resources Syracuse Power Plant","operator":"Lakeside Syracuse LLC","capacity":"103 MW","capacity_num":102.7,"status":"Active"}},{"type":"Feature","geometry":{"type":"Point","coordinates":[-96.6754201,32.3197621]},"properties":{"type":"non-renewable","subtype":"gas","name":"Ennis Power Company","operator":"Ennis Power Company LLC","capacity":"393 MW","capacity_num":392.9,"status":"Active"}},{"type":"Feature","geometry":{"type":"Point","coordinates":[-92.6314373,39.5490662]},"properties":{"type":"non-renewable","subtype":"coal","name":"Thomas Hill Energy Center","operator":"Associated Electric Coop, Inc","capacity":"1182 MW","capacity_num":1181.7,"status":"Active"}},{"type":"Feature","geometry":{"type":"Point","coordinates":[-90.026346,35.8613888]},"properties":{"type":"non-renewable","subtype":"gas","name":"Dell Power Station","operator":"Associated Electric Coop, Inc","capacity":"490 MW","capacity_num":490,"status":"Active"}},{"type":"Feature","geometry":{"type":"Point","coordinates":[-121.9686669,37.401115]},"properties":{"type":"non-renewable","subtype":"gas","name":"Gianera Power Plant","operator":"Silicon Valley Power","capacity":"65 MW","capacity_num":64.6,"status":"Active"}},{"type":"Feature","geometry":{"type":"Point","coordinates":[-82.6899514,43.1041316]},"properties":{"type":"non-renewable","subtype":"gas","name":"Greenwood Energy Center Industrial Park","operator":"DTE Energy","capacity":"1071 MW","capacity_num":1071.3,"status":"Active"}},{"type":"Feature","geometry":{"type":"Point","coordinates":[-72.6476153,42.0479317]},"properties":{"type":"non-renewable","subtype":"gas","name":"Berkshire Power","operator":"Berkshire Power Co LLC","capacity":"289 MW","capacity_num":289,"status":"Active"}},{"type":"Feature","geometry":{"type":"Point","coordinates":[-90.3059689,41.7262357]},"properties":{"type":"nuclear","subtype":"nuclear","name":"Quad Cities Nuclear Generating Station","operator":"Exelon Nuclear","capacity":"2019 MW","capacity_num":2018.6,"status":"Active"}},{"type":"Feature","geometry":{"type":"Point","coordinates":[-81.9237892,28.0492669]},"properties":{"type":"non-renewable","subtype":"gas","name":"Larsen Memorial Power Plant","operator":"City of Lakeland","capacity":"134 MW","capacity_num":133.6,"status":"Active"}},{"type":"Feature","geometry":{"type":"Point","coordinates":[-75.8009069,40.2683783]},"properties":{"type":"non-renewable","subtype":"gas","name":"Birdsboro Power","operator":"Birdsboro Power LLC","capacity":"525 MW","capacity_num":525,"status":"Active"}},{"type":"Feature","geometry":{"type":"Point","coordinates":[-85.5038668,39.9524665]},"properties":{"type":"non-renewable","subtype":"gas","name":"Henry County Peak Plant","operator":"Duke Energy","capacity":"182 MW","capacity_num":181.5,"status":"Active"}},{"type":"Feature","geometry":{"type":"Point","coordinates":[-85.9714307,40.098367]},"properties":{"type":"non-renewable","subtype":"gas","name":"Noblesville Power Plant","operator":"Duke Energy","capacity":"283 MW","capacity_num":283,"status":"Active"}},{"type":"Feature","geometry":{"type":"Point","coordinates":[-95.2576849,43.160032]},"properties":{"type":"non-renewable","subtype":"gas","name":"Earl F. Wisdom Generating Station","operator":"Corn Belt Power Cooperative","capacity":"119 MW","capacity_num":119.1,"status":"Active"}},{"type":"Feature","geometry":{"type":"Point","coordinates":[-86.0923824,42.7927208]},"properties":{"type":"non-renewable","subtype":"gas","name":"Holland Energy Park","operator":"City of Holland","capacity":"149 MW","capacity_num":149.4,"status":"Active"}},{"type":"Feature","geometry":{"type":"Point","coordinates":[-98.4999981,46.9255219]},"properties":{"type":"non-renewable","subtype":"gas","name":"Spiritwood Station","operator":"Great River Energy","capacity":"106 MW","capacity_num":106.2,"status":"Active"}},{"type":"Feature","geometry":{"type":"Point","coordinates":[-75.5397425,37.9892855]},"properties":{"type":"non-renewable","subtype":"oil","name":"Commonwealth Chesapeake","operator":"Commonwealth Chesapeake Co LLC","capacity":"403 MW","capacity_num":402.5,"status":"Active"}},{"type":"Feature","geometry":{"type":"Point","coordinates":[-81.0983075,28.1307746]},"properties":{"type":"non-renewable","subtype":"gas","name":"Osceola Power Plant","operator":"GenOn Florida, LP","capacity":"600 MW","capacity_num":600,"status":"Active"}},{"type":"Feature","geometry":{"type":"Point","coordinates":[-102.8650492,49.0876147]},"properties":{"type":"non-renewable","subtype":"coal","name":"Shand Power Station","operator":"Multiple/Unknown","capacity":"279 MW","capacity_num":279,"status":"Active"}},{"type":"Feature","geometry":{"type":"Point","coordinates":[-116.8666693,47.8038683]},"properties":{"type":"non-renewable","subtype":"gas","name":"Rathdrum Power Plant","operator":"Avista Corp","capacity":"166 MW","capacity_num":166.4,"status":"Active"}},{"type":"Feature","geometry":{"type":"Point","coordinates":[-110.781498,27.9232899]},"properties":{"type":"non-renewable","subtype":"gas","name":"Central Empalme I y II","operator":"CFE","capacity":"1591 MW","capacity_num":1590.811,"status":"Active"}},{"type":"Feature","geometry":{"type":"Point","coordinates":[-93.5275515,41.5548541]},"properties":{"type":"non-renewable","subtype":"gas","name":"Greater Des Moines Energy Center","operator":"MidAmerican Energy","capacity":"576 MW","capacity_num":576.3,"status":"Active"}},{"type":"Feature","geometry":{"type":"Point","coordinates":[-93.5239774,41.5564083]},"properties":{"type":"non-renewable","subtype":"gas","name":"Pleasant Hill Power Plant","operator":"MidAmerican Energy","capacity":"180 MW","capacity_num":179.8,"status":"Active"}},{"type":"Feature","geometry":{"type":"Point","coordinates":[-88.2657147,44.2761377]},"properties":{"type":"non-renewable","subtype":"gas","name":"Island Street Peaking Plant","operator":"WPPI Energy","capacity":"61 MW","capacity_num":60.5,"status":"Active"}},{"type":"Feature","geometry":{"type":"Point","coordinates":[-122.2699468,39.3670052]},"properties":{"type":"non-renewable","subtype":"gas","name":"Colusa Generating Station","operator":"Pacific Gas and Electric","capacity":"712 MW","capacity_num":712.4,"status":"Active"}},{"type":"Feature","geometry":{"type":"Point","coordinates":[-119.90401,36.2401159]},"properties":{"type":"non-renewable","subtype":"gas","name":"Henrietta Peaker power plant","operator":"MRP San Joaquin Energy LLC.","capacity":"98 MW","capacity_num":98,"status":"Active"}},{"type":"Feature","geometry":{"type":"Point","coordinates":[-79.3575096,33.3278437]},"properties":{"type":"non-renewable","subtype":"coal","name":"Winyah Plant","operator":"South Carolina Public Service Authority","capacity":"1260 MW","capacity_num":1260,"status":"Active"}},{"type":"Feature","geometry":{"type":"Point","coordinates":[-80.110916,33.3704657]},"properties":{"type":"non-renewable","subtype":"coal","name":"Cross Generating Station","operator":"South Carolina Public Service Authority","capacity":"2375 MW","capacity_num":2375,"status":"Active"}},{"type":"Feature","geometry":{"type":"Point","coordinates":[-119.3129584,45.7933796]},"properties":{"type":"non-renewable","subtype":"gas","name":"Hermiston Power Projects","operator":"Hermiston Power Partnership","capacity":"689 MW","capacity_num":689.4,"status":"Active"}},{"type":"Feature","geometry":{"type":"Point","coordinates":[-119.8135499,45.6994414]},"properties":{"type":"non-renewable","subtype":"gas","name":"Carty Generating Station","operator":"Portland General Electric","capacity":"500 MW","capacity_num":500,"status":"Active"}},{"type":"Feature","geometry":{"type":"Point","coordinates":[-81.2840588,32.2778733]},"properties":{"type":"non-renewable","subtype":"gas","name":"Bobby C. Smith Jr. Energy Facility","operator":"Oglethorpe Power Corporation","capacity":"532 MW","capacity_num":532,"status":"Active"}},{"type":"Feature","geometry":{"type":"Point","coordinates":[-80.4326796,40.9943966]},"properties":{"type":"non-renewable","subtype":"gas","name":"Hickory Run Energy Station","operator":"Tyr Energy","capacity":"1034 MW","capacity_num":1033.7,"status":"Active"}},{"type":"Feature","geometry":{"type":"Point","coordinates":[-73.7500379,42.6253585]},"properties":{"type":"non-renewable","subtype":"gas","name":"Rensselaer Cogen","operator":"Rensselaer Generating LLC","capacity":"88 MW","capacity_num":88.2,"status":"Active"}},{"type":"Feature","geometry":{"type":"Point","coordinates":[-118.2301718,33.7769871]},"properties":{"type":"non-renewable","subtype":"gas","name":"Harbor Cogen","operator":"Harbor Cogeneration Co.","capacity":"107 MW","capacity_num":107.4,"status":"Active"}},{"type":"Feature","geometry":{"type":"Point","coordinates":[-112.5248708,45.9299104]},"properties":{"type":"non-renewable","subtype":"gas","name":"Basin Creek Plant","operator":"Basin Creek Power Services LLC","capacity":"55 MW","capacity_num":54.9,"status":"Active"}},{"type":"Feature","geometry":{"type":"Point","coordinates":[-95.8378487,41.1802454]},"properties":{"type":"non-renewable","subtype":"coal","name":"Council Bluffs Energy Center","operator":"MidAmerican Energy","capacity":"1648 MW","capacity_num":1648.3,"status":"Active"}},{"type":"Feature","geometry":{"type":"Point","coordinates":[-85.0562003,35.9790503]},"properties":{"type":"non-renewable","subtype":"gas","name":"GAS Power Plant","operator":"Multiple/Unknown","capacity":"100 MW","capacity_num":100,"status":"Active"}},{"type":"Feature","geometry":{"type":"Point","coordinates":[-81.8247583,27.8703316]},"properties":{"type":"non-renewable","subtype":"gas","name":"Orange Cogeneration Facility","operator":"Northern Star Generation Services Co LLC","capacity":"137 MW","capacity_num":136.6,"status":"Active"}},{"type":"Feature","geometry":{"type":"Point","coordinates":[-93.1701929,37.2486433]},"properties":{"type":"non-renewable","subtype":"gas","name":"McCartney Power Plant","operator":"City Utilities of Springfield - (MO)","capacity":"118 MW","capacity_num":117.8,"status":"Active"}},{"type":"Feature","geometry":{"type":"Point","coordinates":[-119.6732523,45.8482345]},"properties":{"type":"non-renewable","subtype":"gas","name":"Coyote Springs","operator":"Portland General Electric Co","capacity":"296 MW","capacity_num":296,"status":"Active"}},{"type":"Feature","geometry":{"type":"Point","coordinates":[-73.9657821,41.5732415]},"properties":{"type":"non-renewable","subtype":"gas","name":"Danskammer Generating Station","operator":"Danskammer Energy","capacity":"537 MW","capacity_num":537.4,"status":"Active"}},{"type":"Feature","geometry":{"type":"Point","coordinates":[-73.9735102,41.5687386]},"properties":{"type":"non-renewable","subtype":"gas","name":"Roseton Generating Facility","operator":"CCI Roseton LLC","capacity":"1242 MW","capacity_num":1242,"status":"Active"}},{"type":"Feature","geometry":{"type":"Point","coordinates":[-78.4548131,42.0858539]},"properties":{"type":"non-renewable","subtype":"gas","name":"Indeck Olean Energy Center","operator":"Indeck-Olean Ltd Partnership","capacity":"91 MW","capacity_num":90.6,"status":"Active"}},{"type":"Feature","geometry":{"type":"Point","coordinates":[-71.8953734,41.8727772]},"properties":{"type":"non-renewable","subtype":"gas","name":"Lake Road Generating Plant","operator":"Lake Road Generating Company LLC","capacity":"840 MW","capacity_num":840,"status":"Active"}},{"type":"Feature","geometry":{"type":"Point","coordinates":[-75.0761066,39.9845227]},"properties":{"type":"non-renewable","subtype":"oil","name":"Richmond Power Station","operator":"Exelon","capacity":"132 MW","capacity_num":131.6,"status":"Active"}},{"type":"Feature","geometry":{"type":"Point","coordinates":[-118.392692,34.2456825]},"properties":{"type":"non-renewable","subtype":"gas","name":"LADWP Valley Generating Station","operator":"Los Angeles Department of Water and Power","capacity":"691 MW","capacity_num":690.5,"status":"Active"}},{"type":"Feature","geometry":{"type":"Point","coordinates":[-68.8061144,44.5762231]},"properties":{"type":"non-renewable","subtype":"gas","name":"Bucksport Generation LLC Power Plant","operator":"Bucksport Generation LLC","capacity":"187 MW","capacity_num":186.8,"status":"Active"}},{"type":"Feature","geometry":{"type":"Point","coordinates":[-108.548137,32.2367263]},"properties":{"type":"non-renewable","subtype":"gas","name":"Pyramid Generating Station","operator":"Tri-State Generation and Transmission Association","capacity":"186 MW","capacity_num":186,"status":"Active"}},{"type":"Feature","geometry":{"type":"Point","coordinates":[-69.9609267,43.9089697]},"properties":{"type":"non-renewable","subtype":"gas","name":"Bowdoin College Heating Plant","operator":"Bowdoin College","capacity":"100 MW","capacity_num":100,"status":"Active"}},{"type":"Feature","geometry":{"type":"Point","coordinates":[-84.4002497,30.4528713]},"properties":{"type":"non-renewable","subtype":"gas","name":"Arvah B. Hopkins Generating Station","operator":"City of Tallahassee","capacity":"673 MW","capacity_num":673.1,"status":"Active"}},{"type":"Feature","geometry":{"type":"Point","coordinates":[-106.848528,52.0923399]},"properties":{"type":"non-renewable","subtype":"gas","name":"Cory Cogeneration Station","operator":"Multiple/Unknown","capacity":"260 MW","capacity_num":260,"status":"Active"}},{"type":"Feature","geometry":{"type":"Point","coordinates":[-117.2033995,54.9390308]},"properties":{"type":"non-renewable","subtype":"gas","name":"Valleyview 1 / 2","operator":"ATCO Power","capacity":"90 MW","capacity_num":90,"status":"Active"}},{"type":"Feature","geometry":{"type":"Point","coordinates":[-88.4951333,43.7356115]},"properties":{"type":"non-renewable","subtype":"gas","name":"South Fond du Lac Power Plant","operator":"Wisconsin Power & Light Co","capacity":"382 MW","capacity_num":381.6,"status":"Active"}},{"type":"Feature","geometry":{"type":"Point","coordinates":[-75.6226634,43.9853623]},"properties":{"type":"non-renewable","subtype":"gas","name":"Carthage Energy LLC Power Plant","operator":"Carthage Energy LLC","capacity":"63 MW","capacity_num":62.9,"status":"Active"}},{"type":"Feature","geometry":{"type":"Point","coordinates":[-73.7444682,42.5395183]},"properties":{"type":"non-renewable","subtype":"gas","name":"Castleton Energy Center","operator":"Fortistar Capital","capacity":"72 MW","capacity_num":72,"status":"Active"}},{"type":"Feature","geometry":{"type":"Point","coordinates":[-117.1173504,33.1221908]},"properties":{"type":"non-renewable","subtype":"gas","name":"CalPeak Enterprise Power Plant","operator":"CalPeak Power, LLC","capacity":"59 MW","capacity_num":58.9,"status":"Active"}},{"type":"Feature","geometry":{"type":"Point","coordinates":[-84.3345839,41.3049655]},"properties":{"type":"non-renewable","subtype":"gas","name":"Richland Gas Power Plant","operator":"Richland-Stryker Generation LLC","capacity":"450 MW","capacity_num":450,"status":"Active"}},{"type":"Feature","geometry":{"type":"Point","coordinates":[-85.8835394,38.1821314]},"properties":{"type":"non-renewable","subtype":"gas","name":"Cane Run Unit 7","operator":"Louisville Gas and Electric Company","capacity":"807 MW","capacity_num":807,"status":"Active"}},{"type":"Feature","geometry":{"type":"Point","coordinates":[-85.8447611,38.2209879]},"properties":{"type":"non-renewable","subtype":"gas","name":"Paddys Run Power Plant","operator":"Louisville Gas and Electric Company","capacity":"211 MW","capacity_num":210.6,"status":"Active"}},{"type":"Feature","geometry":{"type":"Point","coordinates":[-77.1721255,40.1229161]},"properties":{"type":"non-renewable","subtype":"oil","name":"Mountain","operator":"Mountain Power, LLC","capacity":"54 MW","capacity_num":54,"status":"Active"}},{"type":"Feature","geometry":{"type":"Point","coordinates":[-76.1971434,40.7904019]},"properties":{"type":"non-renewable","subtype":"coal","name":"John B. Rich Memorial Power Station","operator":"Gilberton Power Co","capacity":"88 MW","capacity_num":88.4,"status":"Active"}},{"type":"Feature","geometry":{"type":"Point","coordinates":[-97.9739048,29.5925762]},"properties":{"type":"non-renewable","subtype":"gas","name":"Rio Nogales Power Project","operator":"CPS Energy","capacity":"940 MW","capacity_num":940.2,"status":"Active"}},{"type":"Feature","geometry":{"type":"Point","coordinates":[-97.7825334,25.7976068]},"properties":{"type":"non-renewable","subtype":"gas","name":"Central Termoeléctrica Rio Bravo IV","operator":"Multiple/Unknown","capacity":"512 MW","capacity_num":512,"status":"Active"}},{"type":"Feature","geometry":{"type":"Point","coordinates":[-79.9215029,34.9686398]},"properties":{"type":"non-renewable","subtype":"gas","name":"Anson County Generation Facility","operator":"North Carolina Electric Member Corp","capacity":"344 MW","capacity_num":343.8,"status":"Active"}},{"type":"Feature","geometry":{"type":"Point","coordinates":[-96.5330856,44.3952301]},"properties":{"type":"non-renewable","subtype":"gas","name":"Deer Creek Station","operator":"Basin Electric Power Cooperative","capacity":"324 MW","capacity_num":324,"status":"Active"}},{"type":"Feature","geometry":{"type":"Point","coordinates":[-78.8559577,40.4135998]},"properties":{"type":"non-renewable","subtype":"gas","name":"CPV Fairview Energy Center","operator":"Competitive Power Ventures","capacity":"1100 MW","capacity_num":1100,"status":"Active"}},{"type":"Feature","geometry":{"type":"Point","coordinates":[-93.997933,38.7536291]},"properties":{"type":"non-renewable","subtype":"gas","name":"Holden Power Plant","operator":"Assosciated Electric Cooperative, Inc.","capacity":"321 MW","capacity_num":321.3,"status":"Active"}},{"type":"Feature","geometry":{"type":"Point","coordinates":[-78.8297421,35.098458]},"properties":{"type":"non-renewable","subtype":"gas","name":"Butler-Warner Generation Plant","operator":"Fayetteville Public Works Commission","capacity":"303 MW","capacity_num":303.4,"status":"Active"}},{"type":"Feature","geometry":{"type":"Point","coordinates":[-88.4003734,40.4707405]},"properties":{"type":"non-renewable","subtype":"gas","name":"Gibson City Energy Center","operator":"Gibson City Energy Center LLC","capacity":"270 MW","capacity_num":270,"status":"Active"}},{"type":"Feature","geometry":{"type":"Point","coordinates":[-72.9404453,40.8142965]},"properties":{"type":"non-renewable","subtype":"gas","name":"Caithness Long Island Energy Center","operator":"Multiple/Unknown","capacity":"349 MW","capacity_num":348.9,"status":"Active"}},{"type":"Feature","geometry":{"type":"Point","coordinates":[-115.4612611,32.6051139]},"properties":{"type":"non-renewable","subtype":"oil","name":"Central Turbogas Mexicali","operator":"Multiple/Unknown","capacity":"62 MW","capacity_num":62,"status":"Active"}},{"type":"Feature","geometry":{"type":"Point","coordinates":[-76.0408844,40.9285265]},"properties":{"type":"non-renewable","subtype":"gas","name":"Hazleton Generation","operator":"Hazleton Generation LLC","capacity":"172 MW","capacity_num":171.5,"status":"Active"}},{"type":"Feature","geometry":{"type":"Point","coordinates":[-105.241424,35.6090575]},"properties":{"type":"non-renewable","subtype":"coal","name":"Plant","operator":"Multiple/Unknown","capacity":"100 MW","capacity_num":100,"status":"Active"}},{"type":"Feature","geometry":{"type":"Point","coordinates":[-83.1799289,30.375677]},"properties":{"type":"non-renewable","subtype":"gas","name":"Suwannee River Power Plant","operator":"Duke Energy","capacity":"198 MW","capacity_num":197.7,"status":"Active"}},{"type":"Feature","geometry":{"type":"Point","coordinates":[-88.5392299,38.6996994]},"properties":{"type":"non-renewable","subtype":"gas","name":"Raccoon Creek Energy Center","operator":"Ameren","capacity":"456 MW","capacity_num":456,"status":"Active"}},{"type":"Feature","geometry":{"type":"Point","coordinates":[-123.1733063,46.1791045]},"properties":{"type":"non-renewable","subtype":"gas","name":"Port Westward Generating Project","operator":"Portland General Electric","capacity":"413 MW","capacity_num":413,"status":"Active"}},{"type":"Feature","geometry":{"type":"Point","coordinates":[-123.1767181,46.1736457]},"properties":{"type":"non-renewable","subtype":"gas","name":"Beaver Power Plant","operator":"Portland General Electric","capacity":"611 MW","capacity_num":610.7,"status":"Active"}},{"type":"Feature","geometry":{"type":"Point","coordinates":[-89.9467547,31.599986]},"properties":{"type":"non-renewable","subtype":"gas","name":"Silver Creek Power Plant","operator":"Cooperative Energy","capacity":"251 MW","capacity_num":250.5,"status":"Active"}},{"type":"Feature","geometry":{"type":"Point","coordinates":[-70.2421001,44.5064715]},"properties":{"type":"non-renewable","subtype":"gas","name":"Androscoggin Energy Center","operator":"Pixelle Androscoggin LLC","capacity":"164 MW","capacity_num":163.5,"status":"Active"}},{"type":"Feature","geometry":{"type":"Point","coordinates":[-75.1254038,39.968127]},"properties":{"type":"non-renewable","subtype":"oil","name":"Delaware Generating Station","operator":"Exelon","capacity":"77 MW","capacity_num":77,"status":"Active"}},{"type":"Feature","geometry":{"type":"Point","coordinates":[-86.2898777,44.218314]},"properties":{"type":"non-renewable","subtype":"coal","name":"TES Filer City Station","operator":"TES Filer City Station LP","capacity":"70 MW","capacity_num":70,"status":"Active"}},{"type":"Feature","geometry":{"type":"Point","coordinates":[-80.3672031,40.9390349]},"properties":{"type":"non-renewable","subtype":"gas","name":"New Castle Power Plant","operator":"New Castle Power, LLC","capacity":"354 MW","capacity_num":354.4,"status":"Active"}},{"type":"Feature","geometry":{"type":"Point","coordinates":[-85.4492247,38.6018213]},"properties":{"type":"nuclear","subtype":"nuclear","name":"Marble Hill Nuclear Power Plant (Dismantled)","operator":"Multiple/Unknown","capacity":"100 MW","capacity_num":100,"status":"Active"}},{"type":"Feature","geometry":{"type":"Point","coordinates":[-120.9853537,37.5745637]},"properties":{"type":"non-renewable","subtype":"gas","name":"Almond Power Plant","operator":"Turlock Irrigation District","capacity":"224 MW","capacity_num":223.5,"status":"Active"}},{"type":"Feature","geometry":{"type":"Point","coordinates":[-79.2679456,39.2014725]},"properties":{"type":"non-renewable","subtype":"coal","name":"Mount Storm Power Station","operator":"Virginia Electric and Power Company","capacity":"1681 MW","capacity_num":1680.9,"status":"Active"}},{"type":"Feature","geometry":{"type":"Point","coordinates":[-78.7469637,39.5954499]},"properties":{"type":"non-renewable","subtype":"coal","name":"Warrior Run Generating Station","operator":"AES Corporation","capacity":"229 MW","capacity_num":229,"status":"Active"}},{"type":"Feature","geometry":{"type":"Point","coordinates":[-75.6242642,39.2791821]},"properties":{"type":"non-renewable","subtype":"gas","name":"Warren F. Sam Beasley Power Plant","operator":"Delaware Municipal Electric Corp","capacity":"96 MW","capacity_num":96,"status":"Active"}},{"type":"Feature","geometry":{"type":"Point","coordinates":[-92.8723041,42.0418705]},"properties":{"type":"non-renewable","subtype":"gas","name":"Marshalltown Generating Station","operator":"Alliant Energy","capacity":"709 MW","capacity_num":708.8,"status":"Active"}},{"type":"Feature","geometry":{"type":"Point","coordinates":[-89.605903,41.7753323]},"properties":{"type":"non-renewable","subtype":"gas","name":"Nelson Energy Center","operator":"Invenergy Services LLC","capacity":"1008 MW","capacity_num":1007.5,"status":"Active"}},{"type":"Feature","geometry":{"type":"Point","coordinates":[-82.3430819,31.9325541]},"properties":{"type":"nuclear","subtype":"nuclear","name":"Hatch Nuclear Power Plant","operator":"Southern Nuclear","capacity":"1726 MW","capacity_num":1726,"status":"Active"}},{"type":"Feature","geometry":{"type":"Point","coordinates":[-84.5473225,30.910833]},"properties":{"type":"non-renewable","subtype":"oil","name":"Walton Bainbridge Power Facility","operator":"Walton Bainbridge","capacity":"80 MW","capacity_num":80,"status":"Active"}},{"type":"Feature","geometry":{"type":"Point","coordinates":[-117.8874371,33.8793946]},"properties":{"type":"non-renewable","subtype":"gas","name":"Tri-gen Power Plant","operator":"Multiple/Unknown","capacity":"100 MW","capacity_num":100,"status":"Active"}},{"type":"Feature","geometry":{"type":"Point","coordinates":[-78.929631,36.0034602]},"properties":{"type":"non-renewable","subtype":"gas","name":"Chiller Plant 3","operator":"Multiple/Unknown","capacity":"100 MW","capacity_num":100,"status":"Active"}},{"type":"Feature","geometry":{"type":"Point","coordinates":[-91.5440727,29.8232978]},"properties":{"type":"non-renewable","subtype":"gas","name":"Cleco Teche Power Station","operator":"CLECO","capacity":"391 MW","capacity_num":390.7,"status":"Active"}},{"type":"Feature","geometry":{"type":"Point","coordinates":[-101.8282947,47.3672663]},"properties":{"type":"non-renewable","subtype":"coal","name":"Antelope Valley Power Plant","operator":"Basin Electric Power Cooperative","capacity":"954 MW","capacity_num":954,"status":"Active"}},{"type":"Feature","geometry":{"type":"Point","coordinates":[-103.5771449,47.7966123]},"properties":{"type":"non-renewable","subtype":"gas","name":"Lonesome Creek Station","operator":"Basin Electric Power Cooperative","capacity":"303 MW","capacity_num":302.5,"status":"Active"}},{"type":"Feature","geometry":{"type":"Point","coordinates":[-116.5279819,40.7466093]},"properties":{"type":"non-renewable","subtype":"coal","name":"Newmont TS Solid-Fuel Power Plant","operator":"Nevada Gold Energy, LLC","capacity":"242 MW","capacity_num":242,"status":"Active"}},{"type":"Feature","geometry":{"type":"Point","coordinates":[-86.4806623,41.6983469]},"properties":{"type":"non-renewable","subtype":"gas","name":"St. Joseph Energy Center","operator":"St Joseph Energy Center LLC","capacity":"780 MW","capacity_num":780,"status":"Active"}},{"type":"Feature","geometry":{"type":"Point","coordinates":[-90.4479724,41.5401866]},"properties":{"type":"non-renewable","subtype":"gas","name":"GAS Power Plant","operator":"Multiple/Unknown","capacity":"100 MW","capacity_num":100,"status":"Active"}},{"type":"Feature","geometry":{"type":"Point","coordinates":[-105.0023472,39.6704603]},"properties":{"type":"non-renewable","subtype":"gas","name":"Arapahoe Station","operator":"SWG Arapahoe, LLC","capacity":"194 MW","capacity_num":194,"status":"Active"}},{"type":"Feature","geometry":{"type":"Point","coordinates":[-91.1925551,29.6918393]},"properties":{"type":"non-renewable","subtype":"gas","name":"LEPA Unit No. 1","operator":"Louisiana Energy & Power Authority","capacity":"64 MW","capacity_num":64,"status":"Active"}},{"type":"Feature","geometry":{"type":"Point","coordinates":[-101.8481433,50.5990027]},"properties":{"type":"non-renewable","subtype":"gas","name":"Spy Hill Power Plant","operator":"Northland Power Inc.","capacity":"89 MW","capacity_num":89,"status":"Active"}},{"type":"Feature","geometry":{"type":"Point","coordinates":[-75.8782795,40.8556688]},"properties":{"type":"non-renewable","subtype":"coal","name":"Panther Creek Energy Facility","operator":"Panther Creek Power Operating, LLC","capacity":"94 MW","capacity_num":94,"status":"Active"}},{"type":"Feature","geometry":{"type":"Point","coordinates":[-84.9662541,39.8395558]},"properties":{"type":"non-renewable","subtype":"gas","name":"Richmond","operator":"Indiana Municipal Power Agency","capacity":"83 MW","capacity_num":82.8,"status":"Active"}},{"type":"Feature","geometry":{"type":"Point","coordinates":[-92.4630735,31.3209356]},"properties":{"type":"non-renewable","subtype":"gas","name":"D. G. Hunter Power Station","operator":"City of Alexandria","capacity":"65 MW","capacity_num":65.1,"status":"Active"}},{"type":"Feature","geometry":{"type":"Point","coordinates":[-80.947448,35.4319054]},"properties":{"type":"nuclear","subtype":"nuclear","name":"McGuire Nuclear Station","operator":"Duke Energy","capacity":"2441 MW","capacity_num":2440.6,"status":"Active"}},{"type":"Feature","geometry":{"type":"Point","coordinates":[-73.7845444,40.6472629]},"properties":{"type":"non-renewable","subtype":"gas","name":"Kennedy International Airport Cogen","operator":"KIAC Partners","capacity":"125 MW","capacity_num":125,"status":"Active"}},{"type":"Feature","geometry":{"type":"Point","coordinates":[-73.7617945,40.6112359]},"properties":{"type":"non-renewable","subtype":"gas","name":"Bayswater Peaking Facility LLC","operator":"Bayswater Peaking Facility LLC","capacity":"58 MW","capacity_num":58,"status":"Active"}},{"type":"Feature","geometry":{"type":"Point","coordinates":[-73.7620722,40.610054]},"properties":{"type":"non-renewable","subtype":"oil","name":"Jamaica Bay Peaking","operator":"Jamaica Bay Peaking Facility, LLC","capacity":"54 MW","capacity_num":53.9,"status":"Active"}},{"type":"Feature","geometry":{"type":"Point","coordinates":[-74.127538,40.7070794]},"properties":{"type":"non-renewable","subtype":"gas","name":"Newark Energy Center","operator":"Newark Energy Center, LLC","capacity":"735 MW","capacity_num":735,"status":"Active"}},{"type":"Feature","geometry":{"type":"Point","coordinates":[-73.9093132,40.7990028]},"properties":{"type":"non-renewable","subtype":"gas","name":"Hell Gate power station","operator":"New York Power Authority","capacity":"94 MW","capacity_num":94,"status":"Active"}},{"type":"Feature","geometry":{"type":"Point","coordinates":[-73.9155342,40.7991059]},"properties":{"type":"non-renewable","subtype":"gas","name":"Harlem River Yard Power Station","operator":"New York Power Authority","capacity":"94 MW","capacity_num":94,"status":"Active"}},{"type":"Feature","geometry":{"type":"Point","coordinates":[-75.5468511,41.4720309]},"properties":{"type":"non-renewable","subtype":"gas","name":"Lackawanna Energy Center","operator":"Invenergy Services LLC","capacity":"1479 MW","capacity_num":1479,"status":"Active"}},{"type":"Feature","geometry":{"type":"Point","coordinates":[-78.7471837,40.4546112]},"properties":{"type":"non-renewable","subtype":"coal","name":"Ebensburg Generating Plant","operator":"Ebensburg Power Co","capacity":"50 MW","capacity_num":50,"status":"Active"}},{"type":"Feature","geometry":{"type":"Point","coordinates":[-79.6966495,40.1748422]},"properties":{"type":"non-renewable","subtype":"gas","name":"Tenaska Westmoreland Generating Station","operator":"Tenaska Pennsylvania Partners, LLC","capacity":"1055 MW","capacity_num":1055.2,"status":"Active"}},{"type":"Feature","geometry":{"type":"Point","coordinates":[-80.791558,27.6366558]},"properties":{"type":"non-renewable","subtype":"gas","name":"Okeechobee Clean Energy Center","operator":"Florida Power & Light","capacity":"1723 MW","capacity_num":1723,"status":"Active"}},{"type":"Feature","geometry":{"type":"Point","coordinates":[-76.0699822,41.2016891]},"properties":{"type":"non-renewable","subtype":"gas","name":"Hunlock Power Station","operator":"UGI Development Co","capacity":"129 MW","capacity_num":129,"status":"Active"}},{"type":"Feature","geometry":{"type":"Point","coordinates":[-76.1568698,41.1126961]},"properties":{"type":"non-renewable","subtype":"gas","name":"Moxie Freedom Generation Plant","operator":"Moxie Freedom LLC","capacity":"1042 MW","capacity_num":1042,"status":"Active"}},{"type":"Feature","geometry":{"type":"Point","coordinates":[-97.7346511,32.3386689]},"properties":{"type":"non-renewable","subtype":"gas","name":"Wolf Hollow 2 Generating Station","operator":"Constellation","capacity":"1069 MW","capacity_num":1069,"status":"Active"}},{"type":"Feature","geometry":{"type":"Point","coordinates":[-97.7311993,32.3343487]},"properties":{"type":"non-renewable","subtype":"gas","name":"Wolf Hollow I power plant","operator":"Wolf Hollow I Power, LLC","capacity":"788 MW","capacity_num":788,"status":"Active"}},{"type":"Feature","geometry":{"type":"Point","coordinates":[-76.1611482,39.7197467]},"properties":{"type":"non-renewable","subtype":"gas","name":"Wildcat Point Generation Facility","operator":"Old Dominion Electric Coop","capacity":"1087 MW","capacity_num":1087.4,"status":"Active"}},{"type":"Feature","geometry":{"type":"Point","coordinates":[-74.2107474,39.8157262]},"properties":{"type":"non-renewable","subtype":"gas","name":"Forked River Power Plant","operator":"Forked River Power, LLC","capacity":"85 MW","capacity_num":85,"status":"Active"}},{"type":"Feature","geometry":{"type":"Point","coordinates":[-92.8626368,42.0482813]},"properties":{"type":"non-renewable","subtype":"gas","name":"Marshalltown Power Station","operator":"Alliant Energy","capacity":"189 MW","capacity_num":189,"status":"Active"}},{"type":"Feature","geometry":{"type":"Point","coordinates":[-117.5340322,34.0904979]},"properties":{"type":"non-renewable","subtype":"gas","name":"Grapeland Hybrid Power Plant","operator":"Southern California Edison","capacity":"56 MW","capacity_num":56,"status":"Active"}},{"type":"Feature","geometry":{"type":"Point","coordinates":[-85.4947059,42.2815223]},"properties":{"type":"non-renewable","subtype":"gas","name":"Kalamazoo River Generating Station","operator":"CMS Generation MI Power LLC","capacity":"76 MW","capacity_num":76,"status":"Active"}},{"type":"Feature","geometry":{"type":"Point","coordinates":[-121.6924908,39.0525584]},"properties":{"type":"non-renewable","subtype":"gas","name":"Greenleaf 1 Power Plant","operator":"Calpine Greenleaf Holding, Inc.","capacity":"70 MW","capacity_num":69.8,"status":"Active"}},{"type":"Feature","geometry":{"type":"Point","coordinates":[-74.7896711,40.1771834]},"properties":{"type":"non-renewable","subtype":"oil","name":"Falls","operator":"Exelon","capacity":"64 MW","capacity_num":63.6,"status":"Active"}},{"type":"Feature","geometry":{"type":"Point","coordinates":[-111.1263301,32.4008892]},"properties":{"type":"non-renewable","subtype":"gas","name":"North Loop Power Station","operator":"Tucson Electric Power Co","capacity":"102 MW","capacity_num":101.8,"status":"Active"}},{"type":"Feature","geometry":{"type":"Point","coordinates":[-110.0911483,41.8817745]},"properties":{"type":"non-renewable","subtype":"gas","name":"Shute Creek Facility Power Station","operator":"Exxon Mobil Production Co","capacity":"111 MW","capacity_num":110.6,"status":"Active"}},{"type":"Feature","geometry":{"type":"Point","coordinates":[-107.184071,40.4881212]},"properties":{"type":"non-renewable","subtype":"coal","name":"Hayden Station","operator":"Public Service Company of Colorado","capacity":"441 MW","capacity_num":441,"status":"Active"}},{"type":"Feature","geometry":{"type":"Point","coordinates":[-93.9298747,29.9633886]},"properties":{"type":"non-renewable","subtype":"gas","name":"JCO Oxides Olefins Plant","operator":"Indorama Ventures","capacity":"71 MW","capacity_num":71,"status":"Active"}},{"type":"Feature","geometry":{"type":"Point","coordinates":[-93.7569581,30.0547737]},"properties":{"type":"non-renewable","subtype":"gas","name":"Sabine River Works","operator":"Performance Materials NA, Inc.","capacity":"548 MW","capacity_num":548,"status":"Active"}},{"type":"Feature","geometry":{"type":"Point","coordinates":[-93.2896838,30.2709678]},"properties":{"type":"non-renewable","subtype":"gas","name":"Lake Charles Power","operator":"Entergy Louisiana","capacity":"1000 MW","capacity_num":1000,"status":"Active"}},{"type":"Feature","geometry":{"type":"Point","coordinates":[-88.6159848,37.0338376]},"properties":{"type":"non-renewable","subtype":"gas","name":"PPS Power Plant #1","operator":"Paducah Power System","capacity":"120 MW","capacity_num":120,"status":"Active"}},{"type":"Feature","geometry":{"type":"Point","coordinates":[-89.8401966,36.8682424]},"properties":{"type":"non-renewable","subtype":"gas","name":"Essex Power Station","operator":"Associated Electric Coop, Inc","capacity":"110 MW","capacity_num":110,"status":"Active"}},{"type":"Feature","geometry":{"type":"Point","coordinates":[-97.9092698,33.0595362]},"properties":{"type":"non-renewable","subtype":"gas","name":"Wise County Power","operator":"Wise County Power Company LLC","capacity":"734 MW","capacity_num":734,"status":"Active"}},{"type":"Feature","geometry":{"type":"Point","coordinates":[-96.1267266,33.1703295]},"properties":{"type":"non-renewable","subtype":"gas","name":"Powerlane Plant","operator":"City of Greenville - (TX)","capacity":"107 MW","capacity_num":106.6,"status":"Active"}},{"type":"Feature","geometry":{"type":"Point","coordinates":[-97.2098095,33.2150162]},"properties":{"type":"non-renewable","subtype":"gas","name":"Denton Energy Center","operator":"City of Denton - (TX)","capacity":"226 MW","capacity_num":225.6,"status":"Active"}},{"type":"Feature","geometry":{"type":"Point","coordinates":[-97.1061888,33.1976943]},"properties":{"type":"non-renewable","subtype":"gas","name":"Spencer Power Station","operator":"City of Garland - (TX)","capacity":"122 MW","capacity_num":122,"status":"Active"}},{"type":"Feature","geometry":{"type":"Point","coordinates":[-96.4509673,33.0687519]},"properties":{"type":"non-renewable","subtype":"gas","name":"Ray Olinger Power Station","operator":"City of Garland - (TX)","capacity":"401 MW","capacity_num":401,"status":"Active"}},{"type":"Feature","geometry":{"type":"Point","coordinates":[-96.5490268,32.8377112]},"properties":{"type":"non-renewable","subtype":"gas","name":"Lake Hubbard Station","operator":"Luminant Generation Company LLC","capacity":"915 MW","capacity_num":915,"status":"Active"}},{"type":"Feature","geometry":{"type":"Point","coordinates":[-89.2999052,31.5290811]},"properties":{"type":"non-renewable","subtype":"gas","name":"Moselle Power Station","operator":"Cooperative Energy","capacity":"511 MW","capacity_num":510.5,"status":"Active"}},{"type":"Feature","geometry":{"type":"Point","coordinates":[-90.721423,29.5804646]},"properties":{"type":"non-renewable","subtype":"gas","name":"Houma Power Plant","operator":"Terrebonne Parish Consolidated Government","capacity":"79 MW","capacity_num":78.9,"status":"Active"}},{"type":"Feature","geometry":{"type":"Point","coordinates":[-91.234366,30.3213154]},"properties":{"type":"non-renewable","subtype":"gas","name":"Dow Plaquemine Cogeneration","operator":"The Dow Chemical Company","capacity":"933 MW","capacity_num":933,"status":"Active"}},{"type":"Feature","geometry":{"type":"Point","coordinates":[-92.262875,30.8437395]},"properties":{"type":"non-renewable","subtype":"gas","name":"Coughlin Power Station","operator":"Cleco Power","capacity":"923 MW","capacity_num":922.8,"status":"Active"}},{"type":"Feature","geometry":{"type":"Point","coordinates":[-91.4051432,35.6762687]},"properties":{"type":"non-renewable","subtype":"coal","name":"Independence Steam Electric Station","operator":"Entergy Arkansas","capacity":"1800 MW","capacity_num":1800,"status":"Active"}},{"type":"Feature","geometry":{"type":"Point","coordinates":[-89.3933483,31.2191322]},"properties":{"type":"non-renewable","subtype":"gas","name":"Morrow Power Plant","operator":"Cooperative Energy","capacity":"550 MW","capacity_num":550,"status":"Active"}},{"type":"Feature","geometry":{"type":"Point","coordinates":[-101.2144942,47.0646973]},"properties":{"type":"non-renewable","subtype":"coal","name":"Milton R. Young Power Plant","operator":"Minnkota Power Coop, Inc","capacity":"734 MW","capacity_num":734,"status":"Active"}},{"type":"Feature","geometry":{"type":"Point","coordinates":[-157.9613999,21.3890115]},"properties":{"type":"non-renewable","subtype":"oil","name":"Pearl City Waiau Power Plant","operator":"Hawaiian Electric Company","capacity":"457 MW","capacity_num":456.6,"status":"Active"}},{"type":"Feature","geometry":{"type":"Point","coordinates":[-156.4936204,20.8011368]},"properties":{"type":"non-renewable","subtype":"oil","name":"Maalaea Power Plant","operator":"Maui Electric Company","capacity":"198 MW","capacity_num":197.9,"status":"Active"}},{"type":"Feature","geometry":{"type":"Point","coordinates":[-95.3174198,34.012334]},"properties":{"type":"non-renewable","subtype":"coal","name":"Hugo Power Plant","operator":"Western Farmers Electric Cooperative, Inc","capacity":"446 MW","capacity_num":446,"status":"Active"}},{"type":"Feature","geometry":{"type":"Point","coordinates":[-97.0549137,36.4554154]},"properties":{"type":"non-renewable","subtype":"coal","name":"Sooner Power Station","operator":"Oklahoma Gas & Electric","capacity":"1138 MW","capacity_num":1138,"status":"Active"}},{"type":"Feature","geometry":{"type":"Point","coordinates":[-100.9749771,37.9293947]},"properties":{"type":"non-renewable","subtype":"coal","name":"Holcomb Station","operator":"Sunflower Electric Power Corp","capacity":"349 MW","capacity_num":348.7,"status":"Active"}},{"type":"Feature","geometry":{"type":"Point","coordinates":[-87.8147962,42.3802433]},"properties":{"type":"non-renewable","subtype":"oil","name":"Waukegan NRG Energy Generating Station","operator":"Midwest Generations EME LLC","capacity":"112 MW","capacity_num":112,"status":"Active"}},{"type":"Feature","geometry":{"type":"Point","coordinates":[-101.8116156,47.2187133]},"properties":{"type":"non-renewable","subtype":"coal","name":"Coyote Power Station","operator":"Otter Tail Power Company","capacity":"450 MW","capacity_num":450,"status":"Active"}},{"type":"Feature","geometry":{"type":"Point","coordinates":[-101.3157532,47.2791014]},"properties":{"type":"non-renewable","subtype":"coal","name":"Leland Olds Station","operator":"Basin Electric Power Cooperative","capacity":"656 MW","capacity_num":656,"status":"Active"}},{"type":"Feature","geometry":{"type":"Point","coordinates":[-89.6024785,39.754056]},"properties":{"type":"non-renewable","subtype":"coal","name":"Dallman Power Station","operator":"City Water, Light and Power","capacity":"437 MW","capacity_num":437.4,"status":"Active"}},{"type":"Feature","geometry":{"type":"Point","coordinates":[-93.5827534,42.0270157]},"properties":{"type":"non-renewable","subtype":"gas","name":"Ames Gas Turbines","operator":"City of Ames","capacity":"79 MW","capacity_num":78.7,"status":"Active"}},{"type":"Feature","geometry":{"type":"Point","coordinates":[-95.2717552,39.0065867]},"properties":{"type":"non-renewable","subtype":"coal","name":"Lawrence Energy Center","operator":"Evergy","capacity":"517 MW","capacity_num":517,"status":"Active"}},{"type":"Feature","geometry":{"type":"Point","coordinates":[-86.9118769,41.7189247]},"properties":{"type":"non-renewable","subtype":"coal","name":"Michigan City Generating Station","operator":"NIPSCO","capacity":"540 MW","capacity_num":540,"status":"Active"}},{"type":"Feature","geometry":{"type":"Point","coordinates":[-73.1817733,41.1697583]},"properties":{"type":"non-renewable","subtype":"gas","name":"Bridgeport Harbor Station","operator":"PSEG Power Connecticut LLC","capacity":"576 MW","capacity_num":576.3,"status":"Active"}},{"type":"Feature","geometry":{"type":"Point","coordinates":[-85.9716493,33.5880891]},"properties":{"type":"non-renewable","subtype":"gas","name":"Calhoun Energy Center","operator":"Calhoun Power Co LLC","capacity":"748 MW","capacity_num":748,"status":"Active"}},{"type":"Feature","geometry":{"type":"Point","coordinates":[-81.3609695,35.2006012]},"properties":{"type":"non-renewable","subtype":"gas","name":"Kings Mountain Energy Center","operator":"Carolina Power Partners, LLC","capacity":"544 MW","capacity_num":543.9,"status":"Active"}},{"type":"Feature","geometry":{"type":"Point","coordinates":[-77.6863848,39.8672964]},"properties":{"type":"non-renewable","subtype":"gas","name":"Chambersburg Power Plant","operator":"Chambersburg Energy, LLC","capacity":"88 MW","capacity_num":87.6,"status":"Active"}},{"type":"Feature","geometry":{"type":"Point","coordinates":[-87.5052184,39.0701621]},"properties":{"type":"non-renewable","subtype":"coal","name":"Merom Power Station","operator":"Hoosier Energy R E C, Inc","capacity":"1080 MW","capacity_num":1080,"status":"Active"}},{"type":"Feature","geometry":{"type":"Point","coordinates":[-116.9434896,32.5625318]},"properties":{"type":"non-renewable","subtype":"gas","name":"CalPeak Border Power Plant","operator":"CalPeak Power, LLC","capacity":"61 MW","capacity_num":60.5,"status":"Active"}},{"type":"Feature","geometry":{"type":"Point","coordinates":[-116.8506168,31.9934103]},"properties":{"type":"non-renewable","subtype":"gas","name":"Central de ciclo combinado Baja California III","operator":"Iberdrola","capacity":"300 MW","capacity_num":300,"status":"Active"}},{"type":"Feature","geometry":{"type":"Point","coordinates":[-73.8500011,42.2718708]},"properties":{"type":"non-renewable","subtype":"gas","name":"Athens Generating Gas Power Plant","operator":"New Athens Generating Company LLC","capacity":"1222 MW","capacity_num":1221.6,"status":"Active"}},{"type":"Feature","geometry":{"type":"Point","coordinates":[-107.599079,45.7648208]},"properties":{"type":"non-renewable","subtype":"coal","name":"Hardin Generating Station","operator":"Heorot Power Management","capacity":"116 MW","capacity_num":115.7,"status":"Active"}},{"type":"Feature","geometry":{"type":"Point","coordinates":[-149.7160823,61.2299255]},"properties":{"type":"non-renewable","subtype":"gas","name":"George M. Sullivan Generation Plant 2","operator":"Anchorage Municipal Light And Power","capacity":"347 MW","capacity_num":346.9,"status":"Active"}},{"type":"Feature","geometry":{"type":"Point","coordinates":[-149.8666766,61.2221842]},"properties":{"type":"non-renewable","subtype":"gas","name":"Hank Nikkels Plant","operator":"Chugach Electric Assn Inc","capacity":"78 MW","capacity_num":77.9,"status":"Active"}},{"type":"Feature","geometry":{"type":"Point","coordinates":[-149.9063495,61.1672235]},"properties":{"type":"non-renewable","subtype":"gas","name":"Southcentral Power Plant","operator":"Chugach Electric Association","capacity":"204 MW","capacity_num":203.9,"status":"Active"}},{"type":"Feature","geometry":{"type":"Point","coordinates":[-99.3621905,38.9304891]},"properties":{"type":"non-renewable","subtype":"gas","name":"Goodman Energy Center","operator":"Midwest Energy","capacity":"104 MW","capacity_num":103.5,"status":"Active"}},{"type":"Feature","geometry":{"type":"Point","coordinates":[-91.261564,47.2850466]},"properties":{"type":"non-renewable","subtype":"coal","name":"Silver Bay Power Plant","operator":"Cleveland-Cliffs","capacity":"132 MW","capacity_num":131.6,"status":"Active"}},{"type":"Feature","geometry":{"type":"Point","coordinates":[-98.3482946,40.8547014]},"properties":{"type":"non-renewable","subtype":"coal","name":"Platte Generating Station","operator":"City of Grand Island - (NE)","capacity":"110 MW","capacity_num":109.8,"status":"Active"}},{"type":"Feature","geometry":{"type":"Point","coordinates":[-116.5725887,33.936419]},"properties":{"type":"non-renewable","subtype":"gas","name":"CPV Sentinel Power Plant","operator":"Sentinel Energy Center LLC","capacity":"800 MW","capacity_num":800,"status":"Active"}},{"type":"Feature","geometry":{"type":"Point","coordinates":[-75.5370467,39.7306482]},"properties":{"type":"non-renewable","subtype":"oil","name":"Christiana Power Plant","operator":"Calpine Mid-Atlantic Generation LLC","capacity":"52 MW","capacity_num":52,"status":"Active"}},{"type":"Feature","geometry":{"type":"Point","coordinates":[-80.8519138,41.149064]},"properties":{"type":"non-renewable","subtype":"gas","name":"Lordstown Power Plant","operator":"Clean Energy Future-Lordstown, LLC","capacity":"962 MW","capacity_num":962,"status":"Active"}},{"type":"Feature","geometry":{"type":"Point","coordinates":[-66.0267988,45.2756545]},"properties":{"type":"non-renewable","subtype":"gas","name":"Bayside Generating Station","operator":"NB Power","capacity":"290 MW","capacity_num":290,"status":"Active"}},{"type":"Feature","geometry":{"type":"Point","coordinates":[-121.4613797,38.4457849]},"properties":{"type":"non-renewable","subtype":"gas","name":"Carson Ice-Gen Project","operator":"Sacramento Municipal Utility District","capacity":"126 MW","capacity_num":125.5,"status":"Active"}},{"type":"Feature","geometry":{"type":"Point","coordinates":[-76.493399,43.4719722]},"properties":{"type":"non-renewable","subtype":"gas","name":"Indeck Oswego Energy Center","operator":"Indeck-Oswego Ltd Partnership","capacity":"57 MW","capacity_num":57.4,"status":"Active"}},{"type":"Feature","geometry":{"type":"Point","coordinates":[-121.8143986,42.1726794]},"properties":{"type":"non-renewable","subtype":"gas","name":"Klamath Generation Peakers","operator":"Klamath Energy LLC","capacity":"118 MW","capacity_num":117.6,"status":"Active"}},{"type":"Feature","geometry":{"type":"Point","coordinates":[-72.8662035,40.9569683]},"properties":{"type":"non-renewable","subtype":"oil","name":"Shoreham Oil Power Plant","operator":"Shoreham Energy LLC","capacity":"100 MW","capacity_num":100,"status":"Active"}},{"type":"Feature","geometry":{"type":"Point","coordinates":[-78.8536862,43.0484964]},"properties":{"type":"non-renewable","subtype":"gas","name":"Fortistar North Tonawanda Power Plant","operator":"North American Energy Services","capacity":"66 MW","capacity_num":65.7,"status":"Active"}},{"type":"Feature","geometry":{"type":"Point","coordinates":[-91.8310887,39.148253]},"properties":{"type":"non-renewable","subtype":"oil","name":"Mexico Power Plant","operator":"Ameren","capacity":"61 MW","capacity_num":60.7,"status":"Active"}},{"type":"Feature","geometry":{"type":"Point","coordinates":[-117.3338544,33.1405862]},"properties":{"type":"non-renewable","subtype":"gas","name":"Carlsbad Energy Center","operator":"NRG Energy","capacity":"659 MW","capacity_num":659,"status":"Active"}},{"type":"Feature","geometry":{"type":"Point","coordinates":[-100.3631236,25.8685953]},"properties":{"type":"non-renewable","subtype":"gas","name":"Centrales de ciclo combinado Escobedo y El Carmen","operator":"Iberdrola","capacity":"1744 MW","capacity_num":1744,"status":"Active"}},{"type":"Feature","geometry":{"type":"Point","coordinates":[-60.3288246,46.320315]},"properties":{"type":"non-renewable","subtype":"coal","name":"Point Aconi Generating Station","operator":"Nova Scotia Power","capacity":"183 MW","capacity_num":183,"status":"Active"}},{"type":"Feature","geometry":{"type":"Point","coordinates":[-74.2146148,40.6323648]},"properties":{"type":"non-renewable","subtype":"gas","name":"Linden Cogeneration Plant","operator":"EFS Cogen Holdings I LLC","capacity":"974 MW","capacity_num":974.1,"status":"Active"}},{"type":"Feature","geometry":{"type":"Point","coordinates":[-64.7912843,32.299324]},"properties":{"type":"non-renewable","subtype":"oil","name":"BELCO Central Plant","operator":"Bermuda Electric Light Company","capacity":"100 MW","capacity_num":100,"status":"Active"}},{"type":"Feature","geometry":{"type":"Point","coordinates":[-95.1211029,29.8370156]},"properties":{"type":"non-renewable","subtype":"gas","name":"Channelview Cogeneration Plant","operator":"EIF Channelview Cogeneration LLC","capacity":"918 MW","capacity_num":918.3,"status":"Active"}},{"type":"Feature","geometry":{"type":"Point","coordinates":[-87.0632196,34.6404729]},"properties":{"type":"non-renewable","subtype":"gas","name":"Morgan Energy Center","operator":"Morgan Energy Center LLC","capacity":"900 MW","capacity_num":900,"status":"Active"}},{"type":"Feature","geometry":{"type":"Point","coordinates":[-76.3650271,40.3514115]},"properties":{"type":"non-renewable","subtype":"gas","name":"Ironwood LLC","operator":"Helix Ironwood LLC","capacity":"778 MW","capacity_num":777.6,"status":"Active"}},{"type":"Feature","geometry":{"type":"Point","coordinates":[-74.3449897,40.4391017]},"properties":{"type":"non-renewable","subtype":"gas","name":"Sayreville Energy Center","operator":"Sayreville Power Generation LP","capacity":"430 MW","capacity_num":430.2,"status":"Active"}},{"type":"Feature","geometry":{"type":"Point","coordinates":[-93.2050592,43.2477163]},"properties":{"type":"non-renewable","subtype":"oil","name":"Lime Creek","operator":"Alliant Energy","capacity":"90 MW","capacity_num":90.2,"status":"Active"}},{"type":"Feature","geometry":{"type":"Point","coordinates":[-91.0496504,32.0083112]},"properties":{"type":"nuclear","subtype":"nuclear","name":"Grand Gulf Nuclear Generating Station","operator":"System Energy Resources, Inc","capacity":"1440 MW","capacity_num":1440,"status":"Active"}},{"type":"Feature","geometry":{"type":"Point","coordinates":[-83.4410602,41.6680923]},"properties":{"type":"non-renewable","subtype":"gas","name":"Oregon Clean Energy Center","operator":"Oregon Clean Energy Center","capacity":"1060 MW","capacity_num":1060,"status":"Active"}},{"type":"Feature","geometry":{"type":"Point","coordinates":[-72.0153903,42.1125751]},"properties":{"type":"non-renewable","subtype":"gas","name":"Millenium Power Plant","operator":"Millennium Power Company, LLC","capacity":"428 MW","capacity_num":427.5,"status":"Active"}},{"type":"Feature","geometry":{"type":"Point","coordinates":[-91.3326449,30.7554773]},"properties":{"type":"nuclear","subtype":"nuclear","name":"River Bend Nuclear Generating Station","operator":"Entergy Louisiana","capacity":"1036 MW","capacity_num":1035.9,"status":"Active"}},{"type":"Feature","geometry":{"type":"Point","coordinates":[-96.3772848,42.3233292]},"properties":{"type":"non-renewable","subtype":"coal","name":"George Neal Station North","operator":"MidAmerican Energy","capacity":"584 MW","capacity_num":584.1,"status":"Active"}},{"type":"Feature","geometry":{"type":"Point","coordinates":[-76.8933484,38.5693354]},"properties":{"type":"non-renewable","subtype":"gas","name":"CPV St. Charles Energy Center","operator":"CPV Maryland LLC","capacity":"775 MW","capacity_num":775.3,"status":"Active"}},{"type":"Feature","geometry":{"type":"Point","coordinates":[-75.9356438,40.421731]},"properties":{"type":"non-renewable","subtype":"gas","name":"Ontelaunee Energy Center","operator":"Ontelaunee Energy Center","capacity":"728 MW","capacity_num":728,"status":"Active"}},{"type":"Feature","geometry":{"type":"Point","coordinates":[-68.7098244,44.8240298]},"properties":{"type":"non-renewable","subtype":"gas","name":"Maine Independence Station Power Plant","operator":"Casco Bay Energy Company L.L.C","capacity":"550 MW","capacity_num":550.2,"status":"Active"}},{"type":"Feature","geometry":{"type":"Point","coordinates":[-119.4701295,35.2806188]},"properties":{"type":"non-renewable","subtype":"gas","name":"Elk Hills Power LLC","operator":"Elk Hills Power LLC","capacity":"623 MW","capacity_num":623,"status":"Active"}},{"type":"Feature","geometry":{"type":"Point","coordinates":[-94.6907777,32.4483094]},"properties":{"type":"non-renewable","subtype":"gas","name":"Eastman Cogeneration Facility Gas Plant","operator":"Eastman Cogeneration LP","capacity":"468 MW","capacity_num":467.7,"status":"Active"}},{"type":"Feature","geometry":{"type":"Point","coordinates":[-84.550992,42.719821]},"properties":{"type":"non-renewable","subtype":"gas","name":"REO Town Cogeneration Plant","operator":"Lansing Board of Water and Light","capacity":"98 MW","capacity_num":98,"status":"Active"}},{"type":"Feature","geometry":{"type":"Point","coordinates":[-79.768009,40.5450011]},"properties":{"type":"non-renewable","subtype":"gas","name":"Allegheny Energy Units 3 4 & 5","operator":"Springdale Energy LLC","capacity":"556 MW","capacity_num":556,"status":"Active"}},{"type":"Feature","geometry":{"type":"Point","coordinates":[-81.9256278,28.0821114]},"properties":{"type":"non-renewable","subtype":"gas","name":"C.D. McIntosh Jr. Power Plant","operator":"City of Lakeland","capacity":"531 MW","capacity_num":530.6,"status":"Active"}},{"type":"Feature","geometry":{"type":"Point","coordinates":[-147.8238797,64.8541317]},"properties":{"type":"non-renewable","subtype":"coal","name":"Atkinson Power Plant","operator":"University of Alaska Fairbanks","capacity":"100 MW","capacity_num":100,"status":"Active"}},{"type":"Feature","geometry":{"type":"Point","coordinates":[-75.5001409,39.1870063]},"properties":{"type":"non-renewable","subtype":"gas","name":"Garrison Energy Center","operator":"Garrison Energy Center LLC","capacity":"361 MW","capacity_num":361,"status":"Active"}},{"type":"Feature","geometry":{"type":"Point","coordinates":[-100.542457,25.7665675]},"properties":{"type":"non-renewable","subtype":"gas","name":"Tractebel Energia de Monterrey","operator":"Multiple/Unknown","capacity":"250 MW","capacity_num":250,"status":"Active"}},{"type":"Feature","geometry":{"type":"Point","coordinates":[-121.3871191,38.0881324]},"properties":{"type":"non-renewable","subtype":"gas","name":"Lodi Energy Center Power Plant","operator":"Northern California Power Agny","capacity":"289 MW","capacity_num":288.9,"status":"Active"}},{"type":"Feature","geometry":{"type":"Point","coordinates":[-103.631041,40.2414596]},"properties":{"type":"non-renewable","subtype":"gas","name":"Brush Colorado Power Partners","operator":"Colorado Energy Management","capacity":"297 MW","capacity_num":297.2,"status":"Active"}},{"type":"Feature","geometry":{"type":"Point","coordinates":[-100.8948273,37.9705055]},"properties":{"type":"non-renewable","subtype":"gas","name":"Garden City Power Plant","operator":"Sunflower Electric Power Corp","capacity":"256 MW","capacity_num":256.3,"status":"Active"}},{"type":"Feature","geometry":{"type":"Point","coordinates":[-71.5112806,42.1290133]},"properties":{"type":"non-renewable","subtype":"gas","name":"Milford Power LP Power Plant","operator":"Milford Power LLC","capacity":"249 MW","capacity_num":249.3,"status":"Active"}},{"type":"Feature","geometry":{"type":"Point","coordinates":[-109.9523909,53.2592911]},"properties":{"type":"non-renewable","subtype":"gas","name":"Meridian Cogeneration Power Plant","operator":"SaskPower","capacity":"228 MW","capacity_num":228,"status":"Active"}},{"type":"Feature","geometry":{"type":"Point","coordinates":[-81.4127264,28.4423012]},"properties":{"type":"non-renewable","subtype":"gas","name":"Orlando Cogen LP Power Plant","operator":"Orlando CoGen","capacity":"122 MW","capacity_num":122.4,"status":"Active"}},{"type":"Feature","geometry":{"type":"Point","coordinates":[-99.9493452,37.7322608]},"properties":{"type":"non-renewable","subtype":"gas","name":"Fort Dodge power plant","operator":"Sunflower Electric Power Corp","capacity":"149 MW","capacity_num":149,"status":"Active"}},{"type":"Feature","geometry":{"type":"Point","coordinates":[-93.6088377,42.0254364]},"properties":{"type":"non-renewable","subtype":"gas","name":"Ames Municipal Power Plant","operator":"City of Ames","capacity":"109 MW","capacity_num":108.8,"status":"Active"}},{"type":"Feature","geometry":{"type":"Point","coordinates":[-84.3695443,46.5155444]},"properties":{"type":"non-renewable","subtype":"gas","name":"Former Lake Superior Power Plant","operator":"Multiple/Unknown","capacity":"100 MW","capacity_num":100,"status":"Active"}},{"type":"Feature","geometry":{"type":"Point","coordinates":[-87.7067498,43.7131711]},"properties":{"type":"non-renewable","subtype":"coal","name":"Edgewater Generating Station","operator":"Alliant Energy","capacity":"414 MW","capacity_num":413.7,"status":"Active"}},{"type":"Feature","geometry":{"type":"Point","coordinates":[-89.4194493,43.4864268]},"properties":{"type":"non-renewable","subtype":"coal","name":"Columbia Energy Center","operator":"Wisconsin Power & Light Co","capacity":"1112 MW","capacity_num":1112,"status":"Active"}},{"type":"Feature","geometry":{"type":"Point","coordinates":[-98.612049,33.1355509]},"properties":{"type":"non-renewable","subtype":"gas","name":"Graham Gas Power Plant","operator":"Luminant Generation Company LLC","capacity":"635 MW","capacity_num":634.7,"status":"Active"}},{"type":"Feature","geometry":{"type":"Point","coordinates":[-97.2711864,30.1453665]},"properties":{"type":"non-renewable","subtype":"gas","name":"Sim Gideon Power Plant","operator":"Lower Colorado River Authority","capacity":"623 MW","capacity_num":623,"status":"Active"}},{"type":"Feature","geometry":{"type":"Point","coordinates":[-98.3104168,32.6577888]},"properties":{"type":"non-renewable","subtype":"gas","name":"R W Miller power plant","operator":"Brazos Electric Power Coop Inc","capacity":"604 MW","capacity_num":603.6,"status":"Active"}},{"type":"Feature","geometry":{"type":"Point","coordinates":[-96.5126544,45.3036547]},"properties":{"type":"non-renewable","subtype":"coal","name":"Big Stone Power Plant","operator":"Otter Tail Power Company","capacity":"451 MW","capacity_num":451,"status":"Active"}},{"type":"Feature","geometry":{"type":"Point","coordinates":[-73.0640245,40.8156178]},"properties":{"type":"non-renewable","subtype":"gas","name":"Richard M Flynn Power Plant","operator":"New York Power Authority","capacity":"170 MW","capacity_num":170,"status":"Active"}},{"type":"Feature","geometry":{"type":"Point","coordinates":[-92.9030935,34.4345346]},"properties":{"type":"non-renewable","subtype":"gas","name":"Lake Catherine Power Plant","operator":"Entergy","capacity":"553 MW","capacity_num":552.5,"status":"Active"}},{"type":"Feature","geometry":{"type":"Point","coordinates":[-82.5347254,38.3684461]},"properties":{"type":"non-renewable","subtype":"gas","name":"Ceredo Generating Station","operator":"Appalachian Power","capacity":"519 MW","capacity_num":519,"status":"Active"}},{"type":"Feature","geometry":{"type":"Point","coordinates":[-103.4673218,25.6020195]},"properties":{"type":"non-renewable","subtype":"gas","name":"Central de ciclo combinado La Laguna II","operator":"Iberdrola","capacity":"538 MW","capacity_num":538,"status":"Active"}},{"type":"Feature","geometry":{"type":"Point","coordinates":[-74.8930969,40.0806312]},"properties":{"type":"non-renewable","subtype":"oil","name":"Croydon CT Generating Station","operator":"Exelon Power","capacity":"546 MW","capacity_num":546.4,"status":"Active"}},{"type":"Feature","geometry":{"type":"Point","coordinates":[-83.6959997,33.8139119]},"properties":{"type":"non-renewable","subtype":"gas","name":"Walton County Power LLC","operator":"SEPG Operating Services","capacity":"494 MW","capacity_num":494.1,"status":"Active"}},{"type":"Feature","geometry":{"type":"Point","coordinates":[-94.0768856,30.0623998]},"properties":{"type":"non-renewable","subtype":"gas","name":"ExxonMobil Beaumont Refinery Power Station","operator":"ExxonMobil Oil Corp","capacity":"678 MW","capacity_num":677.8,"status":"Active"}},{"type":"Feature","geometry":{"type":"Point","coordinates":[-113.5464932,52.308312]},"properties":{"type":"non-renewable","subtype":"gas","name":"Joffre Cogeneration CCGT Power Plant","operator":"Heartland Generation Ltd., Capital Power","capacity":"474 MW","capacity_num":474,"status":"Active"}},{"type":"Feature","geometry":{"type":"Point","coordinates":[-97.270606,30.1474774]},"properties":{"type":"non-renewable","subtype":"gas","name":"Lost Pines 1 Power Project","operator":"Lower Colorado River Authority","capacity":"609 MW","capacity_num":609,"status":"Active"}},{"type":"Feature","geometry":{"type":"Point","coordinates":[-117.1111973,33.3592821]},"properties":{"type":"non-renewable","subtype":"gas","name":"Orange Grove Energy Center","operator":"Orange Grove Energy LP","capacity":"118 MW","capacity_num":118,"status":"Active"}},{"type":"Feature","geometry":{"type":"Point","coordinates":[-117.1203312,33.1283719]},"properties":{"type":"non-renewable","subtype":"gas","name":"Escondido Energy Center","operator":"Wellhead Services, Inc","capacity":"54 MW","capacity_num":54,"status":"Active"}},{"type":"Feature","geometry":{"type":"Point","coordinates":[-71.4048815,41.8160629]},"properties":{"type":"non-renewable","subtype":"gas","name":"Manchester Street Generating Station","operator":"Manchester Street, LLC.","capacity":"515 MW","capacity_num":515,"status":"Active"}},{"type":"Feature","geometry":{"type":"Point","coordinates":[-91.187872,30.4905167]},"properties":{"type":"non-renewable","subtype":"gas","name":"Louisiana Power Plant","operator":"Entergy Louisiana","capacity":"626 MW","capacity_num":625.9,"status":"Active"}},{"type":"Feature","geometry":{"type":"Point","coordinates":[-121.75868,38.0163526]},"properties":{"type":"non-renewable","subtype":"gas","name":"Gateway Generating Station","operator":"Pacific Gas and Electric Company","capacity":"620 MW","capacity_num":619.7,"status":"Active"}},{"type":"Feature","geometry":{"type":"Point","coordinates":[-83.6955441,33.8112464]},"properties":{"type":"non-renewable","subtype":"gas","name":"MPC Generating Power Plant","operator":"SEPG Operating Services","capacity":"386 MW","capacity_num":386.1,"status":"Active"}},{"type":"Feature","geometry":{"type":"Point","coordinates":[-74.1673825,40.0633204]},"properties":{"type":"non-renewable","subtype":"gas","name":"NAEA Ocean Peaking Power LLC Plant","operator":"Essential Power Operating Company, LLC","capacity":"383 MW","capacity_num":383,"status":"Active"}},{"type":"Feature","geometry":{"type":"Point","coordinates":[-73.4559555,44.7133021]},"properties":{"type":"non-renewable","subtype":"gas","name":"Saranac Power Plant","operator":"Saranac Power Partners LP","capacity":"286 MW","capacity_num":285.6,"status":"Active"}},{"type":"Feature","geometry":{"type":"Point","coordinates":[-89.3462665,38.1128194]},"properties":{"type":"non-renewable","subtype":"gas","name":"Pinckneyville Power Plant","operator":"Ameren","capacity":"380 MW","capacity_num":380,"status":"Active"}},{"type":"Feature","geometry":{"type":"Point","coordinates":[-88.3297252,41.4132079]},"properties":{"type":"non-renewable","subtype":"gas","name":"Morris Cogeneration LLC Power Plant","operator":"Morris Cogeneration LLC","capacity":"219 MW","capacity_num":218.8,"status":"Active"}},{"type":"Feature","geometry":{"type":"Point","coordinates":[-88.5062005,44.1935224]},"properties":{"type":"non-renewable","subtype":"gas","name":"Alliant Energy Neenah Power Plant","operator":"Wisconsin Power & Light Co","capacity":"371 MW","capacity_num":371,"status":"Active"}},{"type":"Feature","geometry":{"type":"Point","coordinates":[-111.4869763,57.0077286]},"properties":{"type":"non-renewable","subtype":"gas","name":"Poplar Creek Power Plant","operator":"Multiple/Unknown","capacity":"100 MW","capacity_num":100,"status":"Active"}},{"type":"Feature","geometry":{"type":"Point","coordinates":[-94.6415482,32.3764638]},"properties":{"type":"non-renewable","subtype":"gas","name":"Knox Lee Power Plant","operator":"Southwestern Electric Power Co","capacity":"351 MW","capacity_num":351,"status":"Active"}},{"type":"Feature","geometry":{"type":"Point","coordinates":[-107.9378492,50.3442002]},"properties":{"type":"non-renewable","subtype":"gas","name":"Chinook Power Station","operator":"SaskPower","capacity":"353 MW","capacity_num":353,"status":"Active"}},{"type":"Feature","geometry":{"type":"Point","coordinates":[-95.9641584,40.9489465]},"properties":{"type":"non-renewable","subtype":"gas","name":"Cass County Power Plant","operator":"Omaha Public Power District","capacity":"345 MW","capacity_num":345,"status":"Active"}},{"type":"Feature","geometry":{"type":"Point","coordinates":[-81.9614026,27.6410352]},"properties":{"type":"non-renewable","subtype":"gas","name":"Medulla Generating Station","operator":"Seminole Electric Cooperative, Inc","capacity":"853 MW","capacity_num":853.3,"status":"Active"}},{"type":"Feature","geometry":{"type":"Point","coordinates":[-89.1026769,42.240255]},"properties":{"type":"non-renewable","subtype":"gas","name":"NRG Rockford I Power Plant","operator":"Rockford Generation LLC","capacity":"316 MW","capacity_num":316,"status":"Active"}},{"type":"Feature","geometry":{"type":"Point","coordinates":[-115.1229637,36.2316806]},"properties":{"type":"non-renewable","subtype":"gas","name":"Las Vegas Generating Station","operator":"Nevada Power Co","capacity":"359 MW","capacity_num":358.9,"status":"Active"}},{"type":"Feature","geometry":{"type":"Point","coordinates":[-71.1704259,41.6425851]},"properties":{"type":"non-renewable","subtype":"gas","name":"Tiverton Power Plant","operator":"Tiverton Power LLC","capacity":"273 MW","capacity_num":272.5,"status":"Active"}},{"type":"Feature","geometry":{"type":"Point","coordinates":[-99.8933988,49.8434797]},"properties":{"type":"non-renewable","subtype":"gas","name":"Brandon Manitoba Gas Power Plant","operator":"Multiple/Unknown","capacity":"100 MW","capacity_num":100,"status":"Active"}},{"type":"Feature","geometry":{"type":"Point","coordinates":[-79.1985313,43.1065694]},"properties":{"type":"non-renewable","subtype":"gas","name":"Thorold Power Plant","operator":"Multiple/Unknown","capacity":"100 MW","capacity_num":100,"status":"Active"}},{"type":"Feature","geometry":{"type":"Point","coordinates":[-115.7335964,43.1790502]},"properties":{"type":"non-renewable","subtype":"gas","name":"Evander Andrews Power Complex","operator":"Idaho Power","capacity":"271 MW","capacity_num":270.9,"status":"Active"}},{"type":"Feature","geometry":{"type":"Point","coordinates":[-75.1554508,39.8715787]},"properties":{"type":"non-renewable","subtype":"gas","name":"Eagle Point Generation Power Plant","operator":"Sunoco Power Generation","capacity":"252 MW","capacity_num":251.8,"status":"Active"}},{"type":"Feature","geometry":{"type":"Point","coordinates":[-72.8351129,41.4487774]},"properties":{"type":"non-renewable","subtype":"gas","name":"Wallingford Energy Power Plant","operator":"Wallingford Energy LLC","capacity":"350 MW","capacity_num":350,"status":"Active"}},{"type":"Feature","geometry":{"type":"Point","coordinates":[-84.0806749,31.3862026]},"properties":{"type":"non-renewable","subtype":"gas","name":"Baconton and Sowega Power Plant","operator":"SOWEGA Power LLC;Baconton Power LLC","capacity":"342 MW","capacity_num":341.6,"status":"Active"}},{"type":"Feature","geometry":{"type":"Point","coordinates":[-73.8605168,42.5760097]},"properties":{"type":"non-renewable","subtype":"gas","name":"Selkirk Cogen Partners","operator":"Selkirk Cogen Partners LP","capacity":"446 MW","capacity_num":446,"status":"Active"}},{"type":"Feature","geometry":{"type":"Point","coordinates":[-74.9658874,39.3758589]},"properties":{"type":"non-renewable","subtype":"gas","name":"Cumberland Energy Center","operator":"Calpine New Jersey Generation LLC","capacity":"231 MW","capacity_num":231.2,"status":"Active"}},{"type":"Feature","geometry":{"type":"Point","coordinates":[-113.1725099,53.7364642]},"properties":{"type":"non-renewable","subtype":"gas","name":"Dow Chemical Fort Saskatchewan Alberta Power Plant","operator":"Multiple/Unknown","capacity":"118 MW","capacity_num":118,"status":"Active"}},{"type":"Feature","geometry":{"type":"Point","coordinates":[-88.1293593,30.5254955]},"properties":{"type":"non-renewable","subtype":"gas","name":"Theodore Cogen Facility","operator":"Alabama Power","capacity":"317 MW","capacity_num":317.4,"status":"Active"}},{"type":"Feature","geometry":{"type":"Point","coordinates":[-91.9028769,34.2177707]},"properties":{"type":"non-renewable","subtype":"gas","name":"Pine Bluff Energy Center","operator":"Pine Bluff Energy LLC","capacity":"236 MW","capacity_num":236,"status":"Active"}},{"type":"Feature","geometry":{"type":"Point","coordinates":[-104.4417567,36.8926011]},"properties":{"type":"non-renewable","subtype":"coal","name":"COAL Power Plant","operator":"Multiple/Unknown","capacity":"100 MW","capacity_num":100,"status":"Active"}},{"type":"Feature","geometry":{"type":"Point","coordinates":[-98.3842053,29.2569678]},"properties":{"type":"non-renewable","subtype":"gas","name":"Arthur Von Rosenberg Power Plant","operator":"City of San Antonio","capacity":"575 MW","capacity_num":575,"status":"Active"}},{"type":"Feature","geometry":{"type":"Point","coordinates":[-121.4914017,37.7110213]},"properties":{"type":"non-renewable","subtype":"gas","name":"Tracy Combined Cycle Power Plant","operator":"MRP San Joaquin Energy LLC.","capacity":"336 MW","capacity_num":336.1,"status":"Active"}},{"type":"Feature","geometry":{"type":"Point","coordinates":[-70.5221787,44.5307081]},"properties":{"type":"non-renewable","subtype":"gas","name":"Rumford Power","operator":"Rumford Power","capacity":"275 MW","capacity_num":274.5,"status":"Active"}},{"type":"Feature","geometry":{"type":"Point","coordinates":[-117.156579,40.8825342]},"properties":{"type":"non-renewable","subtype":"coal","name":"North Valmy Generating Station","operator":"NV Energy","capacity":"567 MW","capacity_num":567,"status":"Active"}},{"type":"Feature","geometry":{"type":"Point","coordinates":[-71.1243545,41.8313689]},"properties":{"type":"non-renewable","subtype":"gas","name":"Dighton Power Plant","operator":"Dighton Power, LLC","capacity":"200 MW","capacity_num":200,"status":"Active"}},{"type":"Feature","geometry":{"type":"Point","coordinates":[-121.6016935,37.7893311]},"properties":{"type":"non-renewable","subtype":"gas","name":"Mariposa Energy Project","operator":"Diamond Generating Corporation","capacity":"200 MW","capacity_num":199.6,"status":"Active"}},{"type":"Feature","geometry":{"type":"Point","coordinates":[-121.0197735,37.6526401]},"properties":{"type":"non-renewable","subtype":"gas","name":"Woodland Power Plant","operator":"Modesto Irrigation District","capacity":"199 MW","capacity_num":199,"status":"Active"}},{"type":"Feature","geometry":{"type":"Point","coordinates":[-117.4528792,33.9633305]},"properties":{"type":"non-renewable","subtype":"gas","name":"Riverside Energy Resource Center","operator":"City of Riverside - (CA)","capacity":"196 MW","capacity_num":196,"status":"Active"}},{"type":"Feature","geometry":{"type":"Point","coordinates":[-111.7577352,57.3389274]},"properties":{"type":"non-renewable","subtype":"gas","name":"Horizon Oil Sands Power Plant","operator":"Multiple/Unknown","capacity":"100 MW","capacity_num":100,"status":"Active"}},{"type":"Feature","geometry":{"type":"Point","coordinates":[-93.5548837,45.2966845]},"properties":{"type":"non-renewable","subtype":"gas","name":"Elk River Power Plant","operator":"Great River Energy","capacity":"191 MW","capacity_num":191.3,"status":"Active"}},{"type":"Feature","geometry":{"type":"Point","coordinates":[-122.2738214,48.9901869]},"properties":{"type":"non-renewable","subtype":"gas","name":"Sumas Power Plant","operator":"Puget Sound Energy Inc","capacity":"126 MW","capacity_num":125.5,"status":"Active"}},{"type":"Feature","geometry":{"type":"Point","coordinates":[-87.6539589,40.1066681]},"properties":{"type":"non-renewable","subtype":"gas","name":"Tilton Power Plant","operator":"Tilton Energy LLC","capacity":"188 MW","capacity_num":188,"status":"Active"}},{"type":"Feature","geometry":{"type":"Point","coordinates":[-101.4238186,26.8751065]},"properties":{"type":"non-renewable","subtype":"gas","name":"Monclova Power Station","operator":"AHMSA","capacity":"135 MW","capacity_num":135,"status":"Active"}},{"type":"Feature","geometry":{"type":"Point","coordinates":[-121.474026,38.51103]},"properties":{"type":"non-renewable","subtype":"gas","name":"SPA Cogen 3","operator":"Sacramento Municipal Utility District","capacity":"174 MW","capacity_num":173.9,"status":"Active"}},{"type":"Feature","geometry":{"type":"Point","coordinates":[-90.4363775,39.569456]},"properties":{"type":"non-renewable","subtype":"gas","name":"Alsey Power Plant","operator":"Prairie Power, Inc","capacity":"173 MW","capacity_num":173,"status":"Active"}},{"type":"Feature","geometry":{"type":"Point","coordinates":[-115.666915,43.146992]},"properties":{"type":"non-renewable","subtype":"gas","name":"Bennett Mountain Power Plant","operator":"Idaho Power","capacity":"173 MW","capacity_num":172.8,"status":"Active"}},{"type":"Feature","geometry":{"type":"Point","coordinates":[-111.5043463,57.2527089]},"properties":{"type":"non-renewable","subtype":"gas","name":"Muskeg River Cogeneration","operator":"Multiple/Unknown","capacity":"100 MW","capacity_num":100,"status":"Active"}},{"type":"Feature","geometry":{"type":"Point","coordinates":[-111.5057326,57.2978122]},"properties":{"type":"non-renewable","subtype":"gas","name":"Aurora Mine Power Plant","operator":"Multiple/Unknown","capacity":"100 MW","capacity_num":100,"status":"Active"}},{"type":"Feature","geometry":{"type":"Point","coordinates":[-88.4918522,30.340104]},"properties":{"type":"non-renewable","subtype":"gas","name":"Chevron Oil Gas Power Plant","operator":"Mississippi Power Co","capacity":"171 MW","capacity_num":170.5,"status":"Active"}},{"type":"Feature","geometry":{"type":"Point","coordinates":[-113.0941906,53.7984865]},"properties":{"type":"non-renewable","subtype":"gas","name":"Scotford Cogeneration Power Plant","operator":"Multiple/Unknown","capacity":"100 MW","capacity_num":100,"status":"Active"}},{"type":"Feature","geometry":{"type":"Point","coordinates":[-110.3457573,54.7270583]},"properties":{"type":"non-renewable","subtype":"gas","name":"Nabiye Power Plant","operator":"Multiple/Unknown","capacity":"100 MW","capacity_num":100,"status":"Active"}},{"type":"Feature","geometry":{"type":"Point","coordinates":[-110.7196256,55.6650817]},"properties":{"type":"non-renewable","subtype":"gas","name":"Christina Lake MEG Power Plant","operator":"Multiple/Unknown","capacity":"100 MW","capacity_num":100,"status":"Active"}},{"type":"Feature","geometry":{"type":"Point","coordinates":[-101.8430774,33.8651708]},"properties":{"type":"non-renewable","subtype":"gas","name":"Antelope Station","operator":"Multiple/Unknown","capacity":"165 MW","capacity_num":165.4,"status":"Active"}},{"type":"Feature","geometry":{"type":"Point","coordinates":[-84.3771431,39.4657877]},"properties":{"type":"non-renewable","subtype":"gas","name":"Dicks Creek Power Plant","operator":"Vistra Energy Dicks Creek","capacity":"159 MW","capacity_num":159.1,"status":"Active"}},{"type":"Feature","geometry":{"type":"Point","coordinates":[-104.6820139,39.9419045]},"properties":{"type":"non-renewable","subtype":"gas","name":"Frank Knutson Power Plant","operator":"Tri-State G & T Assn, Inc","capacity":"154 MW","capacity_num":154.2,"status":"Active"}},{"type":"Feature","geometry":{"type":"Point","coordinates":[-73.8094208,43.2491719]},"properties":{"type":"non-renewable","subtype":"gas","name":"Indeck Corinth Energy Center","operator":"Indeck-Corinth Ltd Partnership","capacity":"147 MW","capacity_num":147,"status":"Active"}},{"type":"Feature","geometry":{"type":"Point","coordinates":[-108.2329026,52.7239123]},"properties":{"type":"non-renewable","subtype":"gas","name":"Yellowhead Power Plant","operator":"SaskPower","capacity":"135 MW","capacity_num":135,"status":"Active"}},{"type":"Feature","geometry":{"type":"Point","coordinates":[-86.4240795,43.9404344]},"properties":{"type":"non-renewable","subtype":"gas","name":"Michigan Power LP","operator":"Michigan Power Limited Partnership","capacity":"138 MW","capacity_num":138.1,"status":"Active"}},{"type":"Feature","geometry":{"type":"Point","coordinates":[-121.5364285,36.9995176]},"properties":{"type":"non-renewable","subtype":"gas","name":"Gilroy Energy Center","operator":"Calpine","capacity":"265 MW","capacity_num":265,"status":"Active"}},{"type":"Feature","geometry":{"type":"Point","coordinates":[-95.9226249,41.2515183]},"properties":{"type":"non-renewable","subtype":"oil","name":"Jones Street Power Station","operator":"Omaha Public Power District","capacity":"130 MW","capacity_num":130,"status":"Active"}},{"type":"Feature","geometry":{"type":"Point","coordinates":[-81.7339986,24.5631275]},"properties":{"type":"non-renewable","subtype":"oil","name":"Stock Island Power Plant","operator":"Utility Board of Key West City","capacity":"115 MW","capacity_num":114.5,"status":"Active"}},{"type":"Feature","geometry":{"type":"Point","coordinates":[-88.0025307,31.2643756]},"properties":{"type":"non-renewable","subtype":"gas","name":"Washington County Cogeneration Facility","operator":"Alabama Power","capacity":"123 MW","capacity_num":122.5,"status":"Active"}},{"type":"Feature","geometry":{"type":"Point","coordinates":[-121.125218,37.7308312]},"properties":{"type":"non-renewable","subtype":"gas","name":"Ripon Generating Station","operator":"Modesto Irrigation District","capacity":"121 MW","capacity_num":121,"status":"Active"}},{"type":"Feature","geometry":{"type":"Point","coordinates":[-75.5471627,39.1492842]},"properties":{"type":"non-renewable","subtype":"gas","name":"NRG Energy Center Dover","operator":"NRG Energy","capacity":"118 MW","capacity_num":118,"status":"Active"}},{"type":"Feature","geometry":{"type":"Point","coordinates":[-86.8468136,21.0690025]},"properties":{"type":"non-renewable","subtype":"oil","name":"Central Turbogas Nizuc","operator":"Multiple/Unknown","capacity":"88 MW","capacity_num":88,"status":"Active"}},{"type":"Feature","geometry":{"type":"Point","coordinates":[-92.1621072,47.5304813]},"properties":{"type":"non-renewable","subtype":"gas","name":"Syl Laskin Power Plant","operator":"ALLETE, Inc.","capacity":"116 MW","capacity_num":116,"status":"Active"}},{"type":"Feature","geometry":{"type":"Point","coordinates":[-78.9242982,33.7081291]},"properties":{"type":"non-renewable","subtype":"oil","name":"Myrtle Beach Peaking Plant","operator":"South Carolina Public Service Authority","capacity":"112 MW","capacity_num":111.5,"status":"Active"}},{"type":"Feature","geometry":{"type":"Point","coordinates":[-98.493458,45.4291602]},"properties":{"type":"non-renewable","subtype":"gas","name":"Aberdeen CT Power Plant","operator":"NorthWestern Energy","capacity":"111 MW","capacity_num":111,"status":"Active"}},{"type":"Feature","geometry":{"type":"Point","coordinates":[-96.1366854,35.3242523]},"properties":{"type":"non-renewable","subtype":"gas","name":"Weleetka Power Plant","operator":"Public Service Company of Oklahoma","capacity":"110 MW","capacity_num":110,"status":"Active"}},{"type":"Feature","geometry":{"type":"Point","coordinates":[-99.7019883,40.694766]},"properties":{"type":"non-renewable","subtype":"gas","name":"Canaday Power Plant","operator":"Nebraska Public Power District","capacity":"109 MW","capacity_num":108.8,"status":"Active"}},{"type":"Feature","geometry":{"type":"Point","coordinates":[-75.4342151,43.886225]},"properties":{"type":"non-renewable","subtype":"gas","name":"CH Resources Beaver Falls Power Plant","operator":"Lakeside Beaver Falls LLC","capacity":"108 MW","capacity_num":107.8,"status":"Active"}},{"type":"Feature","geometry":{"type":"Point","coordinates":[-106.4714019,31.4732247]},"properties":{"type":"non-renewable","subtype":"gas","name":"Central de ciclo combinado Norte III","operator":"Multiple/Unknown","capacity":"906 MW","capacity_num":906,"status":"Active"}},{"type":"Feature","geometry":{"type":"Point","coordinates":[-75.2204951,39.8405008]},"properties":{"type":"non-renewable","subtype":"gas","name":"West Deptford Energy Station","operator":"West Deptford Energy LLC","capacity":"755 MW","capacity_num":754.6,"status":"Active"}},{"type":"Feature","geometry":{"type":"Point","coordinates":[-75.4223425,39.8071781]},"properties":{"type":"non-renewable","subtype":"gas","name":"Marcus Hook Energy Center","operator":"Marcus Hook Energy LP","capacity":"836 MW","capacity_num":836.1,"status":"Active"}},{"type":"Feature","geometry":{"type":"Point","coordinates":[-106.4884696,31.3324483]},"properties":{"type":"non-renewable","subtype":"gas","name":"Central de ciclo combinado Chihuahua III","operator":"Multiple/Unknown","capacity":"268 MW","capacity_num":268,"status":"Active"}},{"type":"Feature","geometry":{"type":"Point","coordinates":[-70.9990626,41.6727765]},"properties":{"type":"non-renewable","subtype":"gas","name":"Dartmouth Power Associates LP","operator":"Morris Energy Operations Company, LLC","capacity":"97 MW","capacity_num":97.4,"status":"Active"}},{"type":"Feature","geometry":{"type":"Point","coordinates":[-93.9614576,32.7050448]},"properties":{"type":"non-renewable","subtype":"gas","name":"Lieberman Power Plant","operator":"Southwestern Electric Power Company","capacity":"228 MW","capacity_num":228,"status":"Active"}},{"type":"Feature","geometry":{"type":"Point","coordinates":[-73.0415991,41.5444036]},"properties":{"type":"non-renewable","subtype":"gas","name":"Waterbury Generation Station","operator":"Engie North America","capacity":"96 MW","capacity_num":96,"status":"Active"}},{"type":"Feature","geometry":{"type":"Point","coordinates":[-94.3495978,44.888873]},"properties":{"type":"non-renewable","subtype":"gas","name":"Hutchinson Plant #2","operator":"Hutchinson Utilities Comm","capacity":"91 MW","capacity_num":90.5,"status":"Active"}},{"type":"Feature","geometry":{"type":"Point","coordinates":[-81.9614963,37.1755095]},"properties":{"type":"non-renewable","subtype":"gas","name":"Buchanan Generating Facility","operator":"Buchanan Generation, LLC","capacity":"88 MW","capacity_num":88,"status":"Active"}},{"type":"Feature","geometry":{"type":"Point","coordinates":[-106.3754056,31.7569779]},"properties":{"type":"non-renewable","subtype":"gas","name":"Copper Power Plant","operator":"El Paso Electric Co","capacity":"87 MW","capacity_num":86.9,"status":"Active"}},{"type":"Feature","geometry":{"type":"Point","coordinates":[-80.0677313,26.6130377]},"properties":{"type":"non-renewable","subtype":"gas","name":"Tom G Smith Power Plant","operator":"City of Lake Worth","capacity":"99 MW","capacity_num":98.7,"status":"Active"}},{"type":"Feature","geometry":{"type":"Point","coordinates":[-110.9920706,32.2521388]},"properties":{"type":"non-renewable","subtype":"gas","name":"Demoss Petrie Power Plant","operator":"Tucson Electric Power","capacity":"85 MW","capacity_num":85,"status":"Active"}},{"type":"Feature","geometry":{"type":"Point","coordinates":[-94.2778106,38.7878537]},"properties":{"type":"non-renewable","subtype":"gas","name":"Ralph Green Power Plant","operator":"Evergy","capacity":"85 MW","capacity_num":85,"status":"Active"}},{"type":"Feature","geometry":{"type":"Point","coordinates":[-104.7393178,47.0538055]},"properties":{"type":"non-renewable","subtype":"gas","name":"Glendive GT Power Plant","operator":"Montana-Dakota Utilities Co","capacity":"84 MW","capacity_num":83.7,"status":"Active"}},{"type":"Feature","geometry":{"type":"Point","coordinates":[-120.0992983,36.6171825]},"properties":{"type":"non-renewable","subtype":"gas","name":"Fresno Cogen Partners","operator":"Wellhead Services, Inc","capacity":"81 MW","capacity_num":80.8,"status":"Active"}},{"type":"Feature","geometry":{"type":"Point","coordinates":[-113.5160102,37.1122903]},"properties":{"type":"non-renewable","subtype":"gas","name":"Millcreek Power Generation","operator":"City of St George","capacity":"80 MW","capacity_num":80,"status":"Active"}},{"type":"Feature","geometry":{"type":"Point","coordinates":[-75.0192899,39.4248129]},"properties":{"type":"non-renewable","subtype":"gas","name":"Clayville Generating Station","operator":"City of Vineland - (NJ)","capacity":"73 MW","capacity_num":73,"status":"Active"}},{"type":"Feature","geometry":{"type":"Point","coordinates":[-73.5564189,41.0371531]},"properties":{"type":"non-renewable","subtype":"oil","name":"Waterside Power Plant","operator":"Waterside Power Holdings LLC","capacity":"70 MW","capacity_num":69.6,"status":"Active"}},{"type":"Feature","geometry":{"type":"Point","coordinates":[-71.0314289,42.3392683]},"properties":{"type":"non-renewable","subtype":"oil","name":"M Street Jet Power Plant","operator":"Massachusetts Bay Trans Auth","capacity":"69 MW","capacity_num":69,"status":"Active"}},{"type":"Feature","geometry":{"type":"Point","coordinates":[-92.2208296,38.5935178]},"properties":{"type":"non-renewable","subtype":"oil","name":"Fairgrounds Power Plant","operator":"Ameren","capacity":"68 MW","capacity_num":68.3,"status":"Active"}},{"type":"Feature","geometry":{"type":"Point","coordinates":[-75.0337265,39.4896121]},"properties":{"type":"non-renewable","subtype":"gas","name":"Howard Down Generating Station","operator":"City of Vineland - (NJ)","capacity":"68 MW","capacity_num":68.2,"status":"Active"}},{"type":"Feature","geometry":{"type":"Point","coordinates":[-95.4587232,37.6954661]},"properties":{"type":"non-renewable","subtype":"gas","name":"Chanute 2 Power Plant","operator":"City of Chanute","capacity":"64 MW","capacity_num":64,"status":"Active"}},{"type":"Feature","geometry":{"type":"Point","coordinates":[-87.173175,41.6326369]},"properties":{"type":"non-renewable","subtype":"gas","name":"Portside Energy Power Plant","operator":"Portside Energy Corp","capacity":"61 MW","capacity_num":61,"status":"Active"}},{"type":"Feature","geometry":{"type":"Point","coordinates":[-92.4845296,39.4242143]},"properties":{"type":"non-renewable","subtype":"oil","name":"Moberly Power Plant","operator":"Ameren","capacity":"61 MW","capacity_num":60.6,"status":"Active"}},{"type":"Feature","geometry":{"type":"Point","coordinates":[-118.3147943,34.1774598]},"properties":{"type":"non-renewable","subtype":"gas","name":"Lake One Power Plant","operator":"City of Burbank Water and Power","capacity":"61 MW","capacity_num":60.5,"status":"Active"}},{"type":"Feature","geometry":{"type":"Point","coordinates":[-120.5807917,36.6531136]},"properties":{"type":"non-renewable","subtype":"gas","name":"CalPeak Power Panoche Peaker Plant","operator":"CalPeak Power, LLC","capacity":"61 MW","capacity_num":60.5,"status":"Active"}},{"type":"Feature","geometry":{"type":"Point","coordinates":[-89.460568,43.01485]},"properties":{"type":"non-renewable","subtype":"gas","name":"Fitchburg Power Plant","operator":"Madison Gas & Electric Co","capacity":"58 MW","capacity_num":57.6,"status":"Active"}},{"type":"Feature","geometry":{"type":"Point","coordinates":[-97.5778988,40.1881313]},"properties":{"type":"non-renewable","subtype":"oil","name":"Hebron Power Plant","operator":"Nebraska Public Power District","capacity":"57 MW","capacity_num":56.7,"status":"Active"}},{"type":"Feature","geometry":{"type":"Point","coordinates":[-73.3494645,40.6954718]},"properties":{"type":"non-renewable","subtype":"oil","name":"West Babylon Power Plant","operator":"National Grid Generation LLC","capacity":"52 MW","capacity_num":52.4,"status":"Active"}},{"type":"Feature","geometry":{"type":"Point","coordinates":[-100.7639453,37.1613768]},"properties":{"type":"non-renewable","subtype":"gas","name":"Cimarron River Power Plant","operator":"Sunflower Electric Power Corp","capacity":"65 MW","capacity_num":65,"status":"Active"}},{"type":"Feature","geometry":{"type":"Point","coordinates":[-66.4551907,45.074361]},"properties":{"type":"nuclear","subtype":"nuclear","name":"Point Lepreau Nuclear Generating Station","operator":"NB Power","capacity":"660 MW","capacity_num":660,"status":"Active"}},{"type":"Feature","geometry":{"type":"Point","coordinates":[-81.7694568,33.1394164]},"properties":{"type":"nuclear","subtype":"nuclear","name":"Vogtle Electric Generating Plant","operator":"Southern Nuclear","capacity":"4536 MW","capacity_num":4536,"status":"Active"}},{"type":"Feature","geometry":{"type":"Point","coordinates":[-85.0386273,32.5410325]},"properties":{"type":"non-renewable","subtype":"gas","name":"Walton Discover Power Facility","operator":"Georgia Transmission Corporation","capacity":"103 MW","capacity_num":103,"status":"Active"}},{"type":"Feature","geometry":{"type":"Point","coordinates":[-100.6082899,21.2429883]},"properties":{"type":"non-renewable","subtype":"gas","name":"San Luis de la Paz","operator":"Multiple/Unknown","capacity":"248 MW","capacity_num":248,"status":"Active"}},{"type":"Feature","geometry":{"type":"Point","coordinates":[-105.9175358,28.441683]},"properties":{"type":"non-renewable","subtype":"gas","name":"Central de ciclo combinado Norte II","operator":"Multiple/Unknown","capacity":"433 MW","capacity_num":433,"status":"Active"}},{"type":"Feature","geometry":{"type":"Point","coordinates":[-83.8064949,33.0612899]},"properties":{"type":"non-renewable","subtype":"coal","name":"Robert W Scherer Power Plant","operator":"Georgia Power","capacity":"2673 MW","capacity_num":2673,"status":"Active"}},{"type":"Feature","geometry":{"type":"Point","coordinates":[-75.3767369,44.7846114]},"properties":{"type":"non-renewable","subtype":"gas","name":"Cardinal Power Plant","operator":"Multiple/Unknown","capacity":"100 MW","capacity_num":100,"status":"Active"}},{"type":"Feature","geometry":{"type":"Point","coordinates":[-73.9667228,41.2059306]},"properties":{"type":"non-renewable","subtype":"gas","name":"Bowline Point Power Plant","operator":"GenOn Bowline, LLC","capacity":"1242 MW","capacity_num":1242,"status":"Active"}},{"type":"Feature","geometry":{"type":"Point","coordinates":[-122.8550842,49.190851]},"properties":{"type":"non-renewable","subtype":"gas","name":"West Village Energy Centre","operator":"City of Surrey","capacity":"100 MW","capacity_num":100,"status":"Active"}},{"type":"Feature","geometry":{"type":"Point","coordinates":[-89.9361608,30.0124567]},"properties":{"type":"non-renewable","subtype":"gas","name":"New Orleans Power Station","operator":"Entergy New Orleans","capacity":"250 MW","capacity_num":250,"status":"Active"}},{"type":"Feature","geometry":{"type":"Point","coordinates":[-86.2057863,42.911671]},"properties":{"type":"non-renewable","subtype":"coal","name":"J. H. Campbell Generating Complex","operator":"Consumers Energy Co","capacity":"1561 MW","capacity_num":1560.8,"status":"Active"}},{"type":"Feature","geometry":{"type":"Point","coordinates":[-74.2006973,40.5913467]},"properties":{"type":"non-renewable","subtype":"gas","name":"Arthur Kill Power Plant","operator":"NRG Arthur Kill Operations Inc.","capacity":"896 MW","capacity_num":895.5,"status":"Active"}},{"type":"Feature","geometry":{"type":"Point","coordinates":[-78.956125,35.6336878]},"properties":{"type":"nuclear","subtype":"nuclear","name":"Shearon Harris Nuclear Power Plant","operator":"Duke Energy","capacity":"928 MW","capacity_num":928,"status":"Active"}},{"type":"Feature","geometry":{"type":"Point","coordinates":[-122.7535931,48.886706]},"properties":{"type":"non-renewable","subtype":"gas","name":"Whitehorn Generating Station","operator":"Puget Sound Energy","capacity":"169 MW","capacity_num":169.2,"status":"Active"}},{"type":"Feature","geometry":{"type":"Point","coordinates":[-83.7000371,33.837762]},"properties":{"type":"non-renewable","subtype":"gas","name":"Doyle Energy Facility","operator":"Oglethorpe Power Corporation","capacity":"409 MW","capacity_num":409,"status":"Active"}},{"type":"Feature","geometry":{"type":"Point","coordinates":[-83.6419016,42.2641838]},"properties":{"type":"non-renewable","subtype":"oil","name":"Superior Generation Plant","operator":"DTE Energy","capacity":"52 MW","capacity_num":52,"status":"Active"}},{"type":"Feature","geometry":{"type":"Point","coordinates":[-76.1729877,40.8225041]},"properties":{"type":"non-renewable","subtype":"coal","name":"St Nicholas Cogen Project","operator":"Schuylkill Energy Resource Inc","capacity":"99 MW","capacity_num":99.2,"status":"Active"}},{"type":"Feature","geometry":{"type":"Point","coordinates":[-87.8956346,42.4776518]},"properties":{"type":"non-renewable","subtype":"gas","name":"Zion Energy Center","operator":"Zion Energy LLC","capacity":"597 MW","capacity_num":596.7,"status":"Active"}},{"type":"Feature","geometry":{"type":"Point","coordinates":[-72.3525345,46.3919635]},"properties":{"type":"non-renewable","subtype":"gas","name":"Bécancour gas turbine","operator":"Hydro-Québec","capacity":"411 MW","capacity_num":411,"status":"Active"}},{"type":"Feature","geometry":{"type":"Point","coordinates":[-91.5638974,41.6719326]},"properties":{"type":"non-renewable","subtype":"gas","name":"Coralville Turbines","operator":"MidAmerican Energy","capacity":"72 MW","capacity_num":72,"status":"Active"}},{"type":"Feature","geometry":{"type":"Point","coordinates":[-99.9697354,25.7231896]},"properties":{"type":"non-renewable","subtype":"gas","name":"Central Eléctrica Pesquería","operator":"Multiple/Unknown","capacity":"966 MW","capacity_num":966,"status":"Active"}},{"type":"Feature","geometry":{"type":"Point","coordinates":[-97.9705248,22.447412]},"properties":{"type":"non-renewable","subtype":"gas","name":"Cogeneración Altamira","operator":"Iberdrola","capacity":"57 MW","capacity_num":57,"status":"Active"}},{"type":"Feature","geometry":{"type":"Point","coordinates":[-97.89135,22.3738031]},"properties":{"type":"non-renewable","subtype":"gas","name":"Central Enertek","operator":"Iberdrola","capacity":"144 MW","capacity_num":144,"status":"Active"}},{"type":"Feature","geometry":{"type":"Point","coordinates":[-97.8902999,22.375657]},"properties":{"type":"non-renewable","subtype":"gas","name":"Planta de Cogeneración Altamira","operator":"Multiple/Unknown","capacity":"350 MW","capacity_num":350,"status":"Active"}},{"type":"Feature","geometry":{"type":"Point","coordinates":[-108.99295,25.9751092]},"properties":{"type":"non-renewable","subtype":"gas","name":"Central de ciclo combinado Topolobampo II y III","operator":"Iberdrola","capacity":"1690 MW","capacity_num":1690,"status":"Active"}},{"type":"Feature","geometry":{"type":"Point","coordinates":[-84.999547,33.3519426]},"properties":{"type":"non-renewable","subtype":"gas","name":"Tenaska Georgia Generation Facility","operator":"Tenaska Georgia Partners","capacity":"1099 MW","capacity_num":1099,"status":"Active"}},{"type":"Feature","geometry":{"type":"Point","coordinates":[-84.8969584,33.4576339]},"properties":{"type":"non-renewable","subtype":"gas","name":"Plant Yates","operator":"Georgia Power","capacity":"807 MW","capacity_num":807,"status":"Active"}},{"type":"Feature","geometry":{"type":"Point","coordinates":[-81.0040585,32.0891557]},"properties":{"type":"non-renewable","subtype":"gas","name":"Elba Island LNG Facility","operator":"Southern LNG","capacity":"100 MW","capacity_num":100,"status":"Active"}},{"type":"Feature","geometry":{"type":"Point","coordinates":[-66.0029189,46.059035]},"properties":{"type":"non-renewable","subtype":"coal","name":"Grand Lake Generating Station","operator":"NB Power","capacity":"574 MW","capacity_num":574,"status":"Active"}},{"type":"Feature","geometry":{"type":"Point","coordinates":[-122.2150127,38.0570135]},"properties":{"type":"non-renewable","subtype":"gas","name":"Crockett Cogeneration Project","operator":"Crockett Cogeneration","capacity":"247 MW","capacity_num":247.4,"status":"Active"}},{"type":"Feature","geometry":{"type":"Point","coordinates":[-81.9629623,27.6376287]},"properties":{"type":"non-renewable","subtype":"gas","name":"Hardee Power Station","operator":"Invenergy Services LLC","capacity":"470 MW","capacity_num":470,"status":"Active"}},{"type":"Feature","geometry":{"type":"Point","coordinates":[-123.112437,49.2781725]},"properties":{"type":"non-renewable","subtype":"gas","name":"Creative Energy Beatty Steam Plant","operator":"Creative Energy","capacity":"100 MW","capacity_num":100,"status":"Active"}},{"type":"Feature","geometry":{"type":"Point","coordinates":[-98.320475,29.3091295]},"properties":{"type":"non-renewable","subtype":"coal","name":"J K Spruce Power Plant","operator":"City of San Antonio","capacity":"1444 MW","capacity_num":1444,"status":"Active"}},{"type":"Feature","geometry":{"type":"Point","coordinates":[-98.3243217,29.3083174]},"properties":{"type":"non-renewable","subtype":"gas","name":"O W Sommers Power Plant","operator":"City of San Antonio","capacity":"892 MW","capacity_num":892,"status":"Active"}},{"type":"Feature","geometry":{"type":"Point","coordinates":[-95.5211039,30.4357633]},"properties":{"type":"non-renewable","subtype":"gas","name":"Lewis Creek Power Plant","operator":"Entergy","capacity":"543 MW","capacity_num":542.8,"status":"Active"}},{"type":"Feature","geometry":{"type":"Point","coordinates":[-95.5264979,30.4400941]},"properties":{"type":"non-renewable","subtype":"gas","name":"Montgomery County Power Plant","operator":"Entergy","capacity":"1000 MW","capacity_num":1000,"status":"Active"}},{"type":"Feature","geometry":{"type":"Point","coordinates":[-96.0653999,29.2892189]},"properties":{"type":"non-renewable","subtype":"gas","name":"Colorado Bend Power Plant II","operator":"Exelon Power","capacity":"1230 MW","capacity_num":1230.3,"status":"Active"}},{"type":"Feature","geometry":{"type":"Point","coordinates":[-98.3811903,29.257644]},"properties":{"type":"non-renewable","subtype":"gas","name":"Braunig Power Station","operator":"City of San Antonio","capacity":"1138 MW","capacity_num":1138,"status":"Active"}},{"type":"Feature","geometry":{"type":"Point","coordinates":[-75.3838965,39.8303757]},"properties":{"type":"non-renewable","subtype":"oil","name":"Chester Generating Station","operator":"Exelon Power","capacity":"56 MW","capacity_num":55.8,"status":"Active"}},{"type":"Feature","geometry":{"type":"Point","coordinates":[-123.0291184,49.2059616]},"properties":{"type":"non-renewable","subtype":"gas","name":"River District Energy","operator":"River District Energy","capacity":"100 MW","capacity_num":100,"status":"Active"}},{"type":"Feature","geometry":{"type":"Point","coordinates":[-123.0364981,49.2054359]},"properties":{"type":"non-renewable","subtype":"gas","name":"River District Energy","operator":"River District Energy","capacity":"100 MW","capacity_num":100,"status":"Active"}},{"type":"Feature","geometry":{"type":"Point","coordinates":[-110.3912792,39.5464283]},"properties":{"type":"non-renewable","subtype":"coal","name":"Sunnyside Cogen Associates","operator":"Sunnyside Cogeneration Assoc","capacity":"58 MW","capacity_num":58.1,"status":"Active"}},{"type":"Feature","geometry":{"type":"Point","coordinates":[-111.7294811,40.0619109]},"properties":{"type":"non-renewable","subtype":"gas","name":"Nebo Power Station","operator":"Utah Associated Mun Power Sys","capacity":"140 MW","capacity_num":140,"status":"Active"}},{"type":"Feature","geometry":{"type":"Point","coordinates":[-111.9304628,40.7682213]},"properties":{"type":"non-renewable","subtype":"gas","name":"Gadsby Power Plant","operator":"PacifiCorp","capacity":"492 MW","capacity_num":492.1,"status":"Active"}},{"type":"Feature","geometry":{"type":"Point","coordinates":[-88.6139256,46.7930889]},"properties":{"type":"non-renewable","subtype":"gas","name":"A.J. Mihm Generating Station","operator":"Upper Michigan Energy Resources Corp","capacity":"56 MW","capacity_num":56.4,"status":"Active"}},{"type":"Feature","geometry":{"type":"Point","coordinates":[-98.589549,33.8628499]},"properties":{"type":"non-renewable","subtype":"gas","name":"Signal Hill Generating","operator":"Signal Hill Generating LLC","capacity":"80 MW","capacity_num":80,"status":"Active"}},{"type":"Feature","geometry":{"type":"Point","coordinates":[-97.0358269,36.1609915]},"properties":{"type":"non-renewable","subtype":"gas","name":"Stillwater Energy Center","operator":"Stillwater Utilities Authority","capacity":"56 MW","capacity_num":56.4,"status":"Active"}},{"type":"Feature","geometry":{"type":"Point","coordinates":[-97.3731701,35.4147181]},"properties":{"type":"non-renewable","subtype":"gas","name":"Tinker Power Plant","operator":"Oklahoma Gas & Electric","capacity":"82 MW","capacity_num":82,"status":"Active"}},{"type":"Feature","geometry":{"type":"Point","coordinates":[-97.0872337,36.7203392]},"properties":{"type":"non-renewable","subtype":"gas","name":"Ponca City power station","operator":"Oklahoma Municipal Power Authority","capacity":"134 MW","capacity_num":134.3,"status":"Active"}},{"type":"Feature","geometry":{"type":"Point","coordinates":[-122.4357171,48.4557797]},"properties":{"type":"non-renewable","subtype":"gas","name":"Fredonia Power Plant","operator":"Puget Sound Energy","capacity":"376 MW","capacity_num":376,"status":"Active"}},{"type":"Feature","geometry":{"type":"Point","coordinates":[-117.3705907,47.7353537]},"properties":{"type":"non-renewable","subtype":"gas","name":"Northeast Power Plant","operator":"Avista Corp","capacity":"62 MW","capacity_num":61.8,"status":"Active"}},{"type":"Feature","geometry":{"type":"Point","coordinates":[-119.6744006,45.8481857]},"properties":{"type":"non-renewable","subtype":"gas","name":"Coyote Springs II","operator":"Avista Corp","capacity":"287 MW","capacity_num":287,"status":"Active"}},{"type":"Feature","geometry":{"type":"Point","coordinates":[-121.3931027,38.6527297]},"properties":{"type":"non-renewable","subtype":"gas","name":"McClellan Power Plant","operator":"Sacramento Municipal Utility District","capacity":"77 MW","capacity_num":77,"status":"Active"}},{"type":"Feature","geometry":{"type":"Point","coordinates":[-124.2089149,40.7408671]},"properties":{"type":"non-renewable","subtype":"gas","name":"Humboldt Bay Power Plant","operator":"Pacific Gas & Electric Co.","capacity":"167 MW","capacity_num":167,"status":"Active"}},{"type":"Feature","geometry":{"type":"Point","coordinates":[-121.7646171,38.016728]},"properties":{"type":"non-renewable","subtype":"gas","name":"Marsh Landing Generating Station","operator":"Marsh Landing LLC","capacity":"828 MW","capacity_num":828,"status":"Active"}},{"type":"Feature","geometry":{"type":"Point","coordinates":[-115.4110913,35.8086376]},"properties":{"type":"non-renewable","subtype":"gas","name":"Goodsprings Compressor Station","operator":"Multiple/Unknown","capacity":"116 MW","capacity_num":116,"status":"Active"}},{"type":"Feature","geometry":{"type":"Point","coordinates":[-115.0118841,36.042197]},"properties":{"type":"non-renewable","subtype":"gas","name":"Saguaro Power","operator":"Saguaro Power Co","capacity":"127 MW","capacity_num":127.2,"status":"Active"}},{"type":"Feature","geometry":{"type":"Point","coordinates":[-70.9668725,42.2343011]},"properties":{"type":"non-renewable","subtype":"gas","name":"Potter Station 2","operator":"Town of Braintree - (MA)","capacity":"217 MW","capacity_num":217,"status":"Active"}},{"type":"Feature","geometry":{"type":"Point","coordinates":[-104.7736709,40.1009348]},"properties":{"type":"non-renewable","subtype":"gas","name":"Fort Lupton Power Plant","operator":"Public Service Co of Colorado","capacity":"101 MW","capacity_num":100.8,"status":"Active"}},{"type":"Feature","geometry":{"type":"Point","coordinates":[-105.8952808,37.4596471]},"properties":{"type":"non-renewable","subtype":"gas","name":"Alamosa","operator":"Public Service Co of Colorado","capacity":"53 MW","capacity_num":53.2,"status":"Active"}},{"type":"Feature","geometry":{"type":"Point","coordinates":[-95.3084803,28.9826362]},"properties":{"type":"non-renewable","subtype":"gas","name":"Freeport LP Pretreatment Facility Cogen","operator":"Freeport LNG Development L.P","capacity":"87 MW","capacity_num":87,"status":"Active"}},{"type":"Feature","geometry":{"type":"Point","coordinates":[-95.0842588,29.7313663]},"properties":{"type":"non-renewable","subtype":"gas","name":"Houston Chemical Complex Battleground","operator":"Oxy Vinyls LP","capacity":"381 MW","capacity_num":380.7,"status":"Active"}},{"type":"Feature","geometry":{"type":"Point","coordinates":[-95.3424179,28.9799667]},"properties":{"type":"non-renewable","subtype":"gas","name":"Oyster Creek Unit VIII","operator":"Dow Chemical Company-Oyster Creek VIII","capacity":"498 MW","capacity_num":497.9,"status":"Active"}},{"type":"Feature","geometry":{"type":"Point","coordinates":[-95.4518802,29.6449193]},"properties":{"type":"non-renewable","subtype":"gas","name":"HO Clarke Generating","operator":"ProEnergy Services","capacity":"484 MW","capacity_num":484,"status":"Active"}},{"type":"Feature","geometry":{"type":"Point","coordinates":[-95.1089725,29.815473]},"properties":{"type":"non-renewable","subtype":"gas","name":"Odyssey Energy Altura Cogen","operator":"Odyssey Operating Services","capacity":"644 MW","capacity_num":643.6,"status":"Active"}},{"type":"Feature","geometry":{"type":"Point","coordinates":[-94.9765273,29.4255017]},"properties":{"type":"non-renewable","subtype":"gas","name":"Topaz Generating","operator":"ProEnergy Services","capacity":"605 MW","capacity_num":605,"status":"Active"}},{"type":"Feature","geometry":{"type":"Point","coordinates":[-95.407436,28.9911184]},"properties":{"type":"non-renewable","subtype":"gas","name":"Freeport Energy","operator":"Olin Blue Cube Operations","capacity":"678 MW","capacity_num":678.1,"status":"Active"}},{"type":"Feature","geometry":{"type":"Point","coordinates":[-94.9220825,29.3779385]},"properties":{"type":"non-renewable","subtype":"gas","name":"Power Station 4","operator":"South Houston Green Power LLC","capacity":"191 MW","capacity_num":191.1,"status":"Active"}},{"type":"Feature","geometry":{"type":"Point","coordinates":[-118.2493953,33.8759641]},"properties":{"type":"non-renewable","subtype":"gas","name":"Carson Cogeneration","operator":"Carson Cogeneration Co","capacity":"56 MW","capacity_num":55.8,"status":"Active"}},{"type":"Feature","geometry":{"type":"Point","coordinates":[-118.2141575,33.7683883]},"properties":{"type":"non-renewable","subtype":"gas","name":"THUMS","operator":"THUMS Long Beach Company","capacity":"57 MW","capacity_num":57.4,"status":"Active"}},{"type":"Feature","geometry":{"type":"Point","coordinates":[-118.4038064,33.9053186]},"properties":{"type":"non-renewable","subtype":"gas","name":"El Segundo Cogen","operator":"Chevron USA Inc-El Segundo","capacity":"180 MW","capacity_num":180.1,"status":"Active"}},{"type":"Feature","geometry":{"type":"Point","coordinates":[-118.2444465,33.8166288]},"properties":{"type":"non-renewable","subtype":"gas","name":"Watson Cogeneration","operator":"ARCO Products Co-Watson","capacity":"405 MW","capacity_num":405,"status":"Active"}},{"type":"Feature","geometry":{"type":"Point","coordinates":[-117.9864946,33.8068026]},"properties":{"type":"non-renewable","subtype":"gas","name":"Stanton Energy Reliability Center Hybrid","operator":"Wellhead Services, Inc","capacity":"161 MW","capacity_num":161,"status":"Active"}},{"type":"Feature","geometry":{"type":"Point","coordinates":[-117.382928,35.7656189]},"properties":{"type":"non-renewable","subtype":"coal","name":"Argus Cogen Plant","operator":"Searles Valley Minerals Operations Inc.","capacity":"63 MW","capacity_num":62.5,"status":"Active"}},{"type":"Feature","geometry":{"type":"Point","coordinates":[-119.2944532,35.7909578]},"properties":{"type":"non-renewable","subtype":"gas","name":"Delano Energy Center","operator":"Wellhead Services, Inc","capacity":"61 MW","capacity_num":60.5,"status":"Active"}},{"type":"Feature","geometry":{"type":"Point","coordinates":[-82.4813313,42.7765428]},"properties":{"type":"non-renewable","subtype":"gas","name":"Blue Water Energy Center","operator":"DTE Energy","capacity":"1267 MW","capacity_num":1267.4,"status":"Active"}},{"type":"Feature","geometry":{"type":"Point","coordinates":[-122.0670376,38.0212794]},"properties":{"type":"non-renewable","subtype":"gas","name":"Foster Wheeler Martinez","operator":"Foster Wheeler Power Sys Inc","capacity":"114 MW","capacity_num":113.5,"status":"Active"}},{"type":"Feature","geometry":{"type":"Point","coordinates":[-122.1129325,38.0168431]},"properties":{"type":"non-renewable","subtype":"gas","name":"Martinez Refining","operator":"Martinez Refining Co","capacity":"100 MW","capacity_num":100,"status":"Active"}},{"type":"Feature","geometry":{"type":"Point","coordinates":[-119.5523902,36.6840936]},"properties":{"type":"non-renewable","subtype":"gas","name":"Algonquin Power Sanger","operator":"Algonquin Power Sanger LLC","capacity":"62 MW","capacity_num":61.5,"status":"Active"}},{"type":"Feature","geometry":{"type":"Point","coordinates":[-120.5784648,36.653534]},"properties":{"type":"non-renewable","subtype":"gas","name":"Panoche Peaker","operator":"Wellhead Services, Inc","capacity":"57 MW","capacity_num":56.7,"status":"Active"}},{"type":"Feature","geometry":{"type":"Point","coordinates":[-114.6542107,32.7286785]},"properties":{"type":"non-renewable","subtype":"gas","name":"Yuma Cogeneration Associates","operator":"Falcon Power Operating Company","capacity":"63 MW","capacity_num":62.6,"status":"Active"}},{"type":"Feature","geometry":{"type":"Point","coordinates":[-117.0991294,33.118604]},"properties":{"type":"non-renewable","subtype":"gas","name":"Goal Line Power Plant","operator":"Goal Line LP","capacity":"51 MW","capacity_num":51.4,"status":"Active"}},{"type":"Feature","geometry":{"type":"Point","coordinates":[-73.3882917,40.7362156]},"properties":{"type":"non-renewable","subtype":"gas","name":"Pinelawn Power","operator":"Pinelawn Power LLC","capacity":"82 MW","capacity_num":82,"status":"Active"}},{"type":"Feature","geometry":{"type":"Point","coordinates":[-73.5802004,41.6759369]},"properties":{"type":"non-renewable","subtype":"gas","name":"Cricket Valley Energy","operator":"Cricket Valley Energy Center LLC","capacity":"1313 MW","capacity_num":1312.5,"status":"Active"}},{"type":"Feature","geometry":{"type":"Point","coordinates":[-73.1846023,41.1692532]},"properties":{"type":"non-renewable","subtype":"gas","name":"Bridgeport Energy Project","operator":"Bridgeport Energy LLC","capacity":"520 MW","capacity_num":520,"status":"Active"}},{"type":"Feature","geometry":{"type":"Point","coordinates":[-72.5224912,42.1573096]},"properties":{"type":"non-renewable","subtype":"gas","name":"Masspower Power Plant","operator":"Masspower","capacity":"261 MW","capacity_num":260.9,"status":"Active"}},{"type":"Feature","geometry":{"type":"Point","coordinates":[-73.1075804,41.2109587]},"properties":{"type":"non-renewable","subtype":"oil","name":"GenConn Devon LLC","operator":"GenConn Devon LLC","capacity":"242 MW","capacity_num":242,"status":"Active"}},{"type":"Feature","geometry":{"type":"Point","coordinates":[-72.5743862,41.5541426]},"properties":{"type":"non-renewable","subtype":"oil","name":"GenConn Middletown LLC","operator":"GenConn Middletown LLC","capacity":"242 MW","capacity_num":242,"status":"Active"}},{"type":"Feature","geometry":{"type":"Point","coordinates":[-81.0604535,40.604806]},"properties":{"type":"non-renewable","subtype":"gas","name":"Carroll County Energy power station","operator":"Carroll County Energy LLC","capacity":"832 MW","capacity_num":832.3,"status":"Active"}},{"type":"Feature","geometry":{"type":"Point","coordinates":[-92.4903384,44.0321712]},"properties":{"type":"non-renewable","subtype":"gas","name":"Cascade Creek Power Plant","operator":"Rochester Public Utilities","capacity":"85 MW","capacity_num":84.9,"status":"Active"}},{"type":"Feature","geometry":{"type":"Point","coordinates":[-74.1678201,40.0612694]},"properties":{"type":"non-renewable","subtype":"gas","name":"NAEA Lakewood LLC","operator":"Essential Power Operating Company, LLC","capacity":"237 MW","capacity_num":236.8,"status":"Active"}},{"type":"Feature","geometry":{"type":"Point","coordinates":[-75.5055782,39.7450625]},"properties":{"type":"non-renewable","subtype":"gas","name":"Hay Road Power Plant","operator":"Calpine Mid-Atlantic Generation LLC","capacity":"1193 MW","capacity_num":1193,"status":"Active"}},{"type":"Feature","geometry":{"type":"Point","coordinates":[-74.3197994,40.5152143]},"properties":{"type":"non-renewable","subtype":"gas","name":"CPV Woodbridge Energy Center","operator":"Competitive Power Ventures","capacity":"773 MW","capacity_num":772.9,"status":"Active"}},{"type":"Feature","geometry":{"type":"Point","coordinates":[-87.3250307,37.9113032]},"properties":{"type":"non-renewable","subtype":"coal","name":"F. B. Culley Generating Station","operator":"Southern Indiana Gas & Elec Co","capacity":"369 MW","capacity_num":368.9,"status":"Active"}},{"type":"Feature","geometry":{"type":"Point","coordinates":[-80.1592016,34.4028903]},"properties":{"type":"nuclear","subtype":"nuclear","name":"H. B. Robinson Nuclear Generating Station","operator":"Duke Energy Progress","capacity":"769 MW","capacity_num":768.6,"status":"Active"}},{"type":"Feature","geometry":{"type":"Point","coordinates":[-110.3945165,54.5843475]},"properties":{"type":"non-renewable","subtype":"oil","name":"Cold Lake Project Mahkeses Power Station","operator":"Multiple/Unknown","capacity":"120 MW","capacity_num":120,"status":"Active"}},{"type":"Feature","geometry":{"type":"Point","coordinates":[-86.525339,32.3102836]},"properties":{"type":"non-renewable","subtype":"gas","name":"General Electric Plastic","operator":"Alabama Power","capacity":"97 MW","capacity_num":97,"status":"Active"}},{"type":"Feature","geometry":{"type":"Point","coordinates":[-87.2488743,30.5981453]},"properties":{"type":"non-renewable","subtype":"gas","name":"Pensacola Florida Plant","operator":"Ascend Performance Materials LLC","capacity":"102 MW","capacity_num":102,"status":"Active"}},{"type":"Feature","geometry":{"type":"Point","coordinates":[-88.0502473,30.7361322]},"properties":{"type":"non-renewable","subtype":"gas","name":"Kimberly Clark Mobile - CHP Plant","operator":"Kimberly Clark - Mobile Alabama","capacity":"50 MW","capacity_num":50,"status":"Active"}},{"type":"Feature","geometry":{"type":"Point","coordinates":[-86.8412536,40.3761278]},"properties":{"type":"non-renewable","subtype":"gas","name":"Tate & Lyle Lafayette South Plant","operator":"Tate & Lyle Lafayette South Plant","capacity":"62 MW","capacity_num":61.8,"status":"Active"}},{"type":"Feature","geometry":{"type":"Point","coordinates":[-88.9320398,39.849301]},"properties":{"type":"non-renewable","subtype":"gas","name":"Primient Decatur Plant Cogen","operator":"Primary Products Ingredients Americas, LLC","capacity":"65 MW","capacity_num":64.8,"status":"Active"}},{"type":"Feature","geometry":{"type":"Point","coordinates":[-88.8911098,39.8716361]},"properties":{"type":"non-renewable","subtype":"coal","name":"Archer Daniels Midland Decatur","operator":"Archer Daniels Midland Co","capacity":"335 MW","capacity_num":335,"status":"Active"}},{"type":"Feature","geometry":{"type":"Point","coordinates":[-87.4262341,39.5323586]},"properties":{"type":"non-renewable","subtype":"gas","name":"Wabash Valley Power IGCC","operator":"Wabash Valley Power Assn, Inc","capacity":"192 MW","capacity_num":192,"status":"Active"}},{"type":"Feature","geometry":{"type":"Point","coordinates":[-87.9301578,37.9105462]},"properties":{"type":"non-renewable","subtype":"gas","name":"SABIC Innovative Plastics Mt. Vernon","operator":"SABIC IP Mt. Vernon, LLC","capacity":"108 MW","capacity_num":108,"status":"Active"}},{"type":"Feature","geometry":{"type":"Point","coordinates":[-87.4803751,41.6699471]},"properties":{"type":"non-renewable","subtype":"gas","name":"Whiting Refinery Power Station","operator":"BP PLC","capacity":"84 MW","capacity_num":83.8,"status":"Active"}},{"type":"Feature","geometry":{"type":"Point","coordinates":[-87.6524202,41.8676043]},"properties":{"type":"non-renewable","subtype":"gas","name":"University of Illinois Cogen Facility","operator":"University of Illinois","capacity":"60 MW","capacity_num":59.9,"status":"Active"}},{"type":"Feature","geometry":{"type":"Point","coordinates":[-87.4215354,41.6839004]},"properties":{"type":"non-renewable","subtype":"gas","name":"Indiana Harbor E 5 AC Station","operator":"Northlake Energy","capacity":"90 MW","capacity_num":90,"status":"Active"}},{"type":"Feature","geometry":{"type":"Point","coordinates":[-87.1386535,41.635233]},"properties":{"type":"non-renewable","subtype":"gas","name":"Cleveland Cliffs LLC, Burns Harbor","operator":"Cleveland-Cliffs Burns Harbor LLC","capacity":"176 MW","capacity_num":176.2,"status":"Active"}},{"type":"Feature","geometry":{"type":"Point","coordinates":[-87.4522032,41.664146]},"properties":{"type":"non-renewable","subtype":"gas","name":"Indiana Harbor West Power Plant","operator":"Cleveland Cliffs","capacity":"152 MW","capacity_num":152,"status":"Active"}},{"type":"Feature","geometry":{"type":"Point","coordinates":[-87.3287129,41.6215781]},"properties":{"type":"non-renewable","subtype":"gas","name":"Gary Works Power Station","operator":"United States Steel-Gary","capacity":"161 MW","capacity_num":161,"status":"Active"}},{"type":"Feature","geometry":{"type":"Point","coordinates":[-87.8329012,42.8498279]},"properties":{"type":"non-renewable","subtype":"coal","name":"Elm Road Generating Station","operator":"Multiple/Unknown","capacity":"100 MW","capacity_num":100,"status":"Active"}},{"type":"Feature","geometry":{"type":"Point","coordinates":[-90.1352853,44.6349997]},"properties":{"type":"non-renewable","subtype":"gas","name":"Marshfield Utilities Gas Plant","operator":"City of Marshfield - (WI)","capacity":"60 MW","capacity_num":60.4,"status":"Active"}},{"type":"Feature","geometry":{"type":"Point","coordinates":[-95.5846891,37.0933121]},"properties":{"type":"non-renewable","subtype":"gas","name":"CML&P Generating Facility No. 2","operator":"City of Coffeyville - (KS)","capacity":"56 MW","capacity_num":56.1,"status":"Active"}},{"type":"Feature","geometry":{"type":"Point","coordinates":[-80.3375902,40.6680989]},"properties":{"type":"non-renewable","subtype":"gas","name":"Shell Chemical Appalachia Power Plant","operator":"Shell Chemical Appalachia LLC","capacity":"310 MW","capacity_num":309.8,"status":"Active"}},{"type":"Feature","geometry":{"type":"Point","coordinates":[-80.6788543,40.6358307]},"properties":{"type":"non-renewable","subtype":"gas","name":"South Field Energy","operator":"South Field Energy, LLC","capacity":"1210 MW","capacity_num":1210.4,"status":"Active"}},{"type":"Feature","geometry":{"type":"Point","coordinates":[-80.8451539,39.7025788]},"properties":{"type":"non-renewable","subtype":"gas","name":"Long Ridge Energy Generation","operator":"Long Ridge Energy Generation LLC","capacity":"522 MW","capacity_num":521.9,"status":"Active"}},{"type":"Feature","geometry":{"type":"Point","coordinates":[-79.9307165,39.8932863]},"properties":{"type":"non-renewable","subtype":"gas","name":"Hill Top Energy Center","operator":"Hill Top Energy Center, LLC","capacity":"665 MW","capacity_num":664.7,"status":"Active"}},{"type":"Feature","geometry":{"type":"Point","coordinates":[-82.8971307,34.7938282]},"properties":{"type":"nuclear","subtype":"nuclear","name":"Oconee Nuclear Station","operator":"Duke Energy","capacity":"2667 MW","capacity_num":2666.7,"status":"Active"}},{"type":"Feature","geometry":{"type":"Point","coordinates":[-134.4955637,58.3536131]},"properties":{"type":"non-renewable","subtype":"oil","name":"Lemon Creek Power Plant","operator":"Alaska Electric Light&Power Co","capacity":"62 MW","capacity_num":61.7,"status":"Active"}},{"type":"Feature","geometry":{"type":"Point","coordinates":[-147.3503923,64.7345041]},"properties":{"type":"non-renewable","subtype":"oil","name":"North Pole Power Plant","operator":"Golden Valley Elec Assn Inc","capacity":"181 MW","capacity_num":181,"status":"Active"}},{"type":"Feature","geometry":{"type":"Point","coordinates":[-151.387483,60.6935709]},"properties":{"type":"non-renewable","subtype":"gas","name":"Bernice Lake Power Plant","operator":"Homer Electric Assn Inc","capacity":"77 MW","capacity_num":76.7,"status":"Active"}},{"type":"Feature","geometry":{"type":"Point","coordinates":[-151.3779309,60.6762216]},"properties":{"type":"non-renewable","subtype":"gas","name":"Nikiski Combined Cycle","operator":"Homer Electric Assn Inc","capacity":"81 MW","capacity_num":80.8,"status":"Active"}},{"type":"Feature","geometry":{"type":"Point","coordinates":[-84.4007572,39.471619]},"properties":{"type":"non-renewable","subtype":"gas","name":"Middletown Coke Power Plant","operator":"SunCoke Energy, Inc.","capacity":"67 MW","capacity_num":67,"status":"Active"}},{"type":"Feature","geometry":{"type":"Point","coordinates":[-82.8302099,38.5962332]},"properties":{"type":"non-renewable","subtype":"gas","name":"Haverhill North Cogeneration Facility","operator":"SunCoke Energy, Inc.","capacity":"67 MW","capacity_num":67,"status":"Active"}},{"type":"Feature","geometry":{"type":"Point","coordinates":[-95.1948315,29.2296207]},"properties":{"type":"non-renewable","subtype":"gas","name":"Power Island power station","operator":"INEOS USA LLC","capacity":"141 MW","capacity_num":141,"status":"Active"}},{"type":"Feature","geometry":{"type":"Point","coordinates":[-76.6913359,38.5505737]},"properties":{"type":"non-renewable","subtype":"oil","name":"NRG Chalk Point CT","operator":"NRG Chalk Point CT","capacity":"94 MW","capacity_num":94,"status":"Active"}},{"type":"Feature","geometry":{"type":"Point","coordinates":[-84.3188574,35.7327389]},"properties":{"type":"non-renewable","subtype":"gas","name":"Tate & Lyle Loudon Cogen","operator":"Green Plains Obion LLC","capacity":"61 MW","capacity_num":61.4,"status":"Active"}},{"type":"Feature","geometry":{"type":"Point","coordinates":[-95.9703956,41.1705758]},"properties":{"type":"non-renewable","subtype":"gas","name":"Sarpy County","operator":"Omaha Public Power District","capacity":"338 MW","capacity_num":338.4,"status":"Active"}},{"type":"Feature","geometry":{"type":"Point","coordinates":[-94.3479842,41.1135964]},"properties":{"type":"non-renewable","subtype":"gas","name":"Summit Lake Generating Station","operator":"CIPCO","capacity":"119 MW","capacity_num":118.7,"status":"Active"}},{"type":"Feature","geometry":{"type":"Point","coordinates":[-96.7863171,40.5587422]},"properties":{"type":"non-renewable","subtype":"oil","name":"Hallam Power Plant","operator":"Nebraska Public Power District","capacity":"57 MW","capacity_num":56.7,"status":"Active"}},{"type":"Feature","geometry":{"type":"Point","coordinates":[-108.1230386,32.6956334]},"properties":{"type":"non-renewable","subtype":"gas","name":"Chino Mines Power Plant","operator":"Freeport-McMoRan","capacity":"54 MW","capacity_num":54,"status":"Active"}},{"type":"Feature","geometry":{"type":"Point","coordinates":[-87.0204815,34.6294604]},"properties":{"type":"non-renewable","subtype":"gas","name":"Decatur Energy Center","operator":"Decatur Energy Center LLC","capacity":"902 MW","capacity_num":902.4,"status":"Active"}},{"type":"Feature","geometry":{"type":"Point","coordinates":[-91.1861382,30.497667]},"properties":{"type":"non-renewable","subtype":"gas","name":"Formosa Plastics Cogen","operator":"Formosa Plastics Corporation, Louisiana","capacity":"101 MW","capacity_num":100.8,"status":"Active"}},{"type":"Feature","geometry":{"type":"Point","coordinates":[-90.9925199,30.2082257]},"properties":{"type":"non-renewable","subtype":"gas","name":"Geismar Cogen","operator":"Air Liquide Large Industries U.S. LP","capacity":"84 MW","capacity_num":83.9,"status":"Active"}},{"type":"Feature","geometry":{"type":"Point","coordinates":[-90.9841521,30.1877577]},"properties":{"type":"non-renewable","subtype":"gas","name":"Shell Chemical Cogen","operator":"Shell Chemical LP","capacity":"80 MW","capacity_num":80,"status":"Active"}},{"type":"Feature","geometry":{"type":"Point","coordinates":[-90.4467118,29.9834856]},"properties":{"type":"non-renewable","subtype":"gas","name":"Dow St Charles Power Plant","operator":"Union Carbide Corporation","capacity":"324 MW","capacity_num":323.6,"status":"Active"}},{"type":"Feature","geometry":{"type":"Point","coordinates":[-90.9967404,30.1953665]},"properties":{"type":"non-renewable","subtype":"gas","name":"Geismar Power Plant","operator":"BASF Corporation","capacity":"84 MW","capacity_num":84.1,"status":"Active"}},{"type":"Feature","geometry":{"type":"Point","coordinates":[-76.0420941,41.5720909]},"properties":{"type":"non-renewable","subtype":"gas","name":"Procter & Gamble Mehoopany Mill Power Plant","operator":"Procter & Gamble Ppr Prdts Co","capacity":"120 MW","capacity_num":120.2,"status":"Active"}},{"type":"Feature","geometry":{"type":"Point","coordinates":[-77.9853143,34.282175]},"properties":{"type":"non-renewable","subtype":"gas","name":"Sutton Combined Cycle Plant","operator":"Duke Energy Progress","capacity":"851 MW","capacity_num":851,"status":"Active"}},{"type":"Feature","geometry":{"type":"Point","coordinates":[-75.6332167,39.5940695]},"properties":{"type":"non-renewable","subtype":"gas","name":"Delaware City Plant","operator":"Delaware City Refining Company LLC","capacity":"324 MW","capacity_num":324,"status":"Active"}},{"type":"Feature","geometry":{"type":"Point","coordinates":[-75.0580506,39.4505173]},"properties":{"type":"non-renewable","subtype":"gas","name":"Sherman Avenue Power Plant","operator":"Calpine New Jersey Generation LLC","capacity":"113 MW","capacity_num":112.8,"status":"Active"}},{"type":"Feature","geometry":{"type":"Point","coordinates":[-90.1979927,41.828724]},"properties":{"type":"non-renewable","subtype":"coal","name":"Archer Daniels Midland Clinton Power Plant","operator":"Archer Daniels Midland Co","capacity":"180 MW","capacity_num":180,"status":"Active"}},{"type":"Feature","geometry":{"type":"Point","coordinates":[-81.6727897,41.4739048]},"properties":{"type":"non-renewable","subtype":"gas","name":"Arcelormittal Cleveland Power Plant","operator":"Cleveland Cliffs","capacity":"102 MW","capacity_num":102,"status":"Active"}},{"type":"Feature","geometry":{"type":"Point","coordinates":[-81.2544831,41.7264667]},"properties":{"type":"non-renewable","subtype":"coal","name":"Painesville Power Plant","operator":"City of Painesville","capacity":"56 MW","capacity_num":55.5,"status":"Active"}},{"type":"Feature","geometry":{"type":"Point","coordinates":[-76.5636771,39.2986117]},"properties":{"type":"non-renewable","subtype":"oil","name":"Philadelphia Power Plant","operator":"Constellation Power Source Gen","capacity":"83 MW","capacity_num":82.8,"status":"Active"}},{"type":"Feature","geometry":{"type":"Point","coordinates":[-78.0682815,42.5027333]},"properties":{"type":"non-renewable","subtype":"gas","name":"Allegany Cogen","operator":"Allegany Generating Station, LLC","capacity":"67 MW","capacity_num":67,"status":"Active"}},{"type":"Feature","geometry":{"type":"Point","coordinates":[-78.0774066,42.6542369]},"properties":{"type":"non-renewable","subtype":"gas","name":"Indeck Silver Springs Energy Center","operator":"Indeck-Energy Serv Silver Spg","capacity":"57 MW","capacity_num":56.6,"status":"Active"}},{"type":"Feature","geometry":{"type":"Point","coordinates":[-78.9179967,42.9672051]},"properties":{"type":"non-renewable","subtype":"gas","name":"Indeck Yerkes Energy Center","operator":"Indeck-Yerkes Ltd Partnership","capacity":"60 MW","capacity_num":59.9,"status":"Active"}},{"type":"Feature","geometry":{"type":"Point","coordinates":[-78.159041,42.9827686]},"properties":{"type":"non-renewable","subtype":"gas","name":"Batavia Power Plant","operator":"Seneca Power Partners LP","capacity":"67 MW","capacity_num":67.3,"status":"Active"}},{"type":"Feature","geometry":{"type":"Point","coordinates":[-76.3116856,36.7748166]},"properties":{"type":"non-renewable","subtype":"gas","name":"Elizabeth River Power Station","operator":"Dominion Energy","capacity":"389 MW","capacity_num":388.8,"status":"Active"}},{"type":"Feature","geometry":{"type":"Point","coordinates":[-76.8252844,40.8395466]},"properties":{"type":"non-renewable","subtype":"gas","name":"Panda Hummel Station","operator":"Panda Hummel Station LLC","capacity":"1194 MW","capacity_num":1194.4,"status":"Active"}},{"type":"Feature","geometry":{"type":"Point","coordinates":[-75.3576836,39.8434458]},"properties":{"type":"non-renewable","subtype":"gas","name":"Chester Operations","operator":"Kimberly-Clark Corp","capacity":"69 MW","capacity_num":69.2,"status":"Active"}},{"type":"Feature","geometry":{"type":"Point","coordinates":[-76.6352552,39.7607131]},"properties":{"type":"non-renewable","subtype":"oil","name":"Tolna Power Plant","operator":"Tolna Power, LLC","capacity":"54 MW","capacity_num":54,"status":"Active"}},{"type":"Feature","geometry":{"type":"Point","coordinates":[-75.6195991,40.2352828]},"properties":{"type":"non-renewable","subtype":"oil","name":"Moser Generating Station","operator":"Exelon","capacity":"64 MW","capacity_num":63.6,"status":"Active"}},{"type":"Feature","geometry":{"type":"Point","coordinates":[-97.1084507,44.9016123]},"properties":{"type":"non-renewable","subtype":"oil","name":"Watertown Power Plant","operator":"Missouri Basin Muni Power Agny","capacity":"68 MW","capacity_num":67.5,"status":"Active"}},{"type":"Feature","geometry":{"type":"Point","coordinates":[-96.5651854,44.5811135]},"properties":{"type":"non-renewable","subtype":"gas","name":"Astoria Station","operator":"Otter Tail Power Company","capacity":"349 MW","capacity_num":349,"status":"Active"}},{"type":"Feature","geometry":{"type":"Point","coordinates":[-98.1717374,44.3688721]},"properties":{"type":"non-renewable","subtype":"gas","name":"Bob Glanzer Generating Station","operator":"NorthWestern Energy","capacity":"58 MW","capacity_num":58,"status":"Active"}},{"type":"Feature","geometry":{"type":"Point","coordinates":[-96.9457989,28.6976367]},"properties":{"type":"non-renewable","subtype":"gas","name":"Victoria Port Power II","operator":"Victoria Port Power II","capacity":"100 MW","capacity_num":100,"status":"Active"}},{"type":"Feature","geometry":{"type":"Point","coordinates":[-97.0100686,28.7857924]},"properties":{"type":"non-renewable","subtype":"gas","name":"Victoria City Power","operator":"Agilon Energy Holdings II, LLC","capacity":"100 MW","capacity_num":100,"status":"Active"}},{"type":"Feature","geometry":{"type":"Point","coordinates":[-96.945257,28.6959792]},"properties":{"type":"non-renewable","subtype":"gas","name":"Victoria Port Power","operator":"Agilon Energy Holdings II, LLC","capacity":"100 MW","capacity_num":100,"status":"Active"}},{"type":"Feature","geometry":{"type":"Point","coordinates":[-93.0363572,44.7635046]},"properties":{"type":"non-renewable","subtype":"gas","name":"Pine Bend Combined Heat and Power","operator":"Flint Hills Resources Pine Bend, LLC","capacity":"73 MW","capacity_num":73.4,"status":"Active"}},{"type":"Feature","geometry":{"type":"Point","coordinates":[-98.8700582,38.4094723]},"properties":{"type":"non-renewable","subtype":"gas","name":"Great Bend 3","operator":"Sunflower Electric Power Corporation","capacity":"82 MW","capacity_num":81.6,"status":"Active"}},{"type":"Feature","geometry":{"type":"Point","coordinates":[-78.9741106,34.5879067]},"properties":{"type":"non-renewable","subtype":"oil","name":"Weatherspoon Plant","operator":"Duke Energy Progress","capacity":"163 MW","capacity_num":163,"status":"Active"}},{"type":"Feature","geometry":{"type":"Point","coordinates":[-78.0088568,33.9587213]},"properties":{"type":"nuclear","subtype":"nuclear","name":"Brunswick Nuclear Generating Station","operator":"Duke Energy Progress","capacity":"2003 MW","capacity_num":2003.2,"status":"Active"}},{"type":"Feature","geometry":{"type":"Point","coordinates":[-77.9919875,33.939379]},"properties":{"type":"non-renewable","subtype":"gas","name":"Archer Daniels Midland Southport Cogeneration","operator":"Archer Daniels Midland Company","capacity":"53 MW","capacity_num":52.5,"status":"Active"}},{"type":"Feature","geometry":{"type":"Point","coordinates":[-87.5116691,46.5121496]},"properties":{"type":"non-renewable","subtype":"gas","name":"F.D. Kuester Generating Station","operator":"Upper Michigan Energy Resources Company","capacity":"132 MW","capacity_num":131.6,"status":"Active"}},{"type":"Feature","geometry":{"type":"Point","coordinates":[-87.4358372,46.5655953]},"properties":{"type":"non-renewable","subtype":"gas","name":"Marquette Energy Center","operator":"Marquette Board of Light and Power","capacity":"51 MW","capacity_num":51.3,"status":"Active"}},{"type":"Feature","geometry":{"type":"Point","coordinates":[-87.6881662,45.086848]},"properties":{"type":"non-renewable","subtype":"gas","name":"West Marinette Power Plant","operator":"Wisconsin Public Service Corporation","capacity":"187 MW","capacity_num":187.1,"status":"Active"}},{"type":"Feature","geometry":{"type":"Point","coordinates":[-81.8851826,35.3405743]},"properties":{"type":"non-renewable","subtype":"oil","name":"OIL Power Plant","operator":"Multiple/Unknown","capacity":"100 MW","capacity_num":100,"status":"Active"}},{"type":"Feature","geometry":{"type":"Point","coordinates":[-81.8594327,35.3252535]},"properties":{"type":"non-renewable","subtype":"oil","name":"OIL Power Plant","operator":"Multiple/Unknown","capacity":"100 MW","capacity_num":100,"status":"Active"}},{"type":"Feature","geometry":{"type":"Point","coordinates":[-115.289405,32.5660394]},"properties":{"type":"non-renewable","subtype":"gas","name":"Central Turbogas González Ortega","operator":"Multiple/Unknown","capacity":"184 MW","capacity_num":184,"status":"Active"}},{"type":"Feature","geometry":{"type":"Point","coordinates":[-110.8345836,29.0345875]},"properties":{"type":"non-renewable","subtype":"gas","name":"Central de ciclo combinado Hermosillo","operator":"Multiple/Unknown","capacity":"227 MW","capacity_num":227.022,"status":"Active"}},{"type":"Feature","geometry":{"type":"Point","coordinates":[-110.0213465,22.9731678]},"properties":{"type":"non-renewable","subtype":"oil","name":"Central Turbogas Los Cabos","operator":"Multiple/Unknown","capacity":"159 MW","capacity_num":158.7,"status":"Active"}},{"type":"Feature","geometry":{"type":"Point","coordinates":[-110.3251556,24.2728314]},"properties":{"type":"non-renewable","subtype":"gas","name":"GAS Power Plant","operator":"Multiple/Unknown","capacity":"100 MW","capacity_num":100,"status":"Active"}},{"type":"Feature","geometry":{"type":"Point","coordinates":[-110.9487127,56.408356]},"properties":{"type":"non-renewable","subtype":"oil","name":"Long Lake Cogeneration Power Station","operator":"Multiple/Unknown","capacity":"170 MW","capacity_num":170,"status":"Active"}},{"type":"Feature","geometry":{"type":"Point","coordinates":[-105.9489092,28.6420126]},"properties":{"type":"non-renewable","subtype":"gas","name":"Emerging Energy","operator":"Multiple/Unknown","capacity":"111 MW","capacity_num":111,"status":"Active"}},{"type":"Feature","geometry":{"type":"Point","coordinates":[-122.5619535,48.4701594]},"properties":{"type":"non-renewable","subtype":"gas","name":"HF Sinclair Puget Sound Refining Power Station","operator":"HF Sinclair Corporation","capacity":"140 MW","capacity_num":139.8,"status":"Active"}},{"type":"Feature","geometry":{"type":"Point","coordinates":[-80.1987161,26.0691015]},"properties":{"type":"non-renewable","subtype":"gas","name":"Dania Beach Energy Center 7 Power Plant","operator":"Florida Power & Light Co","capacity":"1448 MW","capacity_num":1447.7,"status":"Active"}},{"type":"Feature","geometry":{"type":"Point","coordinates":[-84.6578143,42.6907344]},"properties":{"type":"non-renewable","subtype":"gas","name":"Delta Energy Park","operator":"Lansing Board of Water and Light","capacity":"263 MW","capacity_num":263.2,"status":"Active"}},{"type":"Feature","geometry":{"type":"Point","coordinates":[-72.2613737,41.8075157]},"properties":{"type":"non-renewable","subtype":"gas","name":"UConn Supplemental Utility Plant","operator":"Multiple/Unknown","capacity":"100 MW","capacity_num":100,"status":"Active"}},{"type":"Feature","geometry":{"type":"Point","coordinates":[-110.7350558,50.0929641]},"properties":{"type":"non-renewable","subtype":"gas","name":"GAS Power Plant","operator":"Multiple/Unknown","capacity":"100 MW","capacity_num":100,"status":"Active"}},{"type":"Feature","geometry":{"type":"Point","coordinates":[-108.7457305,45.6595191]},"properties":{"type":"non-renewable","subtype":"gas","name":"Yellowstone County Generating Station","operator":"NorthWestern Energy","capacity":"207 MW","capacity_num":207,"status":"Active"}},{"type":"Feature","geometry":{"type":"Point","coordinates":[-88.1107613,41.4400682]},"properties":{"type":"non-renewable","subtype":"gas","name":"Jackson Generation","operator":"Jackson Generation, LLC","capacity":"1289 MW","capacity_num":1288.6,"status":"Active"}},{"type":"Feature","geometry":{"type":"Point","coordinates":[-99.4599815,25.6744151]},"properties":{"type":"non-renewable","subtype":"gas","name":"Los Ramones Energy Center","operator":"Multiple/Unknown","capacity":"768 MW","capacity_num":768,"status":"Active"}},{"type":"Feature","geometry":{"type":"Point","coordinates":[-111.0800081,39.3794336]},"properties":{"type":"non-renewable","subtype":"coal","name":"Huntington Power Plant","operator":"PacifiCorp","capacity":"1037 MW","capacity_num":1037.3,"status":"Active"}},{"type":"Feature","geometry":{"type":"Point","coordinates":[-120.5492088,46.9947145]},"properties":{"type":"non-renewable","subtype":"coal","name":"Historic Ellensburg Hotel Building","operator":"Multiple/Unknown","capacity":"100 MW","capacity_num":100,"status":"Active"}},{"type":"Feature","geometry":{"type":"Point","coordinates":[-83.3564675,43.7269183]},"properties":{"type":"non-renewable","subtype":"gas","name":"Huron Natural Gas Compressor Station","operator":"Consumers Energy Co","capacity":"1100 MW","capacity_num":1100,"status":"Active"}},{"type":"Feature","geometry":{"type":"Point","coordinates":[-95.0138711,29.7551507]},"properties":{"type":"non-renewable","subtype":"gas","name":"ExxonMobil Baytown Power Plant","operator":"Exxon Mobil Refining and Supply Co.","capacity":"382 MW","capacity_num":381.8,"status":"Active"}},{"type":"Feature","geometry":{"type":"Point","coordinates":[-96.1701777,41.098291]},"properties":{"type":"non-renewable","subtype":"gas","name":"Turtle Creek Station","operator":"Omaha Public Power District","capacity":"528 MW","capacity_num":528,"status":"Active"}},{"type":"Feature","geometry":{"type":"Point","coordinates":[-90.0815745,31.6280239]},"properties":{"type":"non-renewable","subtype":"gas","name":"Georgia-Pacific Monticello Cogeneration","operator":"Georgia-Pacific Monticello LLC","capacity":"82 MW","capacity_num":81.5,"status":"Active"}},{"type":"Feature","geometry":{"type":"Point","coordinates":[-122.6542721,47.5573211]},"properties":{"type":"non-renewable","subtype":"gas","name":"GAS Power Plant","operator":"Multiple/Unknown","capacity":"100 MW","capacity_num":100,"status":"Active"}},{"type":"Feature","geometry":{"type":"Point","coordinates":[-91.1175978,33.3510516]},"properties":{"type":"non-renewable","subtype":"gas","name":"Gerald Andrus Power Plant","operator":"Entergy Mississippi","capacity":"781 MW","capacity_num":781.4,"status":"Active"}},{"type":"Feature","geometry":{"type":"Point","coordinates":[-86.2207693,41.8624276]},"properties":{"type":"non-renewable","subtype":"gas","name":"Indeck Niles Energy Center","operator":"Indeck Niles, LLC","capacity":"1174 MW","capacity_num":1174.4,"status":"Active"}},{"type":"Feature","geometry":{"type":"Point","coordinates":[-103.0759722,20.5520966]},"properties":{"type":"non-renewable","subtype":"gas","name":"Central de ciclo combinado Tierra Mojada","operator":"Saavi Energia","capacity":"874 MW","capacity_num":874,"status":"Active"}},{"type":"Feature","geometry":{"type":"Point","coordinates":[-95.6206634,29.4795222]},"properties":{"type":"non-renewable","subtype":"gas","name":"WattBridge Braes Bayou Power Plant","operator":"ProEnergy Services","capacity":"484 MW","capacity_num":484,"status":"Active"}},{"type":"Feature","geometry":{"type":"Point","coordinates":[-95.4316537,29.2271874]},"properties":{"type":"non-renewable","subtype":"gas","name":"ProEnergy Mark One Power Plant","operator":"ProEnergy Services","capacity":"363 MW","capacity_num":363,"status":"Active"}},{"type":"Feature","geometry":{"type":"Point","coordinates":[-91.1875488,30.4897481]},"properties":{"type":"non-renewable","subtype":"gas","name":"ExxonMobil Baton Rouge Turbine Generator","operator":"Exxon Mobil Corporation","capacity":"85 MW","capacity_num":85.3,"status":"Active"}},{"type":"Feature","geometry":{"type":"Point","coordinates":[-90.6685634,30.0577849]},"properties":{"type":"non-renewable","subtype":"gas","name":"Atlantic Alumina Cogen","operator":"Gramercy Holdings I LLC","capacity":"85 MW","capacity_num":85.3,"status":"Active"}},{"type":"Feature","geometry":{"type":"Point","coordinates":[-90.4703638,29.9933738]},"properties":{"type":"nuclear","subtype":"nuclear","name":"Waterford 3 Nuclear Generating Station","operator":"Entergy Louisiana","capacity":"1200 MW","capacity_num":1199.8,"status":"Active"}},{"type":"Feature","geometry":{"type":"Point","coordinates":[-91.1845618,30.2599872]},"properties":{"type":"non-renewable","subtype":"gas","name":"Axiall Plaquemine Cogen","operator":"Axiall Corporation","capacity":"306 MW","capacity_num":306,"status":"Active"}},{"type":"Feature","geometry":{"type":"Point","coordinates":[-93.2947732,30.2256031]},"properties":{"type":"non-renewable","subtype":"gas","name":"PPG Powerhouse C","operator":"Eagle 2 US LLC","capacity":"358 MW","capacity_num":357.7,"status":"Active"}},{"type":"Feature","geometry":{"type":"Point","coordinates":[-93.2830309,30.2214157]},"properties":{"type":"non-renewable","subtype":"gas","name":"RS Cogen","operator":"Eagle 2 US LLC","capacity":"493 MW","capacity_num":493,"status":"Active"}},{"type":"Feature","geometry":{"type":"Point","coordinates":[-81.1229872,32.0492896]},"properties":{"type":"non-renewable","subtype":"gas","name":"Derst Baking Company","operator":"Multiple/Unknown","capacity":"100 MW","capacity_num":100,"status":"Active"}},{"type":"Feature","geometry":{"type":"Point","coordinates":[-93.9657333,29.8886137]},"properties":{"type":"non-renewable","subtype":"gas","name":"Motiva Enterprises Port Arthur Refinery Power Plant","operator":"Multiple/Unknown","capacity":"100 MW","capacity_num":100,"status":"Active"}},{"type":"Feature","geometry":{"type":"Point","coordinates":[-95.3956582,28.9886173]},"properties":{"type":"non-renewable","subtype":"gas","name":"Freeport Energy Center","operator":"Dow Chemical Co","capacity":"260 MW","capacity_num":260,"status":"Active"}},{"type":"Feature","geometry":{"type":"Point","coordinates":[-122.271158,38.1002108]},"properties":{"type":"non-renewable","subtype":"oil","name":"Central Power Plant","operator":"Multiple/Unknown","capacity":"100 MW","capacity_num":100,"status":"Active"}},{"type":"Feature","geometry":{"type":"Point","coordinates":[-123.1579439,46.1717396]},"properties":{"type":"non-renewable","subtype":"gas","name":"Beaver Power Plant","operator":"Portland General Electric","capacity":"500 MW","capacity_num":500,"status":"Active"}},{"type":"Feature","geometry":{"type":"Point","coordinates":[-93.9655195,29.86623]},"properties":{"type":"non-renewable","subtype":"gas","name":"Air Products Port Arthur power station","operator":"Multiple/Unknown","capacity":"169 MW","capacity_num":169,"status":"Active"}},{"type":"Feature","geometry":{"type":"Point","coordinates":[-158.1071343,21.306412]},"properties":{"type":"non-renewable","subtype":"oil","name":"Campbell Industrial Park Power Station","operator":"Hawaiian Electric Co Inc","capacity":"113 MW","capacity_num":113,"status":"Active"}},{"type":"Feature","geometry":{"type":"Point","coordinates":[-97.7349928,30.2865473]},"properties":{"type":"non-renewable","subtype":"gas","name":"Hal C. Weaver Power Plant","operator":"University of Texas at Austin","capacity":"153 MW","capacity_num":152.5,"status":"Active"}},{"type":"Feature","geometry":{"type":"Point","coordinates":[-121.9434778,37.3616208]},"properties":{"type":"non-renewable","subtype":"oil","name":"SC 1 Data Center Power Station","operator":"Xeres Ventures LLC","capacity":"100 MW","capacity_num":99.6,"status":"Active"}},{"type":"Feature","geometry":{"type":"Point","coordinates":[-88.2826017,41.3722738]},"properties":{"type":"non-renewable","subtype":"gas","name":"CPV Three Rivers Energy Center","operator":"CPV Three Rivers, LLC","capacity":"1300 MW","capacity_num":1300,"status":"Active"}},{"type":"Feature","geometry":{"type":"Point","coordinates":[-74.5224126,41.1843431]},"properties":{"type":"non-renewable","subtype":"gas","name":"Tennessee Valley Authority","operator":"Tennessee Valley Authority","capacity":"736 MW","capacity_num":736,"status":"Active"}},{"type":"Feature","geometry":{"type":"Point","coordinates":[-81.5307124,41.0728294]},"properties":{"type":"non-renewable","subtype":"coal","name":"Akron Energy Systems","operator":"Multiple/Unknown","capacity":"100 MW","capacity_num":100,"status":"Active"}},{"type":"Feature","geometry":{"type":"Point","coordinates":[-81.5358461,39.9376817]},"properties":{"type":"non-renewable","subtype":"gas","name":"Guernsey Power Plant","operator":"Guernsey Power Station LLC","capacity":"1875 MW","capacity_num":1875,"status":"Active"}},{"type":"Feature","geometry":{"type":"Point","coordinates":[-93.8697879,29.7484138]},"properties":{"type":"non-renewable","subtype":"gas","name":"Cheniere LNG Generation","operator":"Cheniere Energy Partners, L.P.","capacity":"204 MW","capacity_num":204,"status":"Active"}},{"type":"Feature","geometry":{"type":"Point","coordinates":[-115.2880175,32.5640269]},"properties":{"type":"non-renewable","subtype":"gas","name":"La Central de Combustión Interna Mexicali Oriente","operator":"Comisión Federal de Electricidad (CFE)","capacity":"442 MW","capacity_num":441.6,"status":"Active"}},{"type":"Feature","geometry":{"type":"Point","coordinates":[-94.0014763,35.9710005]},"properties":{"type":"non-renewable","subtype":"gas","name":"Elkins Generating Center","operator":"Arkansas Electric Cooperative Corporation","capacity":"66 MW","capacity_num":66,"status":"Active"}},{"type":"Feature","geometry":{"type":"Point","coordinates":[-97.7825649,25.7993114]},"properties":{"type":"non-renewable","subtype":"gas","name":"Central Termoeléctrica Rio Bravo III","operator":"Multiple/Unknown","capacity":"512 MW","capacity_num":512,"status":"Active"}},{"type":"Feature","geometry":{"type":"Point","coordinates":[-97.7821373,25.8008203]},"properties":{"type":"non-renewable","subtype":"gas","name":"Central Termoeléctrica Rio Bravo II","operator":"Multiple/Unknown","capacity":"511 MW","capacity_num":511,"status":"Active"}},{"type":"Feature","geometry":{"type":"Point","coordinates":[-100.8863608,25.5955054]},"properties":{"type":"non-renewable","subtype":"gas","name":"Cogeneración Ramos","operator":"Iberdrola","capacity":"52 MW","capacity_num":52,"status":"Active"}},{"type":"Feature","geometry":{"type":"Point","coordinates":[-100.9300205,25.5991846]},"properties":{"type":"non-renewable","subtype":"gas","name":"GAS Power Plant","operator":"Multiple/Unknown","capacity":"100 MW","capacity_num":100,"status":"Active"}},{"type":"Feature","geometry":{"type":"Point","coordinates":[-100.9095191,25.595982]},"properties":{"type":"non-renewable","subtype":"gas","name":"Central de ciclo combinado Saltillo","operator":"Multiple/Unknown","capacity":"248 MW","capacity_num":247.5,"status":"Active"}},{"type":"Feature","geometry":{"type":"Point","coordinates":[-75.6013627,43.0803345]},"properties":{"type":"non-renewable","subtype":"gas","name":"Sterling Power Plant","operator":"Sterling Power Partners LP","capacity":"65 MW","capacity_num":65.3,"status":"Active"}},{"type":"Feature","geometry":{"type":"Point","coordinates":[-84.7920661,35.6011288]},"properties":{"type":"nuclear","subtype":"nuclear","name":"Watts Bar Nuclear Power Plant","operator":"Tennessee Valley Authority","capacity":"2540 MW","capacity_num":2539.8,"status":"Active"}},{"type":"Feature","geometry":{"type":"Point","coordinates":[-113.5934024,50.8447643]},"properties":{"type":"non-renewable","subtype":"gas","name":"Carseland Captive Power Station","operator":"Nutrien","capacity":"95 MW","capacity_num":95,"status":"Active"}},{"type":"Feature","geometry":{"type":"Point","coordinates":[-110.8818737,55.5839644]},"properties":{"type":"non-renewable","subtype":"gas","name":"Christina Lake Cenovus Power Station","operator":"Multiple/Unknown","capacity":"100 MW","capacity_num":100,"status":"Active"}},{"type":"Feature","geometry":{"type":"Point","coordinates":[-85.0913962,35.2251512]},"properties":{"type":"nuclear","subtype":"nuclear","name":"Sequoyah Nuclear Generating Station","operator":"Tennessee Valley Authority","capacity":"2441 MW","capacity_num":2441,"status":"Active"}},{"type":"Feature","geometry":{"type":"Point","coordinates":[-98.226792,35.0831969]},"properties":{"type":"non-renewable","subtype":"gas","name":"WFEC GenCo LLC Power Plant","operator":"Western Farmers Electric Coop, Inc","capacity":"90 MW","capacity_num":90,"status":"Active"}},{"type":"Feature","geometry":{"type":"Point","coordinates":[-135.219508,57.780658]},"properties":{"type":"non-renewable","subtype":"oil","name":"Tenakee Springs Power Plant","operator":"City of Tenakee Springs","capacity":"544 MW","capacity_num":544,"status":"Active"}},{"type":"Feature","geometry":{"type":"Point","coordinates":[-110.5364618,55.0674982]},"properties":{"type":"non-renewable","subtype":"gas","name":"Foster Creek Power Plant","operator":"Multiple/Unknown","capacity":"100 MW","capacity_num":100,"status":"Active"}},{"type":"Feature","geometry":{"type":"Point","coordinates":[-66.0108845,45.2786093]},"properties":{"type":"non-renewable","subtype":"gas","name":"GAS Power Plant","operator":"Multiple/Unknown","capacity":"88 MW","capacity_num":88,"status":"Active"}},{"type":"Feature","geometry":{"type":"Point","coordinates":[-108.4333576,52.224239]},"properties":{"type":"non-renewable","subtype":"gas","name":"GAS Power Plant","operator":"Multiple/Unknown","capacity":"100 MW","capacity_num":100,"status":"Active"}},{"type":"Feature","geometry":{"type":"Point","coordinates":[-76.6965864,37.1649666]},"properties":{"type":"nuclear","subtype":"nuclear","name":"Surry Nuclear Power Plant","operator":"Virginia Electric and Power Company","capacity":"1695 MW","capacity_num":1695,"status":"Active"}},{"type":"Feature","geometry":{"type":"Point","coordinates":[-77.2800671,38.5387017]},"properties":{"type":"non-renewable","subtype":"oil","name":"Possum Point Peaking Power","operator":"Virginia Electric and Power Company","capacity":"96 MW","capacity_num":96,"status":"Active"}},{"type":"Feature","geometry":{"type":"Point","coordinates":[-84.3702901,46.5178595]},"properties":{"type":"non-renewable","subtype":"gas","name":"Algoma Salut Ste. Marie","operator":"Multiple/Unknown","capacity":"105 MW","capacity_num":105,"status":"Active"}},{"type":"Feature","geometry":{"type":"Point","coordinates":[-105.3813468,44.2919412]},"properties":{"type":"non-renewable","subtype":"coal","name":"Wygen II","operator":"Black Hills Power, Inc.","capacity":"95 MW","capacity_num":95,"status":"Active"}},{"type":"Feature","geometry":{"type":"Point","coordinates":[-105.38023,44.2920424]},"properties":{"type":"non-renewable","subtype":"coal","name":"Wygen III","operator":"Black Hills Power, Inc.","capacity":"116 MW","capacity_num":116,"status":"Active"}},{"type":"Feature","geometry":{"type":"Point","coordinates":[-117.9765652,33.6448918]},"properties":{"type":"non-renewable","subtype":"gas","name":"AES Huntington Beach Energy Project","operator":"AES Huntington Beach Energy, LLC","capacity":"699 MW","capacity_num":699.2,"status":"Active"}},{"type":"Feature","geometry":{"type":"Point","coordinates":[-105.2010882,40.0202006]},"properties":{"type":"non-renewable","subtype":"gas","name":"Valmont Combustion Turbine Project","operator":"Public Service Co of Colorado","capacity":"142 MW","capacity_num":142.2,"status":"Active"}},{"type":"Feature","geometry":{"type":"Point","coordinates":[-72.86547,40.9598999]},"properties":{"type":"non-renewable","subtype":"oil","name":"Shoreham","operator":"National Grid Generation LLC","capacity":"72 MW","capacity_num":71.5,"status":"Active"}},{"type":"Feature","geometry":{"type":"Point","coordinates":[-121.3875853,38.0879353]},"properties":{"type":"non-renewable","subtype":"gas","name":"Combustion Turbine Project No 2","operator":"Northern California Power Agny","capacity":"50 MW","capacity_num":50,"status":"Active"}},{"type":"Feature","geometry":{"type":"Point","coordinates":[-110.9319558,31.3635442]},"properties":{"type":"non-renewable","subtype":"gas","name":"Valencia Power Plant","operator":"UniSource Energy Services","capacity":"108 MW","capacity_num":108,"status":"Active"}},{"type":"Feature","geometry":{"type":"Point","coordinates":[-83.1096796,42.2807536]},"properties":{"type":"non-renewable","subtype":"coal","name":"EES Coke Plant","operator":"DTE Energy","capacity":"520 MW","capacity_num":520,"status":"Active"}},{"type":"Feature","geometry":{"type":"Point","coordinates":[-88.7782273,37.1484737]},"properties":{"type":"non-renewable","subtype":"coal","name":"Shawnee Fossil Plant","operator":"Tennessee Valley Authority","capacity":"1575 MW","capacity_num":1575,"status":"Active"}},{"type":"Feature","geometry":{"type":"Point","coordinates":[-78.4521072,38.0181839]},"properties":{"type":"non-renewable","subtype":"coal","name":"Charlottesville and Albemarle Railroad Power Plant","operator":"Multiple/Unknown","capacity":"100 MW","capacity_num":100,"status":"Active"}},{"type":"Feature","geometry":{"type":"Point","coordinates":[-106.8502113,52.0926081]},"properties":{"type":"non-renewable","subtype":"gas","name":"GAS Power Plant","operator":"Multiple/Unknown","capacity":"655 MW","capacity_num":655,"status":"Active"}},{"type":"Feature","geometry":{"type":"Point","coordinates":[-80.1958528,26.0739825]},"properties":{"type":"non-renewable","subtype":"gas","name":"Lauderdale Power Plant","operator":"Florida Power & Light","capacity":"1216 MW","capacity_num":1215.9,"status":"Active"}},{"type":"Feature","geometry":{"type":"Point","coordinates":[-118.1926501,34.1533712]},"properties":{"type":"non-renewable","subtype":"gas","name":"Scholl Biogas Renewable Generation Project","operator":"City of Glendale Water & Power","capacity":"100 MW","capacity_num":100,"status":"Active"}},{"type":"Feature","geometry":{"type":"Point","coordinates":[-117.9786761,33.6444127]},"properties":{"type":"non-renewable","subtype":"gas","name":"AES Huntington Beach LLC","operator":"AES Huntington Beach LLC","capacity":"218 MW","capacity_num":218,"status":"Active"}},{"type":"Feature","geometry":{"type":"Point","coordinates":[-87.8453299,34.7388019]},"properties":{"type":"non-renewable","subtype":"gas","name":"Colbert Power Plant","operator":"Tennessee Valley Authority","capacity":"1170 MW","capacity_num":1169.6,"status":"Active"}},{"type":"Feature","geometry":{"type":"Point","coordinates":[-103.1680109,37.5907038]},"properties":{"type":"non-renewable","subtype":"gas","name":"GAS Power Plant","operator":"Multiple/Unknown","capacity":"346 MW","capacity_num":346,"status":"Active"}},{"type":"Feature","geometry":{"type":"Point","coordinates":[-102.7486474,38.8769823]},"properties":{"type":"non-renewable","subtype":"gas","name":"GAS Power Plant","operator":"Multiple/Unknown","capacity":"540 MW","capacity_num":540,"status":"Active"}},{"type":"Feature","geometry":{"type":"Point","coordinates":[-98.7594447,21.3130287]},"properties":{"type":"non-renewable","subtype":"gas","name":"Central de ciclo combinado Tamazunchale 2","operator":"Multiple/Unknown","capacity":"532 MW","capacity_num":532,"status":"Active"}},{"type":"Feature","geometry":{"type":"Point","coordinates":[-61.3483538,45.5865551]},"properties":{"type":"non-renewable","subtype":"coal","name":"Point Tupper Generating Station","operator":"Nova Scotia Power","capacity":"150 MW","capacity_num":150,"status":"Active"}},{"type":"Feature","geometry":{"type":"Point","coordinates":[-102.8923537,23.1772204]},"properties":{"type":"non-renewable","subtype":"gas","name":"Gas Camapanita","operator":"Multiple/Unknown","capacity":"100 MW","capacity_num":100,"status":"Active"}},{"type":"Feature","geometry":{"type":"Point","coordinates":[-80.7691952,41.9086236]},"properties":{"type":"non-renewable","subtype":"coal","name":"Deactivated","operator":"First Energy","capacity":"100 MW","capacity_num":100,"status":"Active"}},{"type":"Feature","geometry":{"type":"Point","coordinates":[-95.4351391,29.3641616]},"properties":{"type":"non-renewable","subtype":"gas","name":"Brotman Power Station","operator":"ProEnergy Services","capacity":"484 MW","capacity_num":484,"status":"Active"}},{"type":"Feature","geometry":{"type":"Point","coordinates":[-89.6541057,44.8561283]},"properties":{"type":"non-renewable","subtype":"gas","name":"Weston RICE Power Station","operator":"Wisconsin Public Service Corp","capacity":"132 MW","capacity_num":131.6,"status":"Active"}},{"type":"Feature","geometry":{"type":"Point","coordinates":[-110.8557053,57.2417784]},"properties":{"type":"non-renewable","subtype":"gas","name":"Firebag Oil Sands power station","operator":"Multiple/Unknown","capacity":"425 MW","capacity_num":425,"status":"Active"}},{"type":"Feature","geometry":{"type":"Point","coordinates":[-114.7147092,32.418102]},"properties":{"type":"non-renewable","subtype":"oil","name":"CFE Subestación Eléctrica Central de Combustión Interna","operator":"Comisión Federal de Electricidad","capacity":"100 MW","capacity_num":100,"status":"Active"}},{"type":"Feature","geometry":{"type":"Point","coordinates":[-95.0153628,29.8478069]},"properties":{"type":"non-renewable","subtype":"gas","name":"Remy Jade Power Station","operator":"ProEnergy Services","capacity":"484 MW","capacity_num":484,"status":"Active"}},{"type":"Feature","geometry":{"type":"Point","coordinates":[-109.5919219,31.2651045]},"properties":{"type":"non-renewable","subtype":"gas","name":"GAS Power Plant","operator":"Multiple/Unknown","capacity":"100 MW","capacity_num":100,"status":"Active"}},{"type":"Feature","geometry":{"type":"Point","coordinates":[-162.2938408,55.0480141]},"properties":{"type":"non-renewable","subtype":"gas","name":"King Cove Power Plant","operator":"Multiple/Unknown","capacity":"100 MW","capacity_num":100,"status":"Active"}},{"type":"Feature","geometry":{"type":"Point","coordinates":[-81.9262283,28.0805896]},"properties":{"type":"non-renewable","subtype":"gas","name":"GAS Power Plant","operator":"Multiple/Unknown","capacity":"100 MW","capacity_num":100,"status":"Active"}},{"type":"Feature","geometry":{"type":"Point","coordinates":[-95.4938822,29.628418]},"properties":{"type":"non-renewable","subtype":"gas","name":"Lantana Point Reserve Peakshaving Unit","operator":"Multiple/Unknown","capacity":"100 MW","capacity_num":100,"status":"Active"}},{"type":"Feature","geometry":{"type":"Point","coordinates":[-115.6994332,54.2836276]},"properties":{"type":"non-renewable","subtype":"gas","name":"Carson Creek Power Generation","operator":"Multiple/Unknown","capacity":"100 MW","capacity_num":100,"status":"Active"}},{"type":"Feature","geometry":{"type":"Point","coordinates":[-101.1725423,20.5676714]},"properties":{"type":"non-renewable","subtype":"gas","name":"Central de ciclo combinado Salamanca","operator":"Comisión Federal de Electricidad","capacity":"927 MW","capacity_num":927,"status":"Active"}},{"type":"Feature","geometry":{"type":"Point","coordinates":[-103.5739569,25.4950124]},"properties":{"type":"non-renewable","subtype":"gas","name":"Central de Ciclo Combinado Lerdo","operator":"Comisión Federal de Electricidad","capacity":"670 MW","capacity_num":670,"status":"Active"}},{"type":"Feature","geometry":{"type":"Point","coordinates":[-106.7054727,52.0946694]},"properties":{"type":"non-renewable","subtype":"gas","name":"Queen Elizabeth Power Plant","operator":"Saskpower","capacity":"710 MW","capacity_num":710,"status":"Active"}},{"type":"Feature","geometry":{"type":"Point","coordinates":[-97.2868567,41.4157206]},"properties":{"type":"non-renewable","subtype":"coal","name":"Columbus ADM power station","operator":"Archer Daniels Midland Co","capacity":"71 MW","capacity_num":71.4,"status":"Active"}},{"type":"Feature","geometry":{"type":"Point","coordinates":[-111.4712276,33.1531584]},"properties":{"type":"non-renewable","subtype":"gas","name":"Copper Crossing Energy and Research Cent","operator":"Salt River Project","capacity":"100 MW","capacity_num":99.8,"status":"Active"}},{"type":"Feature","geometry":{"type":"Point","coordinates":[-86.8430653,40.3762312]},"properties":{"type":"non-renewable","subtype":"gas","name":"Primient","operator":"Primary Products Ingredients Americas, LLC d/b/a Primient","capacity":"62 MW","capacity_num":61.8,"status":"Active"}},{"type":"Feature","geometry":{"type":"Point","coordinates":[-111.4856016,57.0022278]},"properties":{"type":"non-renewable","subtype":"gas","name":"Suncor Oil Coke Boiler Replacement (CBR) Project","operator":"Multiple/Unknown","capacity":"100 MW","capacity_num":100,"status":"Active"}},{"type":"Feature","geometry":{"type":"Point","coordinates":[-100.9339845,21.8354665]},"properties":{"type":"non-renewable","subtype":"gas","name":"GAS Power Plant","operator":"Multiple/Unknown","capacity":"437 MW","capacity_num":437.2,"status":"Active"}},{"type":"Feature","geometry":{"type":"Point","coordinates":[-116.5968075,53.5243941]},"properties":{"type":"non-renewable","subtype":"gas","name":"Cascade Power Project","operator":"Multiple/Unknown","capacity":"900 MW","capacity_num":900,"status":"Active"}},{"type":"Feature","geometry":{"type":"Point","coordinates":[-89.0269604,35.2743983]},"properties":{"type":"non-renewable","subtype":"coal","name":"COAL Power Plant","operator":"Multiple/Unknown","capacity":"100 MW","capacity_num":100,"status":"Active"}},{"type":"Feature","geometry":{"type":"Point","coordinates":[-123.2891039,44.5651632]},"properties":{"type":"nuclear","subtype":"nuclear","name":"Oregon State University Radiation Center","operator":"Multiple/Unknown","capacity":"2345 MW","capacity_num":2345,"status":"Active"}},{"type":"Feature","geometry":{"type":"Point","coordinates":[-115.1814083,36.1218701]},"properties":{"type":"non-renewable","subtype":"gas","name":"GAS Power Plant","operator":"Multiple/Unknown","capacity":"100 MW","capacity_num":100,"status":"Active"}},{"type":"Feature","geometry":{"type":"Point","coordinates":[-81.1666489,28.4880774]},"properties":{"type":"non-renewable","subtype":"gas","name":"Curtis H Stanton Energy Center","operator":"Stanton Clean Energy LLC","capacity":"688 MW","capacity_num":688.3,"status":"Active"}},{"type":"Feature","geometry":{"type":"Point","coordinates":[-95.112118,29.8805874]},"properties":{"type":"non-renewable","subtype":"gas","name":"SJRR Power","operator":"SJRR","capacity":"100 MW","capacity_num":100,"status":"Active"}},{"type":"Feature","geometry":{"type":"Point","coordinates":[-89.1013769,42.2385539]},"properties":{"type":"non-renewable","subtype":"gas","name":"NRG Rockford II Energy Center","operator":"Rockford Generation LLC","capacity":"168 MW","capacity_num":168,"status":"Active"}},{"type":"Feature","geometry":{"type":"Point","coordinates":[-96.0949299,41.3161452]},"properties":{"type":"non-renewable","subtype":"gas","name":"Standing Bear Lake Station","operator":"Omaha Public Power District","capacity":"163 MW","capacity_num":162.9,"status":"Active"}},{"type":"Feature","geometry":{"type":"Point","coordinates":[-104.549046,40.147396]},"properties":{"type":"non-renewable","subtype":"gas","name":"Mountain Peak Power Station","operator":"Mountain Peak Power, LLC","capacity":"163 MW","capacity_num":162.6,"status":"Active"}},{"type":"Feature","geometry":{"type":"Point","coordinates":[-97.8065801,29.8749806]},"properties":{"type":"non-renewable","subtype":"gas","name":"Timmerman Power Plant","operator":"Lower Colorado River Authority","capacity":"180 MW","capacity_num":180,"status":"Active"}},{"type":"Feature","geometry":{"type":"Point","coordinates":[-70.9280108,42.5433612]},"properties":{"type":"non-renewable","subtype":"gas","name":"MMWEC Simple Cycle Gas Turbine","operator":"Massachusetts Municipal Wholesale Electric Company","capacity":"65 MW","capacity_num":65,"status":"Active"}},{"type":"Feature","geometry":{"type":"Point","coordinates":[-79.9302088,33.0148404]},"properties":{"type":"non-renewable","subtype":"gas","name":"Bushy Park Combustion Turbine Facility","operator":"Dominion Energy South Carolina, Inc","capacity":"65 MW","capacity_num":65.4,"status":"Active"}},{"type":"Feature","geometry":{"type":"Point","coordinates":[-91.1627266,30.2538631]},"properties":{"type":"non-renewable","subtype":"gas","name":"Magnolia Power","operator":"Magnolia Power Holdings LLC","capacity":"723 MW","capacity_num":722.9,"status":"Active"}},{"type":"Feature","geometry":{"type":"Point","coordinates":[-76.9727388,38.3596129]},"properties":{"type":"non-renewable","subtype":"oil","name":"Morgantown Generating Station","operator":"Lanyard Power Holdings, LLC","capacity":"130 MW","capacity_num":130,"status":"Active"}},{"type":"Feature","geometry":{"type":"Point","coordinates":[-77.28145,38.5382696]},"properties":{"type":"non-renewable","subtype":"gas","name":"Possum Point Power Station","operator":"Virginia Electric and Power Company","capacity":"609 MW","capacity_num":609,"status":"Active"}},{"type":"Feature","geometry":{"type":"Point","coordinates":[-76.441326,38.4275332]},"properties":{"type":"nuclear","subtype":"nuclear","name":"Calvert Cliffs Nuclear Power Plant","operator":"Exelon","capacity":"1850 MW","capacity_num":1850.4,"status":"Active"}},{"type":"Feature","geometry":{"type":"Point","coordinates":[-75.8219909,38.487168]},"properties":{"type":"non-renewable","subtype":"oil","name":"Vienna Generating Station","operator":"NRG Energy","capacity":"181 MW","capacity_num":180.6,"status":"Active"}},{"type":"Feature","geometry":{"type":"Point","coordinates":[-74.7409402,40.1460649]},"properties":{"type":"non-renewable","subtype":"gas","name":"Dominion Fairless Energy","operator":"Edgewater Generation, LLC","capacity":"1338 MW","capacity_num":1338,"status":"Active"}},{"type":"Feature","geometry":{"type":"Point","coordinates":[-116.1719905,33.6754087]},"properties":{"type":"non-renewable","subtype":"gas","name":"Coachella Gas Turbine Generation Station","operator":"Imperial Irrigation District","capacity":"93 MW","capacity_num":92.6,"status":"Active"}},{"type":"Feature","geometry":{"type":"Point","coordinates":[-97.3246848,27.6133131]},"properties":{"type":"non-renewable","subtype":"gas","name":"Barney Davis Power Plant","operator":"Talen Energy","capacity":"1082 MW","capacity_num":1082.2,"status":"Active"}},{"type":"Feature","geometry":{"type":"Point","coordinates":[-95.2207792,29.8206246]},"properties":{"type":"non-renewable","subtype":"gas","name":"Greens Bayou Electric Generating Station","operator":"NRG Texas","capacity":"432 MW","capacity_num":432,"status":"Active"}},{"type":"Feature","geometry":{"type":"Point","coordinates":[-82.4177447,27.9072136]},"properties":{"type":"non-renewable","subtype":"gas","name":"H.L. Culbreath Bayside Power Station","operator":"Tampa Electric","capacity":"2294 MW","capacity_num":2294,"status":"Active"}},{"type":"Feature","geometry":{"type":"Point","coordinates":[-89.3952638,35.6541517]},"properties":{"type":"non-renewable","subtype":"gas","name":"Lagoon Creek Plant","operator":"Tennessee Valley Authority","capacity":"1466 MW","capacity_num":1466,"status":"Active"}},{"type":"Feature","geometry":{"type":"Point","coordinates":[-95.9569743,35.9992638]},"properties":{"type":"non-renewable","subtype":"gas","name":"Riverside Power Station","operator":"Public Service Company of Oklahoma","capacity":"1122 MW","capacity_num":1121.7,"status":"Active"}},{"type":"Feature","geometry":{"type":"Point","coordinates":[-88.1191907,41.4395514]},"properties":{"type":"non-renewable","subtype":"gas","name":"Elwood Energy","operator":"JPower","capacity":"1728 MW","capacity_num":1728,"status":"Active"}},{"type":"Feature","geometry":{"type":"Point","coordinates":[-97.7931419,32.2980073]},"properties":{"type":"nuclear","subtype":"nuclear","name":"Comanche Peak Nuclear Power Plant","operator":"Luminant","capacity":"2400 MW","capacity_num":2400,"status":"Active"}},{"type":"Feature","geometry":{"type":"Point","coordinates":[-100.9143604,32.3338041]},"properties":{"type":"non-renewable","subtype":"gas","name":"Morgan Creek Power Plant","operator":"Luminant","capacity":"536 MW","capacity_num":536.4,"status":"Active"}},{"type":"Feature","geometry":{"type":"Point","coordinates":[-97.4195057,27.8202789]},"properties":{"type":"non-renewable","subtype":"gas","name":"Nueces Bay Power Plant","operator":"Talen Energy","capacity":"730 MW","capacity_num":730.2,"status":"Active"}},{"type":"Feature","geometry":{"type":"Point","coordinates":[-77.3766758,37.3774935]},"properties":{"type":"non-renewable","subtype":"gas","name":"Chesterfield Power Station","operator":"Virginia Electric & Power Company","capacity":"447 MW","capacity_num":446.9,"status":"Active"}},{"type":"Feature","geometry":{"type":"Point","coordinates":[-72.598724,41.5553599]},"properties":{"type":"non-renewable","subtype":"gas","name":"Kleen Energy","operator":"NRG Energy of Connecticut","capacity":"693 MW","capacity_num":693,"status":"Active"}},{"type":"Feature","geometry":{"type":"Point","coordinates":[-119.1321364,39.124488]},"properties":{"type":"non-renewable","subtype":"gas","name":"Fort Churchill Generating Station","operator":"Sierra Pacific Power Co","capacity":"230 MW","capacity_num":230,"status":"Active"}},{"type":"Feature","geometry":{"type":"Point","coordinates":[-82.6912474,28.9618063]},"properties":{"type":"non-renewable","subtype":"gas","name":"Crystal River Power Plant","operator":"Duke Energy","capacity":"3326 MW","capacity_num":3326,"status":"Active"}},{"type":"Feature","geometry":{"type":"Point","coordinates":[-77.4451531,37.8196542]},"properties":{"type":"non-renewable","subtype":"gas","name":"Doswell Energy Center","operator":"Doswell Ltd Partnership","capacity":"1313 MW","capacity_num":1313,"status":"Active"}},{"type":"Feature","geometry":{"type":"Point","coordinates":[-88.0141404,44.5438435]},"properties":{"type":"non-renewable","subtype":"gas","name":"J P Pulliam Power Plant","operator":"Wisconsin Pubic Service","capacity":"91 MW","capacity_num":91,"status":"Active"}},{"type":"Feature","geometry":{"type":"Point","coordinates":[-81.6252137,30.3645262]},"properties":{"type":"non-renewable","subtype":"gas","name":"Kennedy Generating Plant","operator":"Jacksonville Electric Authority","capacity":"370 MW","capacity_num":370,"status":"Active"}},{"type":"Feature","geometry":{"type":"Point","coordinates":[-96.4892432,32.7564235]},"properties":{"type":"non-renewable","subtype":"gas","name":"Forney Energy Center","operator":"LaFrontera Holdings LLC","capacity":"1824 MW","capacity_num":1824,"status":"Active"}},{"type":"Feature","geometry":{"type":"Point","coordinates":[-91.908931,44.297921]},"properties":{"type":"non-renewable","subtype":"coal","name":"John P Madgett Station","operator":"Dairyland Power Cooperative","capacity":"387 MW","capacity_num":387,"status":"Active"}},{"type":"Feature","geometry":{"type":"Point","coordinates":[-116.9136108,32.5733909]},"properties":{"type":"non-renewable","subtype":"gas","name":"Otay Mesa Energy Center","operator":"Calpine","capacity":"689 MW","capacity_num":688.5,"status":"Active"}},{"type":"Feature","geometry":{"type":"Point","coordinates":[-116.9717277,32.7971761]},"properties":{"type":"non-renewable","subtype":"gas","name":"El Cajon Energy Center","operator":"Wellhead Services, Inc","capacity":"61 MW","capacity_num":60.5,"status":"Active"}},{"type":"Feature","geometry":{"type":"Point","coordinates":[-117.1655006,32.8761185]},"properties":{"type":"non-renewable","subtype":"gas","name":"Miramar Energy Center","operator":"San Diego Gas & Electric Co","capacity":"106 MW","capacity_num":106,"status":"Active"}},{"type":"Feature","geometry":{"type":"Point","coordinates":[-90.5333676,41.5101442]},"properties":{"type":"non-renewable","subtype":"gas","name":"Moline Power Plant","operator":"MidAmerican Energy","capacity":"72 MW","capacity_num":72,"status":"Active"}},{"type":"Feature","geometry":{"type":"Point","coordinates":[-66.206507,45.1576209]},"properties":{"type":"non-renewable","subtype":"oil","name":"Coleson Cove Generating Station","operator":"NB Power","capacity":"978 MW","capacity_num":978,"status":"Active"}},{"type":"Feature","geometry":{"type":"Point","coordinates":[-93.2493811,44.8120382]},"properties":{"type":"non-renewable","subtype":"gas","name":"Black Dog Plant","operator":"Northern States Power Co - Minnesota","capacity":"563 MW","capacity_num":562.8,"status":"Active"}},{"type":"Feature","geometry":{"type":"Point","coordinates":[-79.072959,36.4835853]},"properties":{"type":"non-renewable","subtype":"coal","name":"Roxboro Steam Electric Plant","operator":"Duke Energy","capacity":"2558 MW","capacity_num":2558.2,"status":"Active"}},{"type":"Feature","geometry":{"type":"Point","coordinates":[-77.4534305,39.2113203]},"properties":{"type":"non-renewable","subtype":"gas","name":"Dickerson Generating Station","operator":"Lanyard Power Holdings, LLC","capacity":"326 MW","capacity_num":326,"status":"Active"}},{"type":"Feature","geometry":{"type":"Point","coordinates":[-97.1792197,35.5100105]},"properties":{"type":"non-renewable","subtype":"gas","name":"Horseshoe Lake Power Plant","operator":"Oklahoma Gas & Electric","capacity":"947 MW","capacity_num":947,"status":"Active"}},{"type":"Feature","geometry":{"type":"Point","coordinates":[-84.5134738,35.9034788]},"properties":{"type":"non-renewable","subtype":"coal","name":"Kingston Steam Plant","operator":"Tennessee Valley Authority","capacity":"1700 MW","capacity_num":1700,"status":"Active"}},{"type":"Feature","geometry":{"type":"Point","coordinates":[-81.5160584,30.1590962]},"properties":{"type":"non-renewable","subtype":"gas","name":"Greenland Energy Center","operator":"JEA","capacity":"380 MW","capacity_num":380,"status":"Active"}},{"type":"Feature","geometry":{"type":"Point","coordinates":[-98.226374,35.083713]},"properties":{"type":"non-renewable","subtype":"gas","name":"Anadarko Power Plant","operator":"Western Farmers Electric Coop, Inc","capacity":"535 MW","capacity_num":534.9,"status":"Active"}},{"type":"Feature","geometry":{"type":"Point","coordinates":[-90.1434492,35.0687229]},"properties":{"type":"non-renewable","subtype":"gas","name":"Allen Power Plant","operator":"Memphis Light, Gas and Water","capacity":"1792 MW","capacity_num":1791.7,"status":"Active"}},{"type":"Feature","geometry":{"type":"Point","coordinates":[-84.2055214,39.6018732]},"properties":{"type":"non-renewable","subtype":"gas","name":"Yankee Street Power Plant","operator":"Kimura Power LLC","capacity":"127 MW","capacity_num":126.6,"status":"Active"}},{"type":"Feature","geometry":{"type":"Point","coordinates":[-89.6532284,44.8547698]},"properties":{"type":"non-renewable","subtype":"coal","name":"Weston Power Plant","operator":"Wisconsin Public Service Corporation","capacity":"946 MW","capacity_num":945.5,"status":"Active"}},{"type":"Feature","geometry":{"type":"Point","coordinates":[-73.6471778,40.6170328]},"properties":{"type":"non-renewable","subtype":"gas","name":"Edward F. Barrett Generation Station","operator":"NationalGrid USA","capacity":"669 MW","capacity_num":669.2,"status":"Active"}},{"type":"Feature","geometry":{"type":"Point","coordinates":[-83.4427668,42.5496426]},"properties":{"type":"non-renewable","subtype":"gas","name":"Hancock Power Plant","operator":"DTE Electric Company","capacity":"122 MW","capacity_num":121.6,"status":"Active"}},{"type":"Feature","geometry":{"type":"Point","coordinates":[-87.502623,37.6462815]},"properties":{"type":"non-renewable","subtype":"gas","name":"Robert Reid Power Station","operator":"Big Rivers Electric Corp","capacity":"99 MW","capacity_num":98.8,"status":"Active"}},{"type":"Feature","geometry":{"type":"Point","coordinates":[-90.1765346,38.6642128]},"properties":{"type":"non-renewable","subtype":"gas","name":"Venice Gas Power Plant","operator":"Ameren Missouri","capacity":"586 MW","capacity_num":586,"status":"Active"}},{"type":"Feature","geometry":{"type":"Point","coordinates":[-76.6910636,37.1587135]},"properties":{"type":"non-renewable","subtype":"gas","name":"Gravel Neck Power Plant","operator":"Virginia Electric and Power Company","capacity":"408 MW","capacity_num":407.7,"status":"Active"}},{"type":"Feature","geometry":{"type":"Point","coordinates":[-106.6011155,35.1702249]},"properties":{"type":"non-renewable","subtype":"gas","name":"Reeves Generating Station","operator":"Public Service Company of New Mexico","capacity":"154 MW","capacity_num":154,"status":"Active"}},{"type":"Feature","geometry":{"type":"Point","coordinates":[-76.8250235,40.8364423]},"properties":{"type":"non-renewable","subtype":"oil","name":"Sunbury Generation","operator":"Sunbury Generation LP","capacity":"53 MW","capacity_num":52.7,"status":"Active"}},{"type":"Feature","geometry":{"type":"Point","coordinates":[-78.3643642,41.0672816]},"properties":{"type":"non-renewable","subtype":"gas","name":"Shawville Generating Station","operator":"Shawville Power, LLC","capacity":"632 MW","capacity_num":632,"status":"Active"}},{"type":"Feature","geometry":{"type":"Point","coordinates":[-77.7927198,38.0592824]},"properties":{"type":"nuclear","subtype":"nuclear","name":"North Anna Nuclear Generating Station","operator":"Virginia Electric & Power Co","capacity":"1892 MW","capacity_num":1892,"status":"Active"}},{"type":"Feature","geometry":{"type":"Point","coordinates":[-80.6284218,33.8213074]},"properties":{"type":"non-renewable","subtype":"coal","name":"Wateree Station","operator":"Dominion Energy South Carolina, Inc","capacity":"772 MW","capacity_num":771.8,"status":"Active"}},{"type":"Feature","geometry":{"type":"Point","coordinates":[-72.6258684,41.9232645]},"properties":{"type":"non-renewable","subtype":"gas","name":"Algonquin Windsor Locks Power Plant","operator":"Algonquin Windsor Locks LLC","capacity":"71 MW","capacity_num":71,"status":"Active"}},{"type":"Feature","geometry":{"type":"Point","coordinates":[-95.6426247,40.3610702]},"properties":{"type":"nuclear","subtype":"nuclear","name":"Cooper Nuclear Power Station","operator":"Nebraska Public Power District","capacity":"801 MW","capacity_num":801,"status":"Active"}},{"type":"Feature","geometry":{"type":"Point","coordinates":[-76.0828939,43.0610533]},"properties":{"type":"non-renewable","subtype":"gas","name":"Carr Street Generating Station","operator":"Multiple/Unknown","capacity":"123 MW","capacity_num":122.6,"status":"Active"}},{"type":"Feature","geometry":{"type":"Point","coordinates":[-122.2809298,37.7965637]},"properties":{"type":"non-renewable","subtype":"oil","name":"Oakland Energy Facility","operator":"Dynegy","capacity":"149 MW","capacity_num":149,"status":"Active"}},{"type":"Feature","geometry":{"type":"Point","coordinates":[-135.4459572,59.2358175]},"properties":{"type":"non-renewable","subtype":"oil","name":"Haines Power Station","operator":"Alaska Power and Telephone Company","capacity":"100 MW","capacity_num":100,"status":"Active"}},{"type":"Feature","geometry":{"type":"Point","coordinates":[-88.0574373,30.7483151]},"properties":{"type":"non-renewable","subtype":"gas","name":"Hog Bayou Energy Center","operator":"Mobile Energy LLC","capacity":"280 MW","capacity_num":280,"status":"Active"}},{"type":"Feature","geometry":{"type":"Point","coordinates":[-86.4736381,31.4006257]},"properties":{"type":"non-renewable","subtype":"gas","name":"McWilliams Power Plant","operator":"PowerSouth Energy Cooperative","capacity":"654 MW","capacity_num":654,"status":"Active"}},{"type":"Feature","geometry":{"type":"Point","coordinates":[-87.1156808,34.7085496]},"properties":{"type":"nuclear","subtype":"nuclear","name":"Browns Ferry Nuclear Power Plant","operator":"Tennessee Valley Authority","capacity":"3568 MW","capacity_num":3567.5,"status":"Active"}},{"type":"Feature","geometry":{"type":"Point","coordinates":[-79.9285128,33.0168142]},"properties":{"type":"non-renewable","subtype":"coal","name":"Williams Station","operator":"South Carolina Generating Company","capacity":"660 MW","capacity_num":659.7,"status":"Active"}},{"type":"Feature","geometry":{"type":"Point","coordinates":[-119.7397953,36.6896076]},"properties":{"type":"non-renewable","subtype":"gas","name":"Malaga Power","operator":"CalPeak Power, LLC","capacity":"121 MW","capacity_num":121,"status":"Active"}},{"type":"Feature","geometry":{"type":"Point","coordinates":[-80.0412861,48.1341549]},"properties":{"type":"non-renewable","subtype":"gas","name":"Kirkland Lake baseload plant","operator":"Multiple/Unknown","capacity":"100 MW","capacity_num":100,"status":"Active"}},{"type":"Feature","geometry":{"type":"Point","coordinates":[-107.5907836,40.463432]},"properties":{"type":"non-renewable","subtype":"coal","name":"Craig Power Station","operator":"Tri-State G & T Assn, Inc","capacity":"1285 MW","capacity_num":1285,"status":"Active"}}]}